ACG_0,ACG_1,ACG_2,ACG_3,ACG_4,ACG_5,ACG_6,ACG_7,ACG_8,ACG_9,ACG_10,ACG_11,ACG_12,ACG_13,ACG_14,ACG_15,ACG_16,ACG_17,ACG_18,ACG_19,ACG_20,ACG_21,ACG_22,ACG_23,ACG_24,ACG_25,ACG_26,ACG_27,ACG_28,ACG_29,ACG_30,ACG_31,ACG_32,ACG_33,ACG_34,ACG_35,ACG_36,ACG_37,ACG_38,ACG_39,ACG_40,ACG_41,ACG_42,ACG_43,ACG_44,ACG_45,ACG_46,ACG_47,ACG_48,ACG_49,ACG_50,ACG_51,ACG_52,ACG_53,ACG_54,ACG_55,ACG_56,ACG_57,ACG_58,ACG_59,ACG_60,ACG_61,ACG_62,ACG_63,ACG_64,ACG_65,ACG_66,ACG_67,ACG_68,ACG_69,ACG_70,ACG_71,ACG_72,ACG_73,ACG_74,ACG_75,ACG_76,ACG_77,ACG_78,ACG_79,ACG_80,ACG_81,ACG_82,ACG_83,ACG_84,ACG_85,ACG_86,ACG_87,ACG_88,ACG_89,ACG_90,ACG_91,ACG_92,ACG_93,ACG_94,ACG_95,ACG_96,ACG_97,ACG_98,ACG_99,ACG_100,ACG_101,ACG_102,ACG_103,ACG_104,ACG_105,ACG_106,ACG_107,ACG_108,ACG_109,ACG_110,ACG_111,ACG_112,ACG_113,ACG_114,ACG_115,ACG_116,ACG_117,ACG_118,ACG_119,ACG_120,ACG_121,ACG_122,ACG_123,ACG_124,ACG_125,ACG_126,ACG_127,ACG_128,ACG_129,ACG_130,ACG_131,ACG_132,ACG_133,ACG_134,ACG_135,ACG_136,ACG_137,ACG_138,ACG_139,ACG_140,ACG_141,ACG_142,ACG_143,ACG_144,ACG_145,ACG_146,ACG_147,ACG_148,ACG_149,ACG_150,ACG_151,ACG_152,ACG_153,ACG_154,ACG_155,ACG_156,ACG_157,ACG_158,ACG_159,ACG_160,Sample,Unit
0.25,0.0,0.0,0.0,0.0,0.0,0.0,0.0,0.0,0.0,0.0,0.0,0.0,0.0,0.25,0.25,0.25,0.25,0.0,0.5,0.0,0.0,0.25,0.0,0.0,0.25,0.0,0.0,0.5,0.0,0.0,0.0,0.25,0.25,0.25,0.5,0.0,0.0,0.0,0.0,0.0,0.0,0.25,0.0,0.0,0.0,0.25,0.0,0.5,0.0,0.0,0.5,0.25,0.25,0.0,0.25,0.0,0.0,0.25,0.0,0.25,0.5,0.0,0.0,0.0,0.25,0.25,0.25,0.0,0.0,1.0,1.0,0.5,0.0,0.5,0.75,0.25,0.25,0.25,0.0,0.0,0.0,0.25,0.25,0.25,0.75,0.5,0.0,0.5,1.0,1.0,0.0,0.0,0.25,0.25,0.25,0.0,0.0,0.0,0.5,0.25,0.0,0.25,0.0,0.0,0.25,0.0,0.25,0.25,0.5,0.0,0.0,0.5,0.0,0.25,0.0,0.0,0.0,0.25,0.0,0.0,0.0,0.0,0.0,0.0,0.5,0.25,0.25,0.25,0.0,0.0,0.0,0.5,0.0,0.0,0.25,0.0,0.0,0.25,0.0,0.0,0.5,0.0,0.25,0.25,0.25,0.25,0.0,0.0,0.0,0.0,0.0,0.0,0.0,0.0,0.0,0.0,0.0,0.0,0.0,0.25,19-01-24_YC013_probe1,1324
0.0,0.0,0.0,0.0,0.0,0.0,0.0,0.0,0.0,0.0,0.0,0.0,0.0,0.0,0.0,0.0,0.0,0.0,0.0,0.0,0.0,0.0,0.0,0.0,0.0,0.0,0.0,0.0,0.0,0.0,0.0,0.0,0.0,0.0,0.0,0.0,0.0,1.0,0.0,0.0,1.0,0.0,0.0,0.0,0.0,0.0,0.0,0.0,0.0,0.0,0.0,0.0,0.0,0.0,0.0,0.0,0.0,0.0,0.0,0.0,1.0,0.0,0.0,0.0,0.0,0.0,0.0,0.0,0.0,1.0,0.0,1.0,0.0,0.0,1.0,0.0,0.0,0.0,0.0,0.0,0.0,0.0,0.0,0.0,0.0,0.0,1.0,0.0,0.0,1.0,0.0,1.0,0.0,0.0,0.0,0.0,0.0,0.0,0.0,0.0,1.0,0.0,0.0,0.0,0.0,0.0,0.0,0.0,0.0,0.0,0.0,0.0,0.0,0.0,0.0,0.0,0.0,0.0,0.0,0.0,1.0,0.0,0.0,1.0,0.0,0.0,0.0,0.0,0.0,0.0,0.0,0.0,0.0,0.0,0.0,0.0,0.0,0.0,0.0,0.0,0.0,0.0,0.0,0.0,0.0,0.0,0.0,0.0,0.0,0.0,0.0,0.0,0.0,0.0,0.0,0.0,0.0,0.0,0.0,0.0,0.0,19-01-24_YC013_probe1,14
0.49428868120456904,0.4922118380062305,0.5192107995846313,0.5514018691588786,0.5752855659397715,0.48494288681204567,0.5254413291796469,0.5981308411214954,0.6116303219106958,0.6552440290758047,0.6064382139148493,0.6988577362409137,0.7258566978193146,0.6853582554517135,0.6853582554517135,0.6967808930425753,0.7445482866043613,0.8172377985462098,0.7622014537902388,0.8629283489096573,0.7975077881619937,0.8535825545171339,0.8670820353063343,0.8888888888888888,0.9117341640706126,0.9761163032191069,0.9179646936656282,1.0,0.9273104880581515,0.9200415368639667,0.8795430944963655,0.8130841121495327,0.8608515057113187,0.8369678089304258,0.794392523364486,0.7549325025960539,0.7206645898234683,0.6843198338525441,0.6490134994807891,0.6085150571131879,0.5659397715472482,0.4818276220145379,0.4226375908618899,0.3707165109034268,0.3343717549325026,0.30114226375908615,0.2637590861889927,0.21287642782969884,0.13707165109034267,0.1308411214953271,0.1111111111111111,0.08515057113187954,0.05711318795430945,0.0529595015576324,0.04257528556593977,0.015576323987538939,0.013499480789200416,0.010384215991692628,0.008307372793354102,0.0010384215991692627,0.0010384215991692627,0.0010384215991692627,0.0010384215991692627,0.0010384215991692627,0.0010384215991692627,0.0,0.0,0.0,0.0010384215991692627,0.0020768431983385254,0.0010384215991692627,0.0,0.0010384215991692627,0.0,0.0020768431983385254,0.0010384215991692627,0.0010384215991692627,0.0,0.0,0.0020768431983385254,0.0,0.0020768431983385254,0.0,0.0,0.0010384215991692627,0.0010384215991692627,0.0020768431983385254,0.0,0.0010384215991692627,0.0,0.0010384215991692627,0.0020768431983385254,0.0010384215991692627,0.0,0.0,0.0,0.0010384215991692627,0.0010384215991692627,0.0010384215991692627,0.0010384215991692627,0.0010384215991692627,0.0010384215991692627,0.008307372793354102,0.010384215991692628,0.013499480789200416,0.015576323987538939,0.04257528556593977,0.0529595015576324,0.05711318795430945,0.08515057113187954,0.1111111111111111,0.1308411214953271,0.13707165109034267,0.21287642782969884,0.2637590861889927,0.30114226375908615,0.3343717549325026,0.3707165109034268,0.4226375908618899,0.4818276220145379,0.5659397715472482,0.6085150571131879,0.6490134994807891,0.6843198338525441,0.7206645898234683,0.7549325025960539,0.794392523364486,0.8369678089304258,0.8608515057113187,0.8130841121495327,0.8795430944963655,0.9200415368639667,0.9273104880581515,1.0,0.9179646936656282,0.9761163032191069,0.9117341640706126,0.8888888888888888,0.8670820353063343,0.8535825545171339,0.7975077881619937,0.8629283489096573,0.7622014537902388,0.8172377985462098,0.7445482866043613,0.6967808930425753,0.6853582554517135,0.6853582554517135,0.7258566978193146,0.6988577362409137,0.6064382139148493,0.6552440290758047,0.6116303219106958,0.5981308411214954,0.5254413291796469,0.48494288681204567,0.5752855659397715,0.5514018691588786,0.5192107995846313,0.4922118380062305,0.49428868120456904,19-01-24_YC013_probe1,17
0.8426966292134832,0.9438202247191011,0.8426966292134832,1.0,0.5955056179775281,0.9550561797752809,0.7865168539325843,0.6741573033707865,0.7640449438202248,0.8089887640449438,0.7977528089887641,0.5393258426966293,0.7528089887640449,0.651685393258427,0.7303370786516855,0.6741573033707865,0.6853932584269663,0.5955056179775281,0.4157303370786517,0.47191011235955055,0.5168539325842697,0.6966292134831461,0.42696629213483145,0.5056179775280899,0.42696629213483145,0.4157303370786517,0.3258426966292135,0.4044943820224719,0.34831460674157305,0.44943820224719105,0.21348314606741572,0.29213483146067415,0.1910112359550562,0.26966292134831465,0.3146067415730337,0.20224719101123595,0.24719101123595508,0.23595505617977527,0.23595505617977527,0.12359550561797754,0.23595505617977527,0.15730337078651685,0.20224719101123595,0.13483146067415733,0.14606741573033707,0.20224719101123595,0.12359550561797754,0.12359550561797754,0.0898876404494382,0.05617977528089888,0.06741573033707866,0.0898876404494382,0.07865168539325842,0.02247191011235955,0.13483146067415733,0.11235955056179776,0.07865168539325842,0.11235955056179776,0.06741573033707866,0.06741573033707866,0.0898876404494382,0.05617977528089888,0.10112359550561797,0.10112359550561797,0.11235955056179776,0.05617977528089888,0.05617977528089888,0.14606741573033707,0.05617977528089888,0.06741573033707866,0.0898876404494382,0.03370786516853933,0.0449438202247191,0.03370786516853933,0.0898876404494382,0.06741573033707866,0.11235955056179776,0.05617977528089888,0.11235955056179776,0.011235955056179775,0.0,0.011235955056179775,0.11235955056179776,0.05617977528089888,0.11235955056179776,0.06741573033707866,0.0898876404494382,0.03370786516853933,0.0449438202247191,0.03370786516853933,0.0898876404494382,0.06741573033707866,0.05617977528089888,0.14606741573033707,0.05617977528089888,0.05617977528089888,0.11235955056179776,0.10112359550561797,0.10112359550561797,0.05617977528089888,0.0898876404494382,0.06741573033707866,0.06741573033707866,0.11235955056179776,0.07865168539325842,0.11235955056179776,0.13483146067415733,0.02247191011235955,0.07865168539325842,0.0898876404494382,0.06741573033707866,0.05617977528089888,0.0898876404494382,0.12359550561797754,0.12359550561797754,0.20224719101123595,0.14606741573033707,0.13483146067415733,0.20224719101123595,0.15730337078651685,0.23595505617977527,0.12359550561797754,0.23595505617977527,0.23595505617977527,0.24719101123595508,0.20224719101123595,0.3146067415730337,0.26966292134831465,0.1910112359550562,0.29213483146067415,0.21348314606741572,0.44943820224719105,0.34831460674157305,0.4044943820224719,0.3258426966292135,0.4157303370786517,0.42696629213483145,0.5056179775280899,0.42696629213483145,0.6966292134831461,0.5168539325842697,0.47191011235955055,0.4157303370786517,0.5955056179775281,0.6853932584269663,0.6741573033707865,0.7303370786516855,0.651685393258427,0.7528089887640449,0.5393258426966293,0.7977528089887641,0.8089887640449438,0.7640449438202248,0.6741573033707865,0.7865168539325843,0.9550561797752809,0.5955056179775281,1.0,0.8426966292134832,0.9438202247191011,0.8426966292134832,19-01-24_YC013_probe1,27
1.0,0.42857142857142855,0.42857142857142855,0.7142857142857143,0.0,0.14285714285714285,0.2857142857142857,0.42857142857142855,0.2857142857142857,0.14285714285714285,0.2857142857142857,0.14285714285714285,0.2857142857142857,0.14285714285714285,0.14285714285714285,0.0,0.14285714285714285,0.0,0.42857142857142855,0.42857142857142855,0.2857142857142857,0.0,0.42857142857142855,0.0,0.14285714285714285,0.0,0.14285714285714285,0.14285714285714285,0.0,0.2857142857142857,0.14285714285714285,0.14285714285714285,0.14285714285714285,0.0,0.14285714285714285,0.0,0.0,0.0,0.14285714285714285,0.0,0.0,0.0,0.0,0.0,0.14285714285714285,0.0,0.0,0.0,0.0,0.0,0.0,0.0,0.0,0.0,0.0,0.0,0.0,0.0,0.0,0.0,0.0,0.0,0.0,0.0,0.14285714285714285,0.0,0.0,0.0,0.0,0.0,0.0,0.0,0.0,0.0,0.0,0.0,0.0,0.0,0.0,0.0,0.0,0.0,0.0,0.0,0.0,0.0,0.0,0.0,0.0,0.0,0.0,0.0,0.0,0.0,0.0,0.0,0.14285714285714285,0.0,0.0,0.0,0.0,0.0,0.0,0.0,0.0,0.0,0.0,0.0,0.0,0.0,0.0,0.0,0.0,0.0,0.0,0.0,0.14285714285714285,0.0,0.0,0.0,0.0,0.0,0.14285714285714285,0.0,0.0,0.0,0.14285714285714285,0.0,0.14285714285714285,0.14285714285714285,0.14285714285714285,0.2857142857142857,0.0,0.14285714285714285,0.14285714285714285,0.0,0.14285714285714285,0.0,0.42857142857142855,0.0,0.2857142857142857,0.42857142857142855,0.42857142857142855,0.0,0.14285714285714285,0.0,0.14285714285714285,0.14285714285714285,0.2857142857142857,0.14285714285714285,0.2857142857142857,0.14285714285714285,0.2857142857142857,0.42857142857142855,0.2857142857142857,0.14285714285714285,0.0,0.7142857142857143,0.42857142857142855,0.42857142857142855,1.0,19-01-24_YC013_probe1,30
0.7865707434052758,0.8513189448441246,0.8105515587529976,0.8561151079136691,0.9088729016786572,0.7865707434052758,0.9400479616306955,0.8920863309352519,0.8657074340527579,0.8681055155875299,0.8393285371702639,0.8393285371702639,1.0,0.8705035971223022,0.8585131894484411,0.8249400479616307,0.8633093525179857,0.8633093525179857,0.8321342925659473,0.8465227817745804,0.8393285371702639,0.8776978417266187,0.841726618705036,0.8105515587529976,0.7482014388489209,0.8729016786570744,0.7410071942446043,0.7410071942446043,0.7290167865707434,0.7122302158273381,0.6546762589928058,0.6618705035971223,0.5587529976019184,0.5971223021582734,0.5683453237410072,0.5467625899280576,0.49880095923261386,0.45323741007194246,0.3525179856115108,0.3980815347721823,0.30935251798561153,0.29256594724220625,0.2637889688249401,0.26618705035971224,0.21103117505995203,0.19664268585131894,0.17505995203836933,0.1366906474820144,0.08633093525179857,0.05995203836930456,0.08393285371702637,0.05035971223021583,0.04316546762589928,0.026378896882494004,0.01918465227817746,0.0023980815347721825,0.00959232613908873,0.004796163069544365,0.0,0.0,0.0023980815347721825,0.0,0.0,0.0,0.0,0.0,0.0,0.0,0.0,0.0,0.0,0.0,0.0,0.0,0.0,0.0,0.0,0.0,0.0,0.0,0.0,0.0,0.0,0.0,0.0,0.0,0.0,0.0,0.0,0.0,0.0,0.0,0.0,0.0,0.0,0.0,0.0,0.0,0.0,0.0,0.0023980815347721825,0.0,0.0,0.004796163069544365,0.00959232613908873,0.0023980815347721825,0.01918465227817746,0.026378896882494004,0.04316546762589928,0.05035971223021583,0.08393285371702637,0.05995203836930456,0.08633093525179857,0.1366906474820144,0.17505995203836933,0.19664268585131894,0.21103117505995203,0.26618705035971224,0.2637889688249401,0.29256594724220625,0.30935251798561153,0.3980815347721823,0.3525179856115108,0.45323741007194246,0.49880095923261386,0.5467625899280576,0.5683453237410072,0.5971223021582734,0.5587529976019184,0.6618705035971223,0.6546762589928058,0.7122302158273381,0.7290167865707434,0.7410071942446043,0.7410071942446043,0.8729016786570744,0.7482014388489209,0.8105515587529976,0.841726618705036,0.8776978417266187,0.8393285371702639,0.8465227817745804,0.8321342925659473,0.8633093525179857,0.8633093525179857,0.8249400479616307,0.8585131894484411,0.8705035971223022,1.0,0.8393285371702639,0.8393285371702639,0.8681055155875299,0.8657074340527579,0.8920863309352519,0.9400479616306955,0.7865707434052758,0.9088729016786572,0.8561151079136691,0.8105515587529976,0.8513189448441246,0.7865707434052758,19-01-24_YC013_probe1,34
0.8080808080808081,0.8484848484848485,1.0,0.8484848484848485,0.9595959595959597,0.9090909090909092,0.7171717171717172,0.7676767676767678,0.8282828282828284,0.7373737373737375,0.7272727272727274,0.9494949494949496,0.5858585858585859,0.6262626262626263,0.888888888888889,0.7777777777777779,0.7676767676767678,0.6161616161616162,0.7171717171717172,0.7070707070707071,0.7676767676767678,0.787878787878788,0.787878787878788,0.787878787878788,0.797979797979798,0.7575757575757576,0.7575757575757576,0.6565656565656566,0.6767676767676768,0.7373737373737375,0.8585858585858587,0.6666666666666667,0.686868686868687,0.6767676767676768,0.6767676767676768,0.6666666666666667,0.6565656565656566,0.6262626262626263,0.5757575757575758,0.8484848484848485,0.6161616161616162,0.5050505050505052,0.686868686868687,0.7373737373737375,0.5050505050505052,0.6161616161616162,0.4747474747474748,0.43434343434343436,0.595959595959596,0.5353535353535354,0.4747474747474748,0.40404040404040403,0.43434343434343436,0.40404040404040403,0.43434343434343436,0.4141414141414142,0.5151515151515152,0.4747474747474748,0.4444444444444445,0.5151515151515152,0.4545454545454546,0.35353535353535354,0.31313131313131315,0.3434343434343435,0.29292929292929293,0.24242424242424243,0.26262626262626265,0.20202020202020202,0.22222222222222224,0.16161616161616163,0.12121212121212122,0.12121212121212122,0.11111111111111112,0.12121212121212122,0.06060606060606061,0.09090909090909093,0.030303030303030304,0.06060606060606061,0.0,0.0,0.0,0.0,0.0,0.06060606060606061,0.030303030303030304,0.09090909090909093,0.06060606060606061,0.12121212121212122,0.11111111111111112,0.12121212121212122,0.12121212121212122,0.16161616161616163,0.22222222222222224,0.20202020202020202,0.26262626262626265,0.24242424242424243,0.29292929292929293,0.3434343434343435,0.31313131313131315,0.35353535353535354,0.4545454545454546,0.5151515151515152,0.4444444444444445,0.4747474747474748,0.5151515151515152,0.4141414141414142,0.43434343434343436,0.40404040404040403,0.43434343434343436,0.40404040404040403,0.4747474747474748,0.5353535353535354,0.595959595959596,0.43434343434343436,0.4747474747474748,0.6161616161616162,0.5050505050505052,0.7373737373737375,0.686868686868687,0.5050505050505052,0.6161616161616162,0.8484848484848485,0.5757575757575758,0.6262626262626263,0.6565656565656566,0.6666666666666667,0.6767676767676768,0.6767676767676768,0.686868686868687,0.6666666666666667,0.8585858585858587,0.7373737373737375,0.6767676767676768,0.6565656565656566,0.7575757575757576,0.7575757575757576,0.797979797979798,0.787878787878788,0.787878787878788,0.787878787878788,0.7676767676767678,0.7070707070707071,0.7171717171717172,0.6161616161616162,0.7676767676767678,0.7777777777777779,0.888888888888889,0.6262626262626263,0.5858585858585859,0.9494949494949496,0.7272727272727274,0.7373737373737375,0.8282828282828284,0.7676767676767678,0.7171717171717172,0.9090909090909092,0.9595959595959597,0.8484848484848485,1.0,0.8484848484848485,0.8080808080808081,19-01-24_YC013_probe1,361
0.883248730964467,0.8121827411167513,0.8071065989847716,0.8274111675126904,0.9137055837563453,0.7309644670050762,0.8883248730964468,0.8121827411167513,0.8223350253807107,0.8375634517766497,0.7817258883248731,0.8274111675126904,0.8426395939086294,0.8629441624365484,0.8680203045685279,0.8477157360406091,0.7258883248730965,0.9035532994923857,0.8934010152284265,0.817258883248731,0.8274111675126904,0.934010152284264,0.7411167512690355,0.9289340101522843,0.7918781725888325,0.8934010152284265,0.898477157360406,0.9644670050761421,0.8883248730964468,0.7411167512690355,0.8781725888324873,0.9390862944162437,0.9949238578680203,0.8578680203045685,0.918781725888325,0.8578680203045685,0.8883248730964468,0.9086294416243655,0.8781725888324873,0.7766497461928934,1.0,0.817258883248731,0.918781725888325,0.8730964467005076,0.8680203045685279,0.8680203045685279,0.8375634517766497,0.883248730964467,0.8020304568527918,0.883248730964467,0.8781725888324873,0.7157360406091371,0.9390862944162437,0.918781725888325,0.7918781725888325,0.8527918781725888,0.8680203045685279,0.8020304568527918,0.8426395939086294,0.817258883248731,0.7817258883248731,0.7461928934010152,0.898477157360406,0.9035532994923857,0.7817258883248731,0.8375634517766497,0.6852791878172588,0.7766497461928934,0.7360406091370559,0.7360406091370559,0.7411167512690355,0.6954314720812184,0.5888324873096448,0.6040609137055838,0.5736040609137055,0.5329949238578681,0.583756345177665,0.9035532994923857,0.9543147208121828,0.010152284263959392,0.0,0.010152284263959392,0.9543147208121828,0.9035532994923857,0.583756345177665,0.5329949238578681,0.5736040609137055,0.6040609137055838,0.5888324873096448,0.6954314720812184,0.7411167512690355,0.7360406091370559,0.7360406091370559,0.7766497461928934,0.6852791878172588,0.8375634517766497,0.7817258883248731,0.9035532994923857,0.898477157360406,0.7461928934010152,0.7817258883248731,0.817258883248731,0.8426395939086294,0.8020304568527918,0.8680203045685279,0.8527918781725888,0.7918781725888325,0.918781725888325,0.9390862944162437,0.7157360406091371,0.8781725888324873,0.883248730964467,0.8020304568527918,0.883248730964467,0.8375634517766497,0.8680203045685279,0.8680203045685279,0.8730964467005076,0.918781725888325,0.817258883248731,1.0,0.7766497461928934,0.8781725888324873,0.9086294416243655,0.8883248730964468,0.8578680203045685,0.918781725888325,0.8578680203045685,0.9949238578680203,0.9390862944162437,0.8781725888324873,0.7411167512690355,0.8883248730964468,0.9644670050761421,0.898477157360406,0.8934010152284265,0.7918781725888325,0.9289340101522843,0.7411167512690355,0.934010152284264,0.8274111675126904,0.817258883248731,0.8934010152284265,0.9035532994923857,0.7258883248730965,0.8477157360406091,0.8680203045685279,0.8629441624365484,0.8426395939086294,0.8274111675126904,0.7817258883248731,0.8375634517766497,0.8223350253807107,0.8121827411167513,0.8883248730964468,0.7309644670050762,0.9137055837563453,0.8274111675126904,0.8071065989847716,0.8121827411167513,0.883248730964467,19-01-24_YC013_probe1,370
0.65625,1.0,0.8437499999999999,0.5,0.71875,0.78125,0.75,0.5625,0.40624999999999994,0.5,0.59375,0.5625,0.5,0.71875,0.4375,0.4375,0.65625,0.375,0.5,0.5,0.34375,0.4375,0.71875,0.40624999999999994,0.40624999999999994,0.21875,0.59375,0.46875,0.5625,0.40624999999999994,0.28125,0.34375,0.375,0.3125,0.40624999999999994,0.1875,0.4375,0.5,0.34375,0.3125,0.1875,0.1875,0.15625,0.28125,0.25,0.09375,0.21875,0.15625,0.21875,0.28125,0.09375,0.25,0.375,0.09375,0.125,0.25,0.0625,0.15625,0.125,0.09375,0.15625,0.0625,0.03125,0.03125,0.125,0.03125,0.03125,0.0625,0.0,0.0,0.0,0.0,0.0,0.03125,0.0,0.0,0.03125,0.0,0.03125,0.0,0.0,0.0,0.03125,0.0,0.03125,0.0,0.0,0.03125,0.0,0.0,0.0,0.0,0.0,0.0625,0.03125,0.03125,0.125,0.03125,0.03125,0.0625,0.15625,0.09375,0.125,0.15625,0.0625,0.25,0.125,0.09375,0.375,0.25,0.09375,0.28125,0.21875,0.15625,0.21875,0.09375,0.25,0.28125,0.15625,0.1875,0.1875,0.3125,0.34375,0.5,0.4375,0.1875,0.40624999999999994,0.3125,0.375,0.34375,0.28125,0.40624999999999994,0.5625,0.46875,0.59375,0.21875,0.40624999999999994,0.40624999999999994,0.71875,0.4375,0.34375,0.5,0.5,0.375,0.65625,0.4375,0.4375,0.71875,0.5,0.5625,0.59375,0.5,0.40624999999999994,0.5625,0.75,0.78125,0.71875,0.5,0.8437499999999999,1.0,0.65625,19-01-24_YC013_probe1,378
0.8571428571428571,0.6530612244897959,0.8979591836734693,0.9387755102040815,1.0,0.7755102040816326,0.7346938775510203,0.7551020408163265,0.6122448979591836,0.7959183673469387,0.5510204081632653,1.0,0.7959183673469387,0.7346938775510203,0.7755102040816326,0.7959183673469387,0.5918367346938775,0.6734693877551019,0.6938775510204082,0.7755102040816326,0.4081632653061224,0.6122448979591836,0.510204081632653,0.42857142857142855,0.3469387755102041,0.3469387755102041,0.3469387755102041,0.28571428571428564,0.3061224489795918,0.2653061224489796,0.3469387755102041,0.3061224489795918,0.3061224489795918,0.2040816326530612,0.28571428571428564,0.24489795918367346,0.22448979591836732,0.24489795918367346,0.24489795918367346,0.16326530612244897,0.1020408163265306,0.16326530612244897,0.061224489795918366,0.16326530612244897,0.1020408163265306,0.2040816326530612,0.1020408163265306,0.08163265306122448,0.2040816326530612,0.16326530612244897,0.16326530612244897,0.08163265306122448,0.16326530612244897,0.12244897959183673,0.1020408163265306,0.12244897959183673,0.1020408163265306,0.14285714285714282,0.14285714285714282,0.14285714285714282,0.08163265306122448,0.04081632653061224,0.12244897959183673,0.12244897959183673,0.08163265306122448,0.061224489795918366,0.061224489795918366,0.1020408163265306,0.08163265306122448,0.14285714285714282,0.18367346938775508,0.12244897959183673,0.8775510204081631,0.32653061224489793,0.12244897959183673,0.08163265306122448,0.1020408163265306,0.14285714285714282,0.08163265306122448,0.08163265306122448,0.0,0.08163265306122448,0.08163265306122448,0.14285714285714282,0.1020408163265306,0.08163265306122448,0.12244897959183673,0.32653061224489793,0.8775510204081631,0.12244897959183673,0.18367346938775508,0.14285714285714282,0.08163265306122448,0.1020408163265306,0.061224489795918366,0.061224489795918366,0.08163265306122448,0.12244897959183673,0.12244897959183673,0.04081632653061224,0.08163265306122448,0.14285714285714282,0.14285714285714282,0.14285714285714282,0.1020408163265306,0.12244897959183673,0.1020408163265306,0.12244897959183673,0.16326530612244897,0.08163265306122448,0.16326530612244897,0.16326530612244897,0.2040816326530612,0.08163265306122448,0.1020408163265306,0.2040816326530612,0.1020408163265306,0.16326530612244897,0.061224489795918366,0.16326530612244897,0.1020408163265306,0.16326530612244897,0.24489795918367346,0.24489795918367346,0.22448979591836732,0.24489795918367346,0.28571428571428564,0.2040816326530612,0.3061224489795918,0.3061224489795918,0.3469387755102041,0.2653061224489796,0.3061224489795918,0.28571428571428564,0.3469387755102041,0.3469387755102041,0.3469387755102041,0.42857142857142855,0.510204081632653,0.6122448979591836,0.4081632653061224,0.7755102040816326,0.6938775510204082,0.6734693877551019,0.5918367346938775,0.7959183673469387,0.7755102040816326,0.7346938775510203,0.7959183673469387,1.0,0.5510204081632653,0.7959183673469387,0.6122448979591836,0.7551020408163265,0.7346938775510203,0.7755102040816326,1.0,0.9387755102040815,0.8979591836734693,0.6530612244897959,0.8571428571428571,19-01-24_YC013_probe1,38
0.4545454545454546,0.9090909090909092,0.5454545454545454,0.4545454545454546,1.0,0.2727272727272727,0.36363636363636365,0.5454545454545454,0.36363636363636365,0.2727272727272727,0.18181818181818182,0.09090909090909091,0.09090909090909091,0.36363636363636365,0.36363636363636365,0.09090909090909091,0.2727272727272727,0.5454545454545454,0.0,0.18181818181818182,0.2727272727272727,0.09090909090909091,0.36363636363636365,0.2727272727272727,0.18181818181818182,0.09090909090909091,0.09090909090909091,0.09090909090909091,0.09090909090909091,0.18181818181818182,0.0,0.0,0.0,0.0,0.0,0.0,0.09090909090909091,0.0,0.0,0.09090909090909091,0.0,0.0,0.0,0.0,0.0,0.0,0.0,0.0,0.0,0.0,0.0,0.0,0.0,0.0,0.0,0.0,0.0,0.0,0.0,0.0,0.0,0.0,0.0,0.0,0.0,0.0,0.0,0.0,0.0,0.0,0.0,0.0,0.0,0.0,0.0,0.0,0.0,0.0,0.0,0.0,0.0,0.0,0.0,0.0,0.0,0.0,0.0,0.0,0.0,0.0,0.0,0.0,0.0,0.0,0.0,0.0,0.0,0.0,0.0,0.0,0.0,0.0,0.0,0.0,0.0,0.0,0.0,0.0,0.0,0.0,0.0,0.0,0.0,0.0,0.0,0.0,0.0,0.0,0.0,0.0,0.0,0.09090909090909091,0.0,0.0,0.09090909090909091,0.0,0.0,0.0,0.0,0.0,0.0,0.18181818181818182,0.09090909090909091,0.09090909090909091,0.09090909090909091,0.09090909090909091,0.18181818181818182,0.2727272727272727,0.36363636363636365,0.09090909090909091,0.2727272727272727,0.18181818181818182,0.0,0.5454545454545454,0.2727272727272727,0.09090909090909091,0.36363636363636365,0.36363636363636365,0.09090909090909091,0.09090909090909091,0.18181818181818182,0.2727272727272727,0.36363636363636365,0.5454545454545454,0.36363636363636365,0.2727272727272727,1.0,0.4545454545454546,0.5454545454545454,0.9090909090909092,0.4545454545454546,19-01-24_YC013_probe1,46
0.6923076923076923,1.0,0.5769230769230769,0.9230769230769231,0.8653846153846153,0.6538461538461539,0.75,0.8653846153846153,0.7115384615384616,0.6153846153846153,0.7307692307692307,0.9423076923076924,0.7307692307692307,0.8076923076923077,0.9230769230769231,0.673076923076923,0.5,0.7692307692307693,0.7884615384615384,0.8846153846153846,0.7692307692307693,0.6538461538461539,0.9423076923076924,0.826923076923077,0.75,0.673076923076923,0.8076923076923077,0.7884615384615384,0.6538461538461539,0.5769230769230769,0.826923076923077,0.5384615384615384,0.673076923076923,0.8846153846153846,0.6538461538461539,0.5384615384615384,0.6923076923076923,0.6346153846153846,0.5961538461538461,0.6153846153846153,0.6153846153846153,0.5576923076923077,0.5384615384615384,0.5961538461538461,0.4807692307692307,0.5384615384615384,0.38461538461538464,0.40384615384615385,0.4423076923076923,0.2692307692307692,0.5961538461538461,0.36538461538461536,0.11538461538461539,0.3269230769230769,0.34615384615384615,0.38461538461538464,0.3269230769230769,0.30769230769230765,0.15384615384615383,0.25,0.1346153846153846,0.23076923076923078,0.09615384615384616,0.17307692307692307,0.09615384615384616,0.19230769230769232,0.09615384615384616,0.057692307692307696,0.1346153846153846,0.07692307692307691,0.03846153846153846,0.01923076923076923,0.07692307692307691,0.03846153846153846,0.01923076923076923,0.057692307692307696,0.0,0.057692307692307696,0.057692307692307696,0.01923076923076923,0.0,0.01923076923076923,0.057692307692307696,0.057692307692307696,0.0,0.057692307692307696,0.01923076923076923,0.03846153846153846,0.07692307692307691,0.01923076923076923,0.03846153846153846,0.07692307692307691,0.1346153846153846,0.057692307692307696,0.09615384615384616,0.19230769230769232,0.09615384615384616,0.17307692307692307,0.09615384615384616,0.23076923076923078,0.1346153846153846,0.25,0.15384615384615383,0.30769230769230765,0.3269230769230769,0.38461538461538464,0.34615384615384615,0.3269230769230769,0.11538461538461539,0.36538461538461536,0.5961538461538461,0.2692307692307692,0.4423076923076923,0.40384615384615385,0.38461538461538464,0.5384615384615384,0.4807692307692307,0.5961538461538461,0.5384615384615384,0.5576923076923077,0.6153846153846153,0.6153846153846153,0.5961538461538461,0.6346153846153846,0.6923076923076923,0.5384615384615384,0.6538461538461539,0.8846153846153846,0.673076923076923,0.5384615384615384,0.826923076923077,0.5769230769230769,0.6538461538461539,0.7884615384615384,0.8076923076923077,0.673076923076923,0.75,0.826923076923077,0.9423076923076924,0.6538461538461539,0.7692307692307693,0.8846153846153846,0.7884615384615384,0.7692307692307693,0.5,0.673076923076923,0.9230769230769231,0.8076923076923077,0.7307692307692307,0.9423076923076924,0.7307692307692307,0.6153846153846153,0.7115384615384616,0.8653846153846153,0.75,0.6538461538461539,0.8653846153846153,0.9230769230769231,0.5769230769230769,1.0,0.6923076923076923,19-01-24_YC013_probe1,498
0.9841269841269841,0.9523809523809523,0.7142857142857143,0.8571428571428571,0.7619047619047619,0.7777777777777778,1.0,0.888888888888889,0.7619047619047619,0.8571428571428571,0.9682539682539683,0.7142857142857143,0.7301587301587301,0.7619047619047619,0.8412698412698413,0.873015873015873,0.9047619047619048,0.5714285714285714,0.7619047619047619,0.873015873015873,0.8095238095238095,0.7619047619047619,0.6666666666666666,0.7777777777777778,0.7142857142857143,0.47619047619047616,0.7936507936507937,0.9206349206349206,0.9206349206349206,0.8412698412698413,0.7936507936507937,0.8095238095238095,0.5396825396825397,0.5873015873015872,0.746031746031746,0.6190476190476191,0.6507936507936508,0.6507936507936508,0.6031746031746033,0.6507936507936508,0.5714285714285714,0.4444444444444445,0.5714285714285714,0.49206349206349204,0.4126984126984127,0.49206349206349204,0.42857142857142855,0.42857142857142855,0.507936507936508,0.5238095238095238,0.34920634920634924,0.38095238095238093,0.4444444444444445,0.4603174603174603,0.31746031746031744,0.23809523809523808,0.3015873015873016,0.22222222222222224,0.31746031746031744,0.20634920634920634,0.20634920634920634,0.15873015873015872,0.17460317460317462,0.253968253968254,0.253968253968254,0.19047619047619047,0.31746031746031744,0.19047619047619047,0.17460317460317462,0.14285714285714285,0.14285714285714285,0.14285714285714285,0.07936507936507936,0.07936507936507936,0.11111111111111112,0.20634920634920634,0.19047619047619047,0.126984126984127,0.17460317460317462,0.0634920634920635,0.0,0.0634920634920635,0.17460317460317462,0.126984126984127,0.19047619047619047,0.20634920634920634,0.11111111111111112,0.07936507936507936,0.07936507936507936,0.14285714285714285,0.14285714285714285,0.14285714285714285,0.17460317460317462,0.19047619047619047,0.31746031746031744,0.19047619047619047,0.253968253968254,0.253968253968254,0.17460317460317462,0.15873015873015872,0.20634920634920634,0.20634920634920634,0.31746031746031744,0.22222222222222224,0.3015873015873016,0.23809523809523808,0.31746031746031744,0.4603174603174603,0.4444444444444445,0.38095238095238093,0.34920634920634924,0.5238095238095238,0.507936507936508,0.42857142857142855,0.42857142857142855,0.49206349206349204,0.4126984126984127,0.49206349206349204,0.5714285714285714,0.4444444444444445,0.5714285714285714,0.6507936507936508,0.6031746031746033,0.6507936507936508,0.6507936507936508,0.6190476190476191,0.746031746031746,0.5873015873015872,0.5396825396825397,0.8095238095238095,0.7936507936507937,0.8412698412698413,0.9206349206349206,0.9206349206349206,0.7936507936507937,0.47619047619047616,0.7142857142857143,0.7777777777777778,0.6666666666666666,0.7619047619047619,0.8095238095238095,0.873015873015873,0.7619047619047619,0.5714285714285714,0.9047619047619048,0.873015873015873,0.8412698412698413,0.7619047619047619,0.7301587301587301,0.7142857142857143,0.9682539682539683,0.8571428571428571,0.7619047619047619,0.888888888888889,1.0,0.7777777777777778,0.7619047619047619,0.8571428571428571,0.7142857142857143,0.9523809523809523,0.9841269841269841,19-01-24_YC013_probe1,51
0.2604930046635576,0.19586942038640903,0.15078836331334666,0.11014878969575838,0.07417277370641795,0.056850988230068844,0.03153453253386631,0.02109704641350211,0.01243615367532756,0.006662225183211192,0.005329780146568954,0.00310903841883189,0.002664890073284477,0.0024428159005107706,0.002886964246058183,0.005329780146568954,0.005773928492116366,0.006662225183211192,0.011769931157006438,0.016433488785254274,0.027315123251165887,0.03886298023539862,0.05085498556517876,0.07439484787919165,0.0934932267377304,0.13280035531867643,0.1758827448367755,0.24272707084166112,0.3344437041972018,0.37996890961581165,0.499222740395292,0.5964912280701754,0.7075283144570287,0.7785920497446146,0.8856318010215412,0.9586942038640905,1.0,0.9737952476127026,0.8827448367754831,0.7794803464357095,0.6364645791694427,0.47990228736397955,0.33733066844326004,0.21607817010881633,0.12658227848101267,0.05818343326671108,0.026870974905618475,0.01243615367532756,0.003997335109926716,0.0017765933821896514,0.0006662225183211193,0.0008882966910948257,0.0008882966910948257,0.00044414834554741284,0.0013324450366422385,0.00044414834554741284,0.0006662225183211193,0.00044414834554741284,0.0011103708638685321,0.0006662225183211193,0.00044414834554741284,0.0006662225183211193,0.0008882966910948257,0.0006662225183211193,0.0011103708638685321,0.00022207417277370642,0.0011103708638685321,0.00022207417277370642,0.0008882966910948257,0.0006662225183211193,0.00022207417277370642,0.0008882966910948257,0.001554519209415945,0.0006662225183211193,0.0008882966910948257,0.0006662225183211193,0.0008882966910948257,0.00044414834554741284,0.0008882966910948257,0.0011103708638685321,0.0,0.0011103708638685321,0.0008882966910948257,0.00044414834554741284,0.0008882966910948257,0.0006662225183211193,0.0008882966910948257,0.0006662225183211193,0.001554519209415945,0.0008882966910948257,0.00022207417277370642,0.0006662225183211193,0.0008882966910948257,0.00022207417277370642,0.0011103708638685321,0.00022207417277370642,0.0011103708638685321,0.0006662225183211193,0.0008882966910948257,0.0006662225183211193,0.00044414834554741284,0.0006662225183211193,0.0011103708638685321,0.00044414834554741284,0.0006662225183211193,0.00044414834554741284,0.0013324450366422385,0.00044414834554741284,0.0008882966910948257,0.0008882966910948257,0.0006662225183211193,0.0017765933821896514,0.003997335109926716,0.01243615367532756,0.026870974905618475,0.05818343326671108,0.12658227848101267,0.21607817010881633,0.33733066844326004,0.47990228736397955,0.6364645791694427,0.7794803464357095,0.8827448367754831,0.9737952476127026,1.0,0.9586942038640905,0.8856318010215412,0.7785920497446146,0.7075283144570287,0.5964912280701754,0.499222740395292,0.37996890961581165,0.3344437041972018,0.24272707084166112,0.1758827448367755,0.13280035531867643,0.0934932267377304,0.07439484787919165,0.05085498556517876,0.03886298023539862,0.027315123251165887,0.016433488785254274,0.011769931157006438,0.006662225183211192,0.005773928492116366,0.005329780146568954,0.002886964246058183,0.0024428159005107706,0.002664890073284477,0.00310903841883189,0.005329780146568954,0.006662225183211192,0.01243615367532756,0.02109704641350211,0.03153453253386631,0.056850988230068844,0.07417277370641795,0.11014878969575838,0.15078836331334666,0.19586942038640903,0.2604930046635576,19-01-24_YC013_probe1,57
0.90169992609017,0.9453067257945306,0.9164818920916482,0.9216555801921655,0.933481152993348,0.9297856614929785,0.8891352549889135,0.8972653362897265,0.9386548410938653,0.9061345158906134,0.9711751662971174,0.8965262379896526,0.8920916481892092,0.9541759053954174,0.9541759053954174,0.9526977087952697,0.974870657797487,0.9053954175905394,0.9467849223946785,0.942350332594235,1.0,0.9674796747967479,0.9637841832963783,0.9859571322985956,0.9770879526977088,0.9689578713968957,0.8994826311899482,0.9497413155949741,0.9416112342941612,0.9090909090909091,0.9571322985957132,0.8728750923872874,0.9135254988913525,0.9105691056910569,0.9223946784922394,0.8765705838876571,0.8625277161862527,0.8647450110864744,0.9127864005912786,0.8573540280857354,0.8691796008869179,0.860310421286031,0.8898743532889873,0.860310421286031,0.9297856614929785,0.9076127124907613,0.9490022172949001,0.8861788617886179,0.8957871396895786,0.9150036954915003,0.8750923872875092,0.8329637841832964,0.7849223946784922,0.7775314116777531,0.7420546932742055,0.6563192904656319,0.6356245380635624,0.5661492978566149,0.5602365114560236,0.49150036954915,0.4190687361419069,0.43828529194382854,0.43163340724316335,0.3577235772357723,0.3288987435328899,0.31411677753141165,0.29637841832963785,0.2897265336289726,0.2668144863266814,0.2712490761271249,0.24759793052475979,0.22172949002217293,0.21138211382113822,0.21507760532150774,0.19881744271988175,0.21729490022172948,0.19955654101995565,0.23872875092387286,0.14634146341463414,0.0014781966001478197,0.0,0.0014781966001478197,0.14634146341463414,0.23872875092387286,0.19955654101995565,0.21729490022172948,0.19881744271988175,0.21507760532150774,0.21138211382113822,0.22172949002217293,0.24759793052475979,0.2712490761271249,0.2668144863266814,0.2897265336289726,0.29637841832963785,0.31411677753141165,0.3288987435328899,0.3577235772357723,0.43163340724316335,0.43828529194382854,0.4190687361419069,0.49150036954915,0.5602365114560236,0.5661492978566149,0.6356245380635624,0.6563192904656319,0.7420546932742055,0.7775314116777531,0.7849223946784922,0.8329637841832964,0.8750923872875092,0.9150036954915003,0.8957871396895786,0.8861788617886179,0.9490022172949001,0.9076127124907613,0.9297856614929785,0.860310421286031,0.8898743532889873,0.860310421286031,0.8691796008869179,0.8573540280857354,0.9127864005912786,0.8647450110864744,0.8625277161862527,0.8765705838876571,0.9223946784922394,0.9105691056910569,0.9135254988913525,0.8728750923872874,0.9571322985957132,0.9090909090909091,0.9416112342941612,0.9497413155949741,0.8994826311899482,0.9689578713968957,0.9770879526977088,0.9859571322985956,0.9637841832963783,0.9674796747967479,1.0,0.942350332594235,0.9467849223946785,0.9053954175905394,0.974870657797487,0.9526977087952697,0.9541759053954174,0.9541759053954174,0.8920916481892092,0.8965262379896526,0.9711751662971174,0.9061345158906134,0.9386548410938653,0.8972653362897265,0.8891352549889135,0.9297856614929785,0.933481152993348,0.9216555801921655,0.9164818920916482,0.9453067257945306,0.90169992609017,19-01-24_YC013_probe1,575
0.9295774647887325,0.9436619718309859,0.9894366197183098,0.982394366197183,0.8274647887323943,0.778169014084507,0.7922535211267605,1.0,0.8415492957746479,0.8661971830985916,0.9366197183098591,0.9612676056338029,0.9119718309859155,0.9683098591549296,0.8415492957746479,0.9471830985915493,0.9119718309859155,0.9084507042253521,0.8873239436619718,0.897887323943662,0.9260563380281689,0.8204225352112675,0.880281690140845,0.9190140845070421,0.8908450704225351,0.8028169014084506,0.869718309859155,0.7922535211267605,0.8908450704225351,0.9507042253521126,0.9119718309859155,0.8556338028169014,0.806338028169014,0.8485915492957746,0.8274647887323943,0.778169014084507,0.8133802816901409,0.75,0.8345070422535211,0.8133802816901409,0.7746478873239436,0.7394366197183099,0.676056338028169,0.7147887323943661,0.7183098591549296,0.573943661971831,0.7077464788732394,0.6161971830985915,0.4859154929577465,0.5598591549295775,0.528169014084507,0.45422535211267606,0.4964788732394366,0.40492957746478875,0.3204225352112676,0.3873239436619718,0.3169014084507042,0.33098591549295775,0.2640845070422535,0.25704225352112675,0.176056338028169,0.28169014084507044,0.18309859154929578,0.15492957746478872,0.17253521126760563,0.11267605633802817,0.1056338028169014,0.0880281690140845,0.08450704225352113,0.059859154929577454,0.03873239436619718,0.04929577464788732,0.028169014084507043,0.045774647887323945,0.014084507042253521,0.01056338028169014,0.02112676056338028,0.02112676056338028,0.01056338028169014,0.007042253521126761,0.0,0.007042253521126761,0.01056338028169014,0.02112676056338028,0.02112676056338028,0.01056338028169014,0.014084507042253521,0.045774647887323945,0.028169014084507043,0.04929577464788732,0.03873239436619718,0.059859154929577454,0.08450704225352113,0.0880281690140845,0.1056338028169014,0.11267605633802817,0.17253521126760563,0.15492957746478872,0.18309859154929578,0.28169014084507044,0.176056338028169,0.25704225352112675,0.2640845070422535,0.33098591549295775,0.3169014084507042,0.3873239436619718,0.3204225352112676,0.40492957746478875,0.4964788732394366,0.45422535211267606,0.528169014084507,0.5598591549295775,0.4859154929577465,0.6161971830985915,0.7077464788732394,0.573943661971831,0.7183098591549296,0.7147887323943661,0.676056338028169,0.7394366197183099,0.7746478873239436,0.8133802816901409,0.8345070422535211,0.75,0.8133802816901409,0.778169014084507,0.8274647887323943,0.8485915492957746,0.806338028169014,0.8556338028169014,0.9119718309859155,0.9507042253521126,0.8908450704225351,0.7922535211267605,0.869718309859155,0.8028169014084506,0.8908450704225351,0.9190140845070421,0.880281690140845,0.8204225352112675,0.9260563380281689,0.897887323943662,0.8873239436619718,0.9084507042253521,0.9119718309859155,0.9471830985915493,0.8415492957746479,0.9683098591549296,0.9119718309859155,0.9612676056338029,0.9366197183098591,0.8661971830985916,0.8415492957746479,1.0,0.7922535211267605,0.778169014084507,0.8274647887323943,0.982394366197183,0.9894366197183098,0.9436619718309859,0.9295774647887325,19-01-24_YC013_probe1,58
0.3877834335955576,0.4363720499768626,0.45997223507635354,0.5136510874595095,0.5113373438223044,0.6052753354928274,0.6140675613142064,0.5987968533086534,0.5867653863951875,0.5608514576584914,0.5113373438223044,0.4530310041647385,0.3942619157797316,0.31929662193428965,0.2586765386395187,0.20268394261915781,0.16520129569643685,0.12956964368347987,0.06802406293382693,0.049976862563627954,0.028227672373900975,0.017121702915316984,0.008792225821378992,0.004627487274409995,0.005090236001850995,0.003239241092086997,0.008329477093937993,0.005552984729291994,0.01018047200370199,0.012956964368347987,0.023600185099490974,0.025451180009254976,0.054141601110596946,0.07033780657103193,0.10411846367422489,0.14761684405367886,0.1980564553447478,0.2961591855622397,0.3877834335955576,0.5076353540027765,0.6765386395187414,0.7552059231837112,0.8912540490513651,0.95835261453031,1.0,0.9588153632577511,0.7945395650161963,0.6404442387783434,0.4766311892642295,0.3017121702915317,0.1800092549745488,0.0944007403979639,0.03979639055992596,0.013882461823229988,0.004164738546968996,0.003239241092086997,0.003239241092086997,0.0013882461823229986,0.0,0.004627487274409995,0.00046274872744099955,0.0,0.0018509949097639982,0.0009254974548819991,0.0023137436372049976,0.0018509949097639982,0.002776492364645997,0.0018509949097639982,0.0013882461823229986,0.0023137436372049976,0.0013882461823229986,0.0009254974548819991,0.0009254974548819991,0.0,0.0018509949097639982,0.0009254974548819991,0.0018509949097639982,0.0023137436372049976,0.00046274872744099955,0.0009254974548819991,0.0,0.0009254974548819991,0.00046274872744099955,0.0023137436372049976,0.0018509949097639982,0.0009254974548819991,0.0018509949097639982,0.0,0.0009254974548819991,0.0009254974548819991,0.0013882461823229986,0.0023137436372049976,0.0013882461823229986,0.0018509949097639982,0.002776492364645997,0.0018509949097639982,0.0023137436372049976,0.0009254974548819991,0.0018509949097639982,0.0,0.00046274872744099955,0.004627487274409995,0.0,0.0013882461823229986,0.003239241092086997,0.003239241092086997,0.004164738546968996,0.013882461823229988,0.03979639055992596,0.0944007403979639,0.1800092549745488,0.3017121702915317,0.4766311892642295,0.6404442387783434,0.7945395650161963,0.9588153632577511,1.0,0.95835261453031,0.8912540490513651,0.7552059231837112,0.6765386395187414,0.5076353540027765,0.3877834335955576,0.2961591855622397,0.1980564553447478,0.14761684405367886,0.10411846367422489,0.07033780657103193,0.054141601110596946,0.025451180009254976,0.023600185099490974,0.012956964368347987,0.01018047200370199,0.005552984729291994,0.008329477093937993,0.003239241092086997,0.005090236001850995,0.004627487274409995,0.008792225821378992,0.017121702915316984,0.028227672373900975,0.049976862563627954,0.06802406293382693,0.12956964368347987,0.16520129569643685,0.20268394261915781,0.2586765386395187,0.31929662193428965,0.3942619157797316,0.4530310041647385,0.5113373438223044,0.5608514576584914,0.5867653863951875,0.5987968533086534,0.6140675613142064,0.6052753354928274,0.5113373438223044,0.5136510874595095,0.45997223507635354,0.4363720499768626,0.3877834335955576,19-01-24_YC013_probe1,59
0.0,0.0,0.0,0.0,0.0,0.0,0.0,1.0,0.0,0.0,0.0,0.0,0.0,0.0,0.0,0.0,0.0,0.0,0.0,0.0,0.0,0.0,0.0,0.0,0.0,1.0,0.0,1.0,0.0,0.0,0.0,0.0,0.0,0.0,0.0,0.0,1.0,0.0,0.0,0.0,0.0,0.0,0.0,0.0,0.0,0.0,0.0,0.0,0.0,0.0,0.0,0.0,0.0,0.0,0.0,0.0,0.0,0.0,0.0,0.0,0.0,0.0,0.0,0.0,0.0,0.0,0.0,0.0,0.0,0.0,0.0,0.0,0.0,1.0,0.0,0.0,1.0,0.0,0.0,0.0,0.0,0.0,0.0,0.0,1.0,0.0,0.0,1.0,0.0,0.0,0.0,0.0,0.0,0.0,0.0,0.0,0.0,0.0,0.0,0.0,0.0,0.0,0.0,0.0,0.0,0.0,0.0,0.0,0.0,0.0,0.0,0.0,0.0,0.0,0.0,0.0,0.0,0.0,0.0,0.0,0.0,0.0,0.0,0.0,1.0,0.0,0.0,0.0,0.0,0.0,0.0,0.0,0.0,1.0,0.0,1.0,0.0,0.0,0.0,0.0,0.0,0.0,0.0,0.0,0.0,0.0,0.0,0.0,0.0,0.0,0.0,0.0,0.0,1.0,0.0,0.0,0.0,0.0,0.0,0.0,0.0,19-01-24_YC013_probe1,6
0.8858218318695107,0.8971141781681304,0.835633626097867,0.9209535759096612,0.875784190715182,0.972396486825596,0.8594730238393977,0.9523212045169385,0.8381430363864492,0.9146800501882058,0.9686323713927227,0.8594730238393977,0.8858218318695107,0.8682559598494353,0.836888331242158,0.9146800501882058,0.8933500627352572,0.878293601003764,0.8971141781681304,0.9021329987452947,0.9071518193224593,0.8996235884567128,0.8393977415307402,0.8695106649937264,0.972396486825596,0.9498117942283563,0.9510664993726473,0.9648682559598493,0.9410288582183187,0.9623588456712673,0.9372647427854452,0.9774153074027603,1.0,0.9372647427854452,0.9247176913425345,0.8946047678795482,0.9523212045169385,0.8958594730238393,0.8971141781681304,0.8958594730238393,0.8381430363864492,0.7779171894604767,0.8243412797992472,0.8393977415307402,0.7716436637390213,0.7628607277289837,0.6938519447929736,0.6750313676286072,0.6675031367628607,0.5959849435382685,0.6047678795483061,0.5432873274780426,0.5407779171894604,0.47051442910915936,0.4077791718946047,0.4203262233375156,0.38268506900878285,0.32496863237139273,0.2961104140526976,0.2521957340025094,0.19447929736511918,0.15307402760351316,0.164366373902133,0.08531994981179422,0.1016311166875784,0.04265997490589711,0.03889585947302384,0.018820577164366373,0.030112923462986198,0.00878293601003764,0.0037641154328732747,0.0012547051442910915,0.0,0.0012547051442910915,0.002509410288582183,0.0012547051442910915,0.002509410288582183,0.002509410288582183,0.0012547051442910915,0.0012547051442910915,0.0,0.0012547051442910915,0.0012547051442910915,0.002509410288582183,0.002509410288582183,0.0012547051442910915,0.002509410288582183,0.0012547051442910915,0.0,0.0012547051442910915,0.0037641154328732747,0.00878293601003764,0.030112923462986198,0.018820577164366373,0.03889585947302384,0.04265997490589711,0.1016311166875784,0.08531994981179422,0.164366373902133,0.15307402760351316,0.19447929736511918,0.2521957340025094,0.2961104140526976,0.32496863237139273,0.38268506900878285,0.4203262233375156,0.4077791718946047,0.47051442910915936,0.5407779171894604,0.5432873274780426,0.6047678795483061,0.5959849435382685,0.6675031367628607,0.6750313676286072,0.6938519447929736,0.7628607277289837,0.7716436637390213,0.8393977415307402,0.8243412797992472,0.7779171894604767,0.8381430363864492,0.8958594730238393,0.8971141781681304,0.8958594730238393,0.9523212045169385,0.8946047678795482,0.9247176913425345,0.9372647427854452,1.0,0.9774153074027603,0.9372647427854452,0.9623588456712673,0.9410288582183187,0.9648682559598493,0.9510664993726473,0.9498117942283563,0.972396486825596,0.8695106649937264,0.8393977415307402,0.8996235884567128,0.9071518193224593,0.9021329987452947,0.8971141781681304,0.878293601003764,0.8933500627352572,0.9146800501882058,0.836888331242158,0.8682559598494353,0.8858218318695107,0.8594730238393977,0.9686323713927227,0.9146800501882058,0.8381430363864492,0.9523212045169385,0.8594730238393977,0.972396486825596,0.875784190715182,0.9209535759096612,0.835633626097867,0.8971141781681304,0.8858218318695107,19-01-24_YC013_probe1,62
0.437530622243998,0.4343459088682019,0.4363057324840765,0.4303037726604606,0.4178098971092602,0.40801077902988736,0.38522782949534545,0.38192062714355707,0.37506124448799605,0.3417442430181284,0.3290053895149437,0.3157765801077903,0.2978931896129348,0.2882165605095542,0.2895639392454679,0.2768250857422832,0.29470847623713864,0.305609995100441,0.3168789808917198,0.3411317981381676,0.3661195492405684,0.4021313081822636,0.4244243018128369,0.4778294953454189,0.5100440960313571,0.5377266046055855,0.5587947084762371,0.5726359627633513,0.5732484076433121,0.5596521313081824,0.5219255267025967,0.5124938755512004,0.46153846153846156,0.40801077902988736,0.3615874571288584,0.30658990690837823,0.26053405193532586,0.20418912297893194,0.15482606565409113,0.13179813816756492,0.11795688388045075,0.10044096031357179,0.10852523272905439,0.13179813816756492,0.15813326800587948,0.1967172954434101,0.24424301812836843,0.3189612934835865,0.3956393924546791,0.49289563939245473,0.5978686918177364,0.718765311121999,0.8280254777070065,0.9102155805977463,1.0,0.9550465458108771,0.8868201861832435,0.7665360117589417,0.589906908378246,0.41058304752572267,0.28074473297403235,0.16046055854973054,0.0801077902988731,0.033806957373836356,0.013351298383145516,0.0039196472317491425,0.0009799118079372856,0.0,0.0002449779519843214,0.0,0.0001224889759921607,0.0,0.0,0.0,0.0,0.0,0.0,0.0,0.0,0.0,0.0,0.0,0.0,0.0,0.0,0.0,0.0,0.0,0.0,0.0,0.0001224889759921607,0.0,0.0002449779519843214,0.0,0.0009799118079372856,0.0039196472317491425,0.013351298383145516,0.033806957373836356,0.0801077902988731,0.16046055854973054,0.28074473297403235,0.41058304752572267,0.589906908378246,0.7665360117589417,0.8868201861832435,0.9550465458108771,1.0,0.9102155805977463,0.8280254777070065,0.718765311121999,0.5978686918177364,0.49289563939245473,0.3956393924546791,0.3189612934835865,0.24424301812836843,0.1967172954434101,0.15813326800587948,0.13179813816756492,0.10852523272905439,0.10044096031357179,0.11795688388045075,0.13179813816756492,0.15482606565409113,0.20418912297893194,0.26053405193532586,0.30658990690837823,0.3615874571288584,0.40801077902988736,0.46153846153846156,0.5124938755512004,0.5219255267025967,0.5596521313081824,0.5732484076433121,0.5726359627633513,0.5587947084762371,0.5377266046055855,0.5100440960313571,0.4778294953454189,0.4244243018128369,0.4021313081822636,0.3661195492405684,0.3411317981381676,0.3168789808917198,0.305609995100441,0.29470847623713864,0.2768250857422832,0.2895639392454679,0.2882165605095542,0.2978931896129348,0.3157765801077903,0.3290053895149437,0.3417442430181284,0.37506124448799605,0.38192062714355707,0.38522782949534545,0.40801077902988736,0.4178098971092602,0.4303037726604606,0.4363057324840765,0.4343459088682019,0.437530622243998,19-01-24_YC013_probe1,64
0.0016863406408094436,0.0011242270938729624,0.0005621135469364812,0.0005621135469364812,0.0,0.0005621135469364812,0.0016863406408094436,0.0,0.0005621135469364812,0.0005621135469364812,0.0011242270938729624,0.0005621135469364812,0.0,0.0005621135469364812,0.0016863406408094436,0.0011242270938729624,0.0,0.0011242270938729624,0.0016863406408094436,0.0011242270938729624,0.0005621135469364812,0.0011242270938729624,0.0011242270938729624,0.002810567734682406,0.0,0.0011242270938729624,0.0011242270938729624,0.0016863406408094436,0.0005621135469364812,0.002810567734682406,0.0016863406408094436,0.0005621135469364812,0.0,0.002810567734682406,0.0016863406408094436,0.0,0.0005621135469364812,0.0011242270938729624,0.0005621135469364812,0.0005621135469364812,0.0016863406408094436,0.0,0.0011242270938729624,0.0011242270938729624,0.0016863406408094436,0.0,0.0005621135469364812,0.0011242270938729624,0.0005621135469364812,0.0,0.0,0.0011242270938729624,0.0,0.0,0.0,0.0011242270938729624,0.0,0.0,0.0,0.0011242270938729624,0.0,0.0005621135469364812,0.0005621135469364812,0.0005621135469364812,0.0005621135469364812,0.0005621135469364812,0.0005621135469364812,0.0016863406408094436,0.006183249016301294,0.0033726812816188873,0.0016863406408094436,0.0033726812816188873,0.005621135469364812,0.0016863406408094436,0.0016863406408094436,0.0,0.045531197301854974,1.0,0.0,0.0,0.0,0.0,0.0,1.0,0.045531197301854974,0.0,0.0016863406408094436,0.0016863406408094436,0.005621135469364812,0.0033726812816188873,0.0016863406408094436,0.0033726812816188873,0.006183249016301294,0.0016863406408094436,0.0005621135469364812,0.0005621135469364812,0.0005621135469364812,0.0005621135469364812,0.0005621135469364812,0.0005621135469364812,0.0,0.0011242270938729624,0.0,0.0,0.0,0.0011242270938729624,0.0,0.0,0.0,0.0011242270938729624,0.0,0.0,0.0005621135469364812,0.0011242270938729624,0.0005621135469364812,0.0,0.0016863406408094436,0.0011242270938729624,0.0011242270938729624,0.0,0.0016863406408094436,0.0005621135469364812,0.0005621135469364812,0.0011242270938729624,0.0005621135469364812,0.0,0.0016863406408094436,0.002810567734682406,0.0,0.0005621135469364812,0.0016863406408094436,0.002810567734682406,0.0005621135469364812,0.0016863406408094436,0.0011242270938729624,0.0011242270938729624,0.0,0.002810567734682406,0.0011242270938729624,0.0011242270938729624,0.0005621135469364812,0.0011242270938729624,0.0016863406408094436,0.0011242270938729624,0.0,0.0011242270938729624,0.0016863406408094436,0.0005621135469364812,0.0,0.0005621135469364812,0.0011242270938729624,0.0005621135469364812,0.0005621135469364812,0.0,0.0016863406408094436,0.0005621135469364812,0.0,0.0005621135469364812,0.0005621135469364812,0.0011242270938729624,0.0016863406408094436,19-01-24_YC013_probe1,651
0.33333333333333337,0.6666666666666667,0.33333333333333337,0.6666666666666667,0.0,0.33333333333333337,0.33333333333333337,0.33333333333333337,0.0,0.0,0.0,0.6666666666666667,0.0,0.0,0.33333333333333337,0.33333333333333337,0.33333333333333337,0.0,0.33333333333333337,0.0,0.0,0.33333333333333337,0.33333333333333337,0.0,0.6666666666666667,0.0,0.33333333333333337,0.0,0.0,0.33333333333333337,0.0,0.0,0.0,0.33333333333333337,0.0,0.33333333333333337,0.33333333333333337,0.0,0.0,0.33333333333333337,0.0,0.0,0.33333333333333337,0.0,0.33333333333333337,0.0,0.0,0.33333333333333337,0.33333333333333337,0.0,0.33333333333333337,1.0,0.33333333333333337,0.0,0.33333333333333337,0.0,0.0,0.33333333333333337,0.0,0.0,0.0,0.33333333333333337,0.33333333333333337,0.0,0.0,0.6666666666666667,0.0,0.33333333333333337,0.33333333333333337,0.0,0.0,0.33333333333333337,0.33333333333333337,0.0,0.0,0.0,0.33333333333333337,0.6666666666666667,0.0,0.0,0.0,0.0,0.0,0.6666666666666667,0.33333333333333337,0.0,0.0,0.0,0.33333333333333337,0.33333333333333337,0.0,0.0,0.33333333333333337,0.33333333333333337,0.0,0.6666666666666667,0.0,0.0,0.33333333333333337,0.33333333333333337,0.0,0.0,0.0,0.33333333333333337,0.0,0.0,0.33333333333333337,0.0,0.33333333333333337,1.0,0.33333333333333337,0.0,0.33333333333333337,0.33333333333333337,0.0,0.0,0.33333333333333337,0.0,0.33333333333333337,0.0,0.0,0.33333333333333337,0.0,0.0,0.33333333333333337,0.33333333333333337,0.0,0.33333333333333337,0.0,0.0,0.0,0.33333333333333337,0.0,0.0,0.33333333333333337,0.0,0.6666666666666667,0.0,0.33333333333333337,0.33333333333333337,0.0,0.0,0.33333333333333337,0.0,0.33333333333333337,0.33333333333333337,0.33333333333333337,0.0,0.0,0.6666666666666667,0.0,0.0,0.0,0.33333333333333337,0.33333333333333337,0.33333333333333337,0.0,0.6666666666666667,0.33333333333333337,0.6666666666666667,0.33333333333333337,19-01-24_YC013_probe1,654
0.0,0.0,0.0,0.0,0.011363636363636364,0.0,0.011363636363636364,0.0,0.0,0.0,0.0,0.0,0.0,0.0,0.03409090909090909,0.011363636363636364,0.0,0.011363636363636364,0.0,0.011363636363636364,0.011363636363636364,0.011363636363636364,0.022727272727272728,0.022727272727272728,0.011363636363636364,0.0,0.0,0.0,0.0,0.0,0.0,0.0,0.011363636363636364,0.0,0.011363636363636364,0.011363636363636364,0.011363636363636364,0.022727272727272728,0.0,0.0,0.0,0.0,0.0,0.0,0.0,0.0,0.0,0.0,0.0,0.0,0.0,0.0,0.011363636363636364,0.0,0.0,0.011363636363636364,0.022727272727272728,0.0,0.0,0.0,0.0,0.0,0.011363636363636364,0.0,0.011363636363636364,0.0,0.011363636363636364,0.011363636363636364,0.011363636363636364,0.0,0.03409090909090909,0.0,0.011363636363636364,0.0,0.011363636363636364,0.13636363636363635,1.0,0.09090909090909091,0.0,0.0,0.0,0.0,0.0,0.09090909090909091,1.0,0.13636363636363635,0.011363636363636364,0.0,0.011363636363636364,0.0,0.03409090909090909,0.0,0.011363636363636364,0.011363636363636364,0.011363636363636364,0.0,0.011363636363636364,0.0,0.011363636363636364,0.0,0.0,0.0,0.0,0.0,0.022727272727272728,0.011363636363636364,0.0,0.0,0.011363636363636364,0.0,0.0,0.0,0.0,0.0,0.0,0.0,0.0,0.0,0.0,0.0,0.0,0.0,0.0,0.022727272727272728,0.011363636363636364,0.011363636363636364,0.011363636363636364,0.0,0.011363636363636364,0.0,0.0,0.0,0.0,0.0,0.0,0.0,0.011363636363636364,0.022727272727272728,0.022727272727272728,0.011363636363636364,0.011363636363636364,0.011363636363636364,0.0,0.011363636363636364,0.0,0.011363636363636364,0.03409090909090909,0.0,0.0,0.0,0.0,0.0,0.0,0.0,0.011363636363636364,0.0,0.011363636363636364,0.0,0.0,0.0,0.0,19-01-24_YC013_probe1,684
0.9545454545454545,0.8884297520661157,0.8966942148760332,0.9256198347107438,1.0,0.9297520661157025,0.9008264462809918,0.9710743801652894,0.9380165289256198,0.9297520661157025,0.9504132231404958,0.9008264462809918,0.9669421487603307,1.0,0.884297520661157,0.8801652892561983,0.8099173553719008,0.884297520661157,0.8884297520661157,0.8760330578512396,0.8553719008264463,0.8305785123966942,0.9338842975206612,0.7603305785123967,0.9545454545454545,0.8140495867768595,0.859504132231405,0.8925619834710745,0.9049586776859505,0.7933884297520661,0.7479338842975207,0.7066115702479339,0.6611570247933884,0.9380165289256198,0.6900826446280991,0.756198347107438,0.7107438016528925,0.7933884297520661,0.7190082644628099,0.6446280991735537,0.731404958677686,0.6033057851239669,0.5082644628099173,0.5578512396694215,0.5785123966942148,0.4628099173553719,0.48347107438016534,0.3925619834710744,0.5041322314049587,0.4173553719008265,0.37190082644628103,0.34710743801652894,0.256198347107438,0.33884297520661155,0.2727272727272727,0.17768595041322313,0.15289256198347106,0.1487603305785124,0.1322314049586777,0.06198347107438017,0.10330578512396695,0.07024793388429752,0.045454545454545456,0.09504132231404959,0.02066115702479339,0.028925619834710745,0.01652892561983471,0.008264462809917356,0.02066115702479339,0.008264462809917356,0.008264462809917356,0.004132231404958678,0.008264462809917356,0.008264462809917356,0.0,0.008264462809917356,0.004132231404958678,0.008264462809917356,0.008264462809917356,0.008264462809917356,0.0,0.008264462809917356,0.008264462809917356,0.008264462809917356,0.004132231404958678,0.008264462809917356,0.0,0.008264462809917356,0.008264462809917356,0.004132231404958678,0.008264462809917356,0.008264462809917356,0.02066115702479339,0.008264462809917356,0.01652892561983471,0.028925619834710745,0.02066115702479339,0.09504132231404959,0.045454545454545456,0.07024793388429752,0.10330578512396695,0.06198347107438017,0.1322314049586777,0.1487603305785124,0.15289256198347106,0.17768595041322313,0.2727272727272727,0.33884297520661155,0.256198347107438,0.34710743801652894,0.37190082644628103,0.4173553719008265,0.5041322314049587,0.3925619834710744,0.48347107438016534,0.4628099173553719,0.5785123966942148,0.5578512396694215,0.5082644628099173,0.6033057851239669,0.731404958677686,0.6446280991735537,0.7190082644628099,0.7933884297520661,0.7107438016528925,0.756198347107438,0.6900826446280991,0.9380165289256198,0.6611570247933884,0.7066115702479339,0.7479338842975207,0.7933884297520661,0.9049586776859505,0.8925619834710745,0.859504132231405,0.8140495867768595,0.9545454545454545,0.7603305785123967,0.9338842975206612,0.8305785123966942,0.8553719008264463,0.8760330578512396,0.8884297520661157,0.884297520661157,0.8099173553719008,0.8801652892561983,0.884297520661157,1.0,0.9669421487603307,0.9008264462809918,0.9504132231404958,0.9297520661157025,0.9380165289256198,0.9710743801652894,0.9008264462809918,0.9297520661157025,1.0,0.9256198347107438,0.8966942148760332,0.8884297520661157,0.9545454545454545,19-01-24_YC013_probe1,7
0.8314176245210728,0.8045977011494253,0.8390804597701148,0.9157088122605364,0.9080459770114943,0.89272030651341,0.7624521072796934,0.9310344827586207,0.8735632183908045,1.0,0.8773946360153256,0.8735632183908045,0.896551724137931,0.8773946360153256,0.9386973180076629,0.9042145593869731,0.8888888888888888,0.9693486590038314,0.8812260536398467,0.8620689655172413,0.8352490421455939,0.8352490421455939,0.896551724137931,0.7969348659003831,0.8812260536398467,0.7509578544061302,0.7318007662835248,0.7739463601532567,0.6973180076628352,0.8352490421455939,0.7241379310344828,0.7241379310344828,0.7164750957854406,0.5708812260536398,0.5402298850574712,0.44061302681992337,0.49425287356321834,0.4674329501915709,0.4482758620689655,0.43678160919540227,0.38314176245210724,0.3524904214559387,0.3448275862068965,0.2720306513409962,0.21839080459770113,0.20689655172413793,0.18773946360153254,0.1417624521072797,0.13409961685823754,0.16475095785440613,0.1264367816091954,0.10344827586206896,0.11877394636015325,0.09195402298850573,0.09578544061302681,0.06513409961685823,0.04980842911877394,0.042145593869731796,0.022988505747126433,0.045977011494252866,0.045977011494252866,0.022988505747126433,0.01532567049808429,0.038314176245210725,0.022988505747126433,0.007662835249042145,0.019157088122605363,0.019157088122605363,0.0038314176245210726,0.011494252873563216,0.01532567049808429,0.01532567049808429,0.0038314176245210726,0.007662835249042145,0.0,0.0038314176245210726,0.011494252873563216,0.0038314176245210726,0.022988505747126433,0.011494252873563216,0.0,0.011494252873563216,0.022988505747126433,0.0038314176245210726,0.011494252873563216,0.0038314176245210726,0.0,0.007662835249042145,0.0038314176245210726,0.01532567049808429,0.01532567049808429,0.011494252873563216,0.0038314176245210726,0.019157088122605363,0.019157088122605363,0.007662835249042145,0.022988505747126433,0.038314176245210725,0.01532567049808429,0.022988505747126433,0.045977011494252866,0.045977011494252866,0.022988505747126433,0.042145593869731796,0.04980842911877394,0.06513409961685823,0.09578544061302681,0.09195402298850573,0.11877394636015325,0.10344827586206896,0.1264367816091954,0.16475095785440613,0.13409961685823754,0.1417624521072797,0.18773946360153254,0.20689655172413793,0.21839080459770113,0.2720306513409962,0.3448275862068965,0.3524904214559387,0.38314176245210724,0.43678160919540227,0.4482758620689655,0.4674329501915709,0.49425287356321834,0.44061302681992337,0.5402298850574712,0.5708812260536398,0.7164750957854406,0.7241379310344828,0.7241379310344828,0.8352490421455939,0.6973180076628352,0.7739463601532567,0.7318007662835248,0.7509578544061302,0.8812260536398467,0.7969348659003831,0.896551724137931,0.8352490421455939,0.8352490421455939,0.8620689655172413,0.8812260536398467,0.9693486590038314,0.8888888888888888,0.9042145593869731,0.9386973180076629,0.8773946360153256,0.896551724137931,0.8735632183908045,0.8773946360153256,1.0,0.8735632183908045,0.9310344827586207,0.7624521072796934,0.89272030651341,0.9080459770114943,0.9157088122605364,0.8390804597701148,0.8045977011494253,0.8314176245210728,19-01-24_YC013_probe1,71
1.0,0.3333333333333333,0.6666666666666666,0.0,0.0,0.3333333333333333,0.0,0.0,0.3333333333333333,0.3333333333333333,0.6666666666666666,0.0,0.0,0.0,0.6666666666666666,0.3333333333333333,0.0,0.3333333333333333,0.3333333333333333,0.3333333333333333,0.0,0.6666666666666666,0.3333333333333333,0.6666666666666666,0.0,0.0,0.6666666666666666,1.0,0.0,0.6666666666666666,0.3333333333333333,0.3333333333333333,0.3333333333333333,0.3333333333333333,0.6666666666666666,0.0,0.0,0.6666666666666666,0.3333333333333333,0.0,0.3333333333333333,0.0,0.3333333333333333,0.0,0.6666666666666666,0.0,0.3333333333333333,0.6666666666666666,0.3333333333333333,0.0,0.0,0.0,0.0,0.0,0.0,0.6666666666666666,0.0,0.0,0.0,0.0,0.0,0.0,0.3333333333333333,0.3333333333333333,0.0,0.3333333333333333,0.0,0.0,0.6666666666666666,0.3333333333333333,0.0,0.3333333333333333,0.3333333333333333,0.3333333333333333,0.6666666666666666,0.0,0.3333333333333333,0.3333333333333333,0.0,0.0,0.0,0.0,0.0,0.3333333333333333,0.3333333333333333,0.0,0.6666666666666666,0.3333333333333333,0.3333333333333333,0.3333333333333333,0.0,0.3333333333333333,0.6666666666666666,0.0,0.0,0.3333333333333333,0.0,0.3333333333333333,0.3333333333333333,0.0,0.0,0.0,0.0,0.0,0.0,0.6666666666666666,0.0,0.0,0.0,0.0,0.0,0.0,0.3333333333333333,0.6666666666666666,0.3333333333333333,0.0,0.6666666666666666,0.0,0.3333333333333333,0.0,0.3333333333333333,0.0,0.3333333333333333,0.6666666666666666,0.0,0.0,0.6666666666666666,0.3333333333333333,0.3333333333333333,0.3333333333333333,0.3333333333333333,0.6666666666666666,0.0,1.0,0.6666666666666666,0.0,0.0,0.6666666666666666,0.3333333333333333,0.6666666666666666,0.0,0.3333333333333333,0.3333333333333333,0.3333333333333333,0.0,0.3333333333333333,0.6666666666666666,0.0,0.0,0.0,0.6666666666666666,0.3333333333333333,0.3333333333333333,0.0,0.0,0.3333333333333333,0.0,0.0,0.6666666666666666,0.3333333333333333,1.0,19-01-24_YC013_probe1,797
0.5,1.0,0.0,0.0,0.5,1.0,0.0,0.0,0.0,0.0,0.0,0.5,0.0,0.0,0.0,0.0,0.0,1.0,0.0,0.0,1.0,0.0,0.0,0.0,0.0,0.0,1.0,0.0,0.0,0.0,0.5,0.0,0.5,0.5,1.0,0.0,0.0,0.5,0.0,0.5,0.0,0.5,0.0,0.5,0.5,0.0,0.0,0.0,0.0,0.5,0.5,0.5,0.0,0.0,0.0,0.0,0.0,0.0,0.0,1.0,1.0,0.0,0.0,0.0,0.5,0.5,0.5,0.5,0.0,0.5,0.0,0.0,1.0,0.0,0.0,0.5,0.5,0.0,0.5,0.0,0.0,0.0,0.5,0.0,0.5,0.5,0.0,0.0,1.0,0.0,0.0,0.5,0.0,0.5,0.5,0.5,0.5,0.0,0.0,0.0,1.0,1.0,0.0,0.0,0.0,0.0,0.0,0.0,0.0,0.5,0.5,0.5,0.0,0.0,0.0,0.0,0.5,0.5,0.0,0.5,0.0,0.5,0.0,0.5,0.0,0.0,1.0,0.5,0.5,0.0,0.5,0.0,0.0,0.0,1.0,0.0,0.0,0.0,0.0,0.0,1.0,0.0,0.0,1.0,0.0,0.0,0.0,0.0,0.0,0.5,0.0,0.0,0.0,0.0,0.0,1.0,0.5,0.0,0.0,1.0,0.5,19-01-24_YC013_probe1,814
