"MFRBlockHz","tf_MedIsi","tf_Entropy","tf_CV2Mean","tf_LvR","Cluster","Sample","Unit","Sample.1","Unit.1","RespPk","RespGo","RespGr","RespMF"
8.06,0.1,6.974,0.686,7.559,3,"18-08-30_YC001",125,"18-08-30_YC001",125,0,0,0,0
8.85,0.082,6.876,0.843,13.871,3,"18-08-30_YC001",155,"18-08-30_YC001",155,0,0,0,0
22.12,0.035,6.945,0.743,25.792,3,"18-08-30_YC001",159,"18-08-30_YC001",159,0,0,0,0
197.42,0.004,4.321,0.26,32.027,1,"18-08-30_YC001",177,"18-08-30_YC001",177,0,0,0,0
53.54,0.017,7.223,0.78,78.921,2,"18-08-30_YC001",188,"18-08-30_YC001",188,0,0,0,0
10.02,0.067,6.553,0.648,10.408,3,"18-08-30_YC001",190,"18-08-30_YC001",190,0,0,0,0
7.67,0.085,6.399,0.903,19.027,3,"18-08-30_YC001",194,"18-08-30_YC001",194,0,0,0,0
1.55,0.459,6.02,0.855,3.288,3,"18-08-30_YC001",195,"18-08-30_YC001",195,0,0,0,0
11.5,0.031,5.746,1.129,44.549,2,"18-08-30_YC001",198,"18-08-30_YC001",198,0,0,0,0
19.86,0.045,7.056,0.737,37.53,3,"18-08-30_YC001",200,"18-08-30_YC001",200,0,0,0,0
1.48,0.059,3.643,1.024,16.324,2,"18-08-30_YC001",201,"18-08-30_YC001",201,0,0,0,0
2.93,0.201,6.342,0.837,6.863,3,"18-08-30_YC001",204,"18-08-30_YC001",204,0,0,0,0
24.44,0.029,6.495,0.68,33.107,3,"18-08-30_YC001",205,"18-08-30_YC001",205,0,0,0,0
6.17,0.113,6.537,0.701,6.992,3,"18-08-30_YC001",206,"18-08-30_YC001",206,0,0,0,0
27.64,0.026,6.758,0.681,31.789,3,"18-08-30_YC001",209,"18-08-30_YC001",209,0,0,0,0
14.95,0.046,6.3,1.04,54.981,2,"18-08-30_YC001",221,"18-08-30_YC001",221,0,0,0,0
69.27,0.012,5.349,0.355,14.971,1,"18-08-30_YC001",227,"18-08-30_YC001",227,1,0,0,0
14.97,0.049,6.624,0.738,17.273,3,"18-08-30_YC001",258,"18-08-30_YC001",258,0,0,0,0
93.24,0.007,5.304,0.466,34.026,1,"18-08-30_YC001",267,"18-08-30_YC001",267,0,0,0,0
16,0.033,6.099,0.965,37.243,2,"18-08-30_YC001",291,"18-08-30_YC001",291,0,0,0,0
11.64,0.067,6.977,0.661,12.547,3,"18-08-30_YC001",292,"18-08-30_YC001",292,0,0,0,0
11.77,0.063,6.839,0.676,13.386,3,"18-08-30_YC001",302,"18-08-30_YC001",302,0,0,0,0
2.62,0.135,5.924,1.213,23.25,3,"18-08-30_YC001",396,"18-08-30_YC001",396,0,0,0,0
48.43,0.009,4.303,0.685,77.102,2,"18-08-30_YC001",398,"18-08-30_YC001",398,0,0,0,0
7.33,0.055,5.999,1.076,27.626,2,"18-08-30_YC001",48,"18-08-30_YC001",48,0,0,0,0
10.27,0.065,6.867,0.838,17.094,3,"18-08-30_YC001",70,"18-08-30_YC001",70,0,0,0,0
11.47,0.065,7.006,0.778,13.986,3,"18-08-30_YC001",76,"18-08-30_YC001",76,0,0,0,0
16.92,0.044,6.767,0.728,19.012,3,"18-08-30_YC001",78,"18-08-30_YC001",78,0,0,0,0
15.15,0.046,6.763,0.702,15.846,3,"18-08-30_YC001",99,"18-08-30_YC001",99,0,0,0,0
2.21,0.152,5.2,1.1,17.934,3,"18-08-30_YC002",10,"18-08-30_YC002",10,0,0,0,0
4.51,0.12,6.048,0.79,26.107,3,"18-08-30_YC002",103,"18-08-30_YC002",103,0,0,0,0
25.25,0.027,6.425,0.761,39.484,3,"18-08-30_YC002",106,"18-08-30_YC002",106,0,0,0,0
4.58,0.15,6.738,0.853,9.388,3,"18-08-30_YC002",12,"18-08-30_YC002",12,0,0,0,0
7.35,0.101,6.486,0.676,8.197,3,"18-08-30_YC002",129,"18-08-30_YC002",129,0,0,0,0
11.26,0.075,6.811,0.763,16.099,3,"18-08-30_YC002",140,"18-08-30_YC002",140,0,0,0,0
15.77,0.047,6.782,0.95,40.301,3,"18-08-30_YC002",144,"18-08-30_YC002",144,0,0,0,0
21.15,0.029,6.298,0.687,23.013,3,"18-08-30_YC002",147,"18-08-30_YC002",147,0,0,0,0
6.44,0.064,5.247,0.832,12.822,3,"18-08-30_YC002",149,"18-08-30_YC002",149,0,0,0,0
22.62,0.029,6.513,1.004,61.462,2,"18-08-30_YC002",153,"18-08-30_YC002",153,0,0,0,0
7.81,0.08,6.145,0.758,10.724,3,"18-08-30_YC002",157,"18-08-30_YC002",157,0,0,0,0
10.73,0.045,6.361,0.923,33.882,3,"18-08-30_YC002",158,"18-08-30_YC002",158,0,0,0,0
31.52,0.023,6.71,0.778,41.08,2,"18-08-30_YC002",16,"18-08-30_YC002",16,0,0,0,0
7.3,0.134,6.517,0.879,10.124,3,"18-08-30_YC002",163,"18-08-30_YC002",163,0,0,0,0
11.81,0.063,6.626,0.834,23.021,3,"18-08-30_YC002",169,"18-08-30_YC002",169,0,0,0,0
16.54,0.021,5.566,1.01,57.429,2,"18-08-30_YC002",170,"18-08-30_YC002",170,0,0,0,0
3.52,0.224,6.927,0.713,4.184,3,"18-08-30_YC002",180,"18-08-30_YC002",180,0,0,0,0
10.28,0.031,5.026,1.016,34.707,2,"18-08-30_YC002",255,"18-08-30_YC002",255,0,0,0,0
4.78,0.151,6.796,0.772,6.325,3,"18-08-30_YC002",330,"18-08-30_YC002",330,0,0,0,0
30.79,0.026,7.003,0.768,49.832,2,"18-08-30_YC002",35,"18-08-30_YC002",35,0,0,0,0
77.28,0.008,5.101,0.402,22.992,1,"18-08-30_YC002",37,"18-08-30_YC002",37,0,0,0,0
11.27,0.056,6.653,0.697,16.854,3,"18-08-30_YC002",72,"18-08-30_YC002",72,0,0,0,0
8.07,0.079,6.806,0.775,9.464,3,"18-08-30_YC002",86,"18-08-30_YC002",86,1,0,0,0
10.69,0.063,6.763,0.95,24.615,3,"18-08-30_YC002",94,"18-08-30_YC002",94,0,0,0,0
6.75,0.064,6.121,0.73,12.292,3,"18-08-30_YC002",95,"18-08-30_YC002",95,0,0,0,0
15.04,0.051,6.12,1.465,65.158,2,"18-08-31_YC003",0,"18-08-31_YC003",0,0,0,0,0
55.53,0.013,6.405,0.761,60.971,2,"18-08-31_YC003",102,"18-08-31_YC003",102,0,0,0,0
3.91,0.117,6.072,0.989,15.58,3,"18-08-31_YC003",132,"18-08-31_YC003",132,0,0,0,0
11.85,0.022,3.429,0.644,14.609,1,"18-08-31_YC003",152,"18-08-31_YC003",152,0,0,0,0
8.2,0.078,6.351,0.769,11.322,3,"18-08-31_YC003",160,"18-08-31_YC003",160,0,0,0,0
2.96,0.224,6.78,0.938,7.497,3,"18-08-31_YC003",162,"18-08-31_YC003",162,0,0,0,0
11.62,0.065,6.937,0.759,14.061,3,"18-08-31_YC003",169,"18-08-31_YC003",169,0,0,0,0
23.47,0.034,5.255,0.923,26.012,2,"18-08-31_YC003",170,"18-08-31_YC003",170,0,0,0,0
2.07,0.104,6.241,0.857,10.877,3,"18-08-31_YC003",173,"18-08-31_YC003",173,0,0,0,0
15.79,0.037,6.554,0.981,40.142,2,"18-08-31_YC003",181,"18-08-31_YC003",181,0,0,0,0
77.85,0.008,5.419,0.394,22.482,1,"18-08-31_YC003",184,"18-08-31_YC003",184,0,0,0,0
62.17,0.01,4.68,0.412,19.931,1,"18-08-31_YC003",186,"18-08-31_YC003",186,0,0,0,0
14.93,0.039,6.495,0.926,33.433,3,"18-08-31_YC003",189,"18-08-31_YC003",189,0,0,0,0
9.5,0.074,6.7,0.87,26.206,3,"18-08-31_YC003",190,"18-08-31_YC003",190,0,0,0,0
73.25,0.008,5.337,0.533,35.364,1,"18-08-31_YC003",194,"18-08-31_YC003",194,0,0,0,0
28.66,0.024,6.696,0.744,33.235,3,"18-08-31_YC003",196,"18-08-31_YC003",196,0,0,0,0
7.92,0.093,6.73,0.725,9.259,3,"18-08-31_YC003",208,"18-08-31_YC003",208,0,0,0,0
5.48,0.119,6.376,0.761,8.42,3,"18-08-31_YC003",209,"18-08-31_YC003",209,0,0,0,0
27.74,0.027,6.573,0.716,31.866,3,"18-08-31_YC003",218,"18-08-31_YC003",218,0,0,0,0
11.9,0.055,6.282,0.681,12.718,3,"18-08-31_YC003",222,"18-08-31_YC003",222,0,0,0,0
9.78,0.076,6.719,0.83,16.364,3,"18-08-31_YC003",223,"18-08-31_YC003",223,0,0,0,0
9.68,0.078,6.669,0.71,11.006,3,"18-08-31_YC003",229,"18-08-31_YC003",229,0,0,0,0
5.81,0.072,5.761,1.018,24.034,3,"18-08-31_YC003",230,"18-08-31_YC003",230,0,0,0,0
29.54,0.025,5.241,0.85,31.314,2,"18-08-31_YC003",239,"18-08-31_YC003",239,0,0,0,0
35.03,0.013,4.666,0.709,36.991,2,"18-08-31_YC003",295,"18-08-31_YC003",295,0,0,0,0
68.49,0.01,5.886,0.607,41.436,1,"18-08-31_YC003",298,"18-08-31_YC003",298,0,0,0,0
18.69,0.02,4.383,0.663,22.486,1,"18-08-31_YC003",300,"18-08-31_YC003",300,0,0,0,0
21.99,0.032,6.487,0.793,32.097,3,"18-08-31_YC003",332,"18-08-31_YC003",332,0,0,0,0
15.75,0.04,6.588,0.889,29.062,3,"18-08-31_YC003",377,"18-08-31_YC003",377,0,0,0,0
12.52,0.063,6.995,0.712,13.35,3,"18-08-31_YC003",393,"18-08-31_YC003",393,0,0,0,0
22.7,0.032,7.074,0.942,85.525,2,"18-08-31_YC003",54,"18-08-31_YC003",54,0,0,0,0
33.01,0.025,6.956,0.643,29.512,3,"18-08-31_YC003",57,"18-08-31_YC003",57,0,0,0,0
10.42,0.042,5.192,0.785,18.967,3,"18-08-31_YC003",58,"18-08-31_YC003",58,0,0,0,0
14.3,0.047,6.742,0.876,26.951,3,"18-08-31_YC003",641,"18-08-31_YC003",641,0,0,0,0
22.28,0.023,5.919,0.844,42.077,2,"18-08-31_YC003",81,"18-08-31_YC003",81,0,0,0,0
37.11,0.014,5.21,0.822,94.357,2,"18-08-31_YC003",92,"18-08-31_YC003",92,0,0,0,0
10.04,0.077,6.784,0.595,7.512,3,"18-08-31_YC004",107,"18-08-31_YC004",107,0,0,0,0
1.72,0.505,6.484,1.315,12.038,3,"18-08-31_YC004",164,"18-08-31_YC004",164,0,0,0,0
5.47,0.128,6.609,0.705,6.795,3,"18-08-31_YC004",22,"18-08-31_YC004",22,0,0,0,0
28.16,0.018,3.972,0.466,13.29,1,"18-08-31_YC004",26,"18-08-31_YC004",26,0,0,0,0
2.17,0.233,5.889,0.837,4.542,3,"18-08-31_YC004",65,"18-08-31_YC004",65,0,0,0,0
8.39,0.087,6.658,0.66,7.277,3,"18-08-31_YC004",69,"18-08-31_YC004",69,0,0,0,0
5.82,0.134,6.817,0.63,5.064,3,"18-08-31_YC004",73,"18-08-31_YC004",73,0,0,0,0
16.21,0.022,5.08,1.013,79.179,2,"18-08-31_YC004",74,"18-08-31_YC004",74,0,0,0,0
2.81,0.192,6.159,1.141,14.419,3,"18-09-03_YC005",0,"18-09-03_YC005",0,0,0,0,0
9.74,0.074,6.43,0.852,13.645,3,"18-09-03_YC005",107,"18-09-03_YC005",107,0,0,0,0
18.22,0.035,5.615,0.785,33.97,2,"18-09-03_YC005",130,"18-09-03_YC005",130,0,0,0,0
6.87,0.103,6.733,0.656,6.519,3,"18-09-03_YC005",133,"18-09-03_YC005",133,0,0,0,0
10.27,0.068,6.562,0.733,12.045,3,"18-09-03_YC005",150,"18-09-03_YC005",150,0,0,0,0
9.97,0.066,6.466,0.821,15.21,3,"18-09-03_YC005",210,"18-09-03_YC005",210,0,0,0,0
10.6,0.037,5.567,0.94,21.715,3,"18-09-03_YC005",35,"18-09-03_YC005",35,0,0,0,0
25.82,0.016,3.332,0.485,16.565,1,"18-09-03_YC005",37,"18-09-03_YC005",37,0,0,0,0
15.79,0.021,4.409,0.83,35.148,2,"18-09-03_YC006",104,"18-09-03_YC006",104,0,0,0,0
90.49,0.005,3.515,0.234,11.765,1,"18-09-03_YC006",119,"18-09-03_YC006",119,0,0,0,0
32.64,0.026,6.469,0.644,25.985,3,"18-09-03_YC006",159,"18-09-03_YC006",159,0,0,0,0
0.97,0.137,4.615,1.429,37.779,2,"18-09-03_YC006",19,"18-09-03_YC006",19,0,0,0,0
0.94,0.142,4.686,1.456,36.285,2,"18-09-03_YC006",20,"18-09-03_YC006",20,0,0,0,0
21.36,0.035,6.502,0.588,19.02,3,"18-09-03_YC006",225,"18-09-03_YC006",225,0,0,0,0
22.82,0.034,6.837,0.783,41.477,3,"18-09-03_YC006",31,"18-09-03_YC006",31,0,0,0,0
1.92,0.053,4.396,1.107,44.825,2,"18-09-03_YC006",373,"18-09-03_YC006",373,0,0,0,0
22.2,0.029,6.791,0.823,35.292,3,"18-09-03_YC006",388,"18-09-03_YC006",388,0,0,0,0
10.07,0.08,6.726,1.143,41.19,2,"18-09-03_YC006",41,"18-09-03_YC006",41,0,0,0,0
53.91,0.013,5.296,0.392,16.788,1,"18-09-03_YC006",62,"18-09-03_YC006",62,0,0,0,0
4,0.126,5.177,0.78,6.437,3,"18-09-03_YC006",66,"18-09-03_YC006",66,0,0,0,0
11.62,0.069,7.037,0.831,18.238,3,"18-09-03_YC006",8,"18-09-03_YC006",8,0,0,0,0
4.33,0.085,5.01,0.898,11.987,3,"18-09-03_YC006",82,"18-09-03_YC006",82,0,0,0,0
4.13,0.087,4.765,0.915,12.278,3,"18-09-03_YC006",83,"18-09-03_YC006",83,0,0,0,0
22.97,0.019,5.285,0.909,78.473,2,"18-09-03_YC006",86,"18-09-03_YC006",86,0,0,0,0
47.32,0.015,6.261,0.774,55.197,2,"18-09-03_YC006",98,"18-09-03_YC006",98,0,0,0,0
15.85,0.053,6.773,0.776,19.295,3,"19-12-13_YC007",84,"19-12-13_YC007",84,0,0,0,0
9.05,0.067,6.338,1.212,48.132,2,"18-12-13_YC008",134,"18-12-13_YC008",134,0,0,0,0
11.67,0.061,6.822,0.629,11.038,3,"18-12-13_YC008",149,"18-12-13_YC008",149,0,0,0,0
27.69,0.023,6.147,0.627,36.556,3,"18-12-13_YC008",152,"18-12-13_YC008",152,0,0,0,0
3.11,0.236,6.958,0.928,7.55,3,"18-12-13_YC008",184,"18-12-13_YC008",184,0,0,0,0
6.8,0.102,5.791,0.544,4.114,3,"18-12-13_YC008",196,"18-12-13_YC008",196,0,0,0,0
36.77,0.021,6.918,0.782,45.122,2,"18-12-13_YC008",240,"18-12-13_YC008",240,0,0,0,0
85.39,0.008,4.409,0.327,18.291,1,"18-12-13_YC008",243,"18-12-13_YC008",243,0,0,0,0
43.73,0.012,5.147,0.748,81.585,2,"18-12-13_YC008",244,"18-12-13_YC008",244,0,0,0,0
20.07,0.033,6.706,0.921,35.445,3,"18-12-13_YC008",247,"18-12-13_YC008",247,0,0,0,0
17.2,0.048,6.578,0.676,14.979,3,"18-12-13_YC008",248,"18-12-13_YC008",248,0,0,0,0
123.99,0.007,4.324,0.232,13.668,1,"18-12-13_YC008",278,"18-12-13_YC008",278,0,0,0,0
4.97,0.109,5.97,0.89,10.937,3,"18-12-13_YC008",30,"18-12-13_YC008",30,0,0,0,0
24.12,0.032,6.905,0.751,27.829,3,"18-12-13_YC008",329,"18-12-13_YC008",329,0,0,0,0
28.5,0.025,6.709,0.714,31.33,3,"18-12-13_YC008",344,"18-12-13_YC008",344,0,0,0,0
4.46,0.137,5.957,0.669,5.247,3,"18-12-13_YC008",376,"18-12-13_YC008",376,0,0,0,0
10.39,0.035,5.656,1.011,48.606,2,"18-12-13_YC008",42,"18-12-13_YC008",42,0,0,0,0
8.38,0.082,6.741,0.726,9.917,3,"18-12-13_YC008",54,"18-12-13_YC008",54,0,0,0,0
21.37,0.04,6.06,0.808,25.821,3,"18-12-13_YC008",81,"18-12-13_YC008",81,0,0,0,0
12.14,0.064,6.727,0.661,13.919,3,"18-12-13_YC008",95,"18-12-13_YC008",95,0,0,0,0
14.37,0.053,6.913,0.646,12.045,3,"18-12-17_YC009",103,"18-12-17_YC009",103,0,0,0,0
6.46,0.086,5.924,0.836,13.09,3,"18-12-17_YC009",105,"18-12-17_YC009",105,0,0,0,0
2.78,0.28,6.106,0.92,5.919,3,"18-12-17_YC009",110,"18-12-17_YC009",110,0,0,0,0
48.56,0.009,6.439,1.028,119.646,2,"18-12-17_YC009",111,"18-12-17_YC009",111,0,0,0,0
39.52,0.012,5.661,0.703,52.958,2,"18-12-17_YC009",113,"18-12-17_YC009",113,0,0,0,0
13.36,0.059,5.917,0.71,12.953,3,"18-12-17_YC009",124,"18-12-17_YC009",124,0,0,0,0
0.25,0.265,5.668,0.94,6.258,3,"18-12-17_YC009",126,"18-12-17_YC009",126,0,0,0,0
46.67,0.019,6.635,0.748,40.489,2,"18-12-17_YC009",127,"18-12-17_YC009",127,0,0,0,0
4.52,0.138,6.567,0.985,13.349,3,"18-12-17_YC009",129,"18-12-17_YC009",129,0,0,0,0
14.37,0.051,6.671,0.694,15.221,3,"18-12-17_YC009",13,"18-12-17_YC009",13,0,0,0,0
15.57,0.041,6.691,0.928,32.905,3,"18-12-17_YC009",139,"18-12-17_YC009",139,0,0,0,0
7.43,0.096,5.965,0.68,8.465,3,"18-12-17_YC009",14,"18-12-17_YC009",14,0,0,0,0
16.8,0.038,6.603,0.694,22.265,3,"18-12-17_YC009",17,"18-12-17_YC009",17,0,0,0,0
19.56,0.037,6.831,0.822,28.834,3,"18-12-17_YC009",180,"18-12-17_YC009",180,0,0,0,0
40.1,0.012,4.654,0.592,41.023,1,"18-12-17_YC009",22,"18-12-17_YC009",22,0,0,0,0
7.75,0.1,6.871,0.7,7.705,3,"18-12-17_YC009",234,"18-12-17_YC009",234,0,0,0,0
14.15,0.05,6.677,0.649,14.163,3,"18-12-17_YC009",240,"18-12-17_YC009",240,0,0,0,0
13.56,0.049,6.699,0.644,19.358,3,"18-12-17_YC009",25,"18-12-17_YC009",25,0,0,0,0
17.78,0.02,5.487,0.953,78.803,2,"18-12-17_YC009",26,"18-12-17_YC009",26,0,0,0,0
11.83,0.053,6.463,0.657,11.657,3,"18-12-17_YC009",272,"18-12-17_YC009",272,0,0,0,0
17.83,0.038,6.638,0.99,51.314,2,"18-12-17_YC009",280,"18-12-17_YC009",280,0,0,0,0
40.59,0.018,6.607,0.636,39.708,3,"18-12-17_YC009",281,"18-12-17_YC009",281,0,0,0,0
13.38,0.029,5.454,0.823,33.078,2,"18-12-17_YC009",286,"18-12-17_YC009",286,0,0,0,0
2.98,0.2,6.406,0.947,9.678,3,"18-12-17_YC009",287,"18-12-17_YC009",287,0,0,0,0
30.63,0.021,6.194,0.68,37.495,3,"18-12-17_YC009",288,"18-12-17_YC009",288,0,0,0,0
7.09,0.079,6.485,0.751,12.44,3,"18-12-17_YC009",29,"18-12-17_YC009",29,0,0,0,0
60.42,0.021,5.615,0.742,31.263,1,"18-12-17_YC009",311,"18-12-17_YC009",311,0,0,0,0
43.1,0.013,5.758,0.606,32.603,1,"18-12-17_YC009",329,"18-12-17_YC009",329,0,0,0,0
24.12,0.027,6.24,0.631,21.129,3,"18-12-17_YC009",336,"18-12-17_YC009",336,0,0,0,0
35.54,0.014,4.657,0.608,27.235,1,"18-12-17_YC009",352,"18-12-17_YC009",352,0,0,0,0
14.14,0.029,4.677,0.758,28.202,2,"18-12-17_YC009",364,"18-12-17_YC009",364,0,0,0,0
7.12,0.07,5.287,0.725,12.603,3,"18-12-17_YC009",373,"18-12-17_YC009",373,0,0,0,0
28.91,0.021,6.502,0.853,51.67,2,"18-12-17_YC009",39,"18-12-17_YC009",39,0,0,0,0
87.92,0.008,4.499,0.456,31.333,1,"18-12-17_YC009",501,"18-12-17_YC009",501,0,0,0,0
35.5,0.016,5.375,0.633,26.939,1,"18-12-17_YC009",570,"18-12-17_YC009",570,0,0,0,0
59.06,0.01,4.975,0.324,15.429,1,"18-12-17_YC009",590,"18-12-17_YC009",590,0,0,0,0
25.51,0.025,6.617,0.826,41.146,2,"18-12-17_YC009",594,"18-12-17_YC009",594,0,0,0,0
28.23,0.026,6.756,0.687,30.531,3,"18-12-17_YC009",611,"18-12-17_YC009",611,0,0,0,0
41.27,0.015,5.356,0.581,25.756,1,"18-12-17_YC009",617,"18-12-17_YC009",617,0,0,0,0
26.08,0.022,4.767,0.502,14.035,1,"18-12-17_YC009",627,"18-12-17_YC009",627,0,0,0,0
7.01,0.108,6.815,0.86,18.11,3,"18-12-17_YC009",65,"18-12-17_YC009",65,0,0,0,0
8.24,0.08,6.561,0.914,16.875,3,"18-12-17_YC009",75,"18-12-17_YC009",75,0,0,0,0
22.75,0.031,6.741,0.749,29.231,3,"18-12-17_YC009",88,"18-12-17_YC009",88,0,0,0,0
21.32,0.025,5.618,0.975,64.521,2,"18-12-17_YC009",95,"18-12-17_YC009",95,0,0,0,0
25.7,0.024,6,0.819,40.302,2,"18-12-17_YC010",113,"18-12-17_YC010",113,0,0,0,0
36.53,0.019,6.308,0.774,50.463,2,"18-12-17_YC010",193,"18-12-17_YC010",193,0,0,0,0
43.72,0.017,6.647,0.807,66.127,2,"18-12-17_YC010",272,"18-12-17_YC010",272,0,0,0,0
50.57,0.017,7.069,0.743,57.142,2,"18-12-17_YC010",277,"18-12-17_YC010",277,0,0,0,0
6.03,0.121,6.602,0.664,5.747,3,"18-12-17_YC010",297,"18-12-17_YC010",297,0,0,0,0
28.08,0.019,6.285,0.961,64.123,2,"18-12-17_YC010",314,"18-12-17_YC010",314,1,0,0,0
30.8,0.022,6.021,0.661,25.599,3,"18-12-17_YC010",402,"18-12-17_YC010",402,0,0,0,0
14.19,0.071,5.947,0.633,7.571,3,"18-12-17_YC010",86,"18-12-17_YC010",86,0,0,0,0
2.68,0.035,3.373,0.799,10.109,2,"18-12-17_YC010",99,"18-12-17_YC010",99,0,0,0,0
8.08,0.054,5.074,0.822,12.783,3,"18-12-18_YC010",0,"18-12-18_YC010",0,0,0,0,0
2.34,0.181,5.436,0.9,6.68,3,"18-12-18_YC010",1,"18-12-18_YC010",1,0,0,0,0
5.77,0.139,6.788,0.711,5.869,3,"18-12-18_YC010",163,"18-12-18_YC010",163,0,0,0,0
3.63,0.024,4.019,1.174,57.447,2,"18-12-18_YC010",2,"18-12-18_YC010",2,0,0,0,0
1.4,0.218,4.769,0.958,7.233,3,"18-12-18_YC010",22,"18-12-18_YC010",22,0,0,0,0
83.53,0.009,5.266,0.344,17.8,1,"18-12-18_YC010",310,"18-12-18_YC010",310,0,0,0,0
43.84,0.015,6.742,0.879,69.975,2,"18-12-18_YC010",34,"18-12-18_YC010",34,0,0,0,0
6.22,0.083,5.617,0.586,5.309,3,"18-12-18_YC010",76,"18-12-18_YC010",76,0,0,0,0
50.43,0.015,6.94,0.744,54.897,2,"19-01-16_YC011",121,"19-01-16_YC011",121,0,0,0,0
36.18,0.021,6.548,0.977,120.929,2,"19-01-16_YC011",154,"19-01-16_YC011",154,0,0,0,0
4.49,0.139,6.69,0.883,10.333,3,"19-01-16_YC011",39,"19-01-16_YC011",39,0,0,0,0
8.31,0.105,6.066,0.57,3.878,3,"19-01-16_YC011",49,"19-01-16_YC011",49,0,0,0,0
21.11,0.037,6.783,0.672,24.936,3,"19-01-16_YC011",53,"19-01-16_YC011",53,0,0,0,0
9.64,0.063,6.139,0.805,17.848,3,"19-01-16_YC011",55,"19-01-16_YC011",55,0,0,0,0
4.48,0.176,7.011,0.8,6.654,3,"19-01-16_YC011",67,"19-01-16_YC011",67,0,0,0,0
38.45,0.021,6.99,0.641,30.641,3,"19-01-16_YC011",73,"19-01-16_YC011",73,0,0,0,0
17.7,0.048,6.7,0.786,19.22,3,"19-01-16_YC011",78,"19-01-16_YC011",78,0,0,0,0
19.31,0.032,6.578,0.785,28.247,3,"19-01-16_YC011",85,"19-01-16_YC011",85,0,0,0,0
20.88,0.032,6.677,0.72,21.982,3,"19-01-16_YC011",87,"19-01-16_YC011",87,0,0,0,0
41.79,0.017,6.361,0.934,85.548,2,"19-01-23_YC012",246,"19-01-23_YC012",246,0,0,0,0
33.53,0.012,5.798,0.852,76.639,2,"19-01-23_YC012",824,"19-01-23_YC012",824,0,0,0,0
5.32,0.048,4.841,1.142,44.337,2,"19-01-23_YC012",928,"19-01-23_YC012",928,0,0,0,1
5.66,0.112,6.303,0.675,5.812,3,"19-01-23_YC013",336,"19-01-23_YC013",336,0,0,0,0
9.82,0.056,5.79,0.752,13.077,3,"19-01-23_YC013",44,"19-01-23_YC013",44,0,0,0,0
10.54,0.028,4.307,1.085,66.162,2,"19-01-24_YC012",168,"19-01-24_YC012",168,0,0,0,0
4.42,0.095,5.123,0.868,15.957,3,"19-01-24_YC012",304,"19-01-24_YC012",304,0,0,0,0
47.84,0.008,5.303,0.806,100.634,2,"19-01-24_YC012",547,"19-01-24_YC012",547,0,0,0,0
18.6,0.043,6.669,0.722,25.903,3,"19-01-24_YC012",554,"19-01-24_YC012",554,0,0,0,0
18.99,0.014,4.66,0.82,65.956,2,"19-01-24_YC012",558,"19-01-24_YC012",558,0,0,0,0
13.02,0.046,6.218,0.862,35.802,3,"19-01-24_YC012",563,"19-01-24_YC012",563,0,0,0,0
8.59,0.029,4.378,0.895,39.041,2,"19-01-24_YC012",898,"19-01-24_YC012",898,0,0,0,0
2.13,0.213,5.862,0.902,4.817,3,"19-01-24_YC013",30,"19-01-24_YC013",30,0,0,0,0
8.4,0.084,6.745,0.635,7.007,3,"19-01-24_YC013",38,"19-01-24_YC013",38,0,0,0,0
3.36,0.174,6.183,0.826,4.895,3,"19-01-24_YC013",46,"19-01-24_YC013",46,0,0,0,0
14.01,0.078,6.931,0.723,10.998,3,"19-01-24_YC013",51,"19-01-24_YC013",51,0,0,0,0
4.29,0.162,4.708,1.696,28.328,2,"19-01-24_YC013",651,"19-01-24_YC013",651,0,0,0,0
9.25,0.043,5.67,0.741,15.374,3,"19-08-14_YC015",133,"19-08-14_YC015",133,0,0,0,0
3.62,0.163,6.008,0.71,5.908,3,"19-08-14_YC015",1799,"19-08-14_YC015",1799,0,0,0,0
11.38,0.072,6.748,0.698,12.233,3,"19-08-14_YC015",31,"19-08-14_YC015",31,0,0,0,0
24.33,0.024,6.022,1.09,127.191,2,"19-08-14_YC015",351,"19-08-14_YC015",351,0,0,0,0
8.24,0.078,6.601,0.745,11.322,3,"19-08-14_YC015",381,"19-08-14_YC015",381,0,0,0,0
12.4,0.042,6.013,0.7,16.717,3,"19-08-14_YC015",53,"19-08-14_YC015",53,0,0,0,0
17.96,0.044,5.887,0.574,11.741,3,"19-08-14_YC015",60,"19-08-14_YC015",60,0,0,0,0
30.78,0.028,6.905,0.802,44.41,2,"19-08-14_YC015",846,"19-08-14_YC015",846,0,0,0,0
23.89,0.017,5.398,0.975,87.359,2,"19-08-14_YC015",847,"19-08-14_YC015",847,0,0,0,0
16.23,0.028,6.013,0.986,67.666,2,"19-08-14_YC015",850,"19-08-14_YC015",850,0,0,0,0
23.68,0.012,5.077,0.942,90.098,2,"19-08-14_YC015",851,"19-08-14_YC015",851,0,0,0,0
6.53,0.053,5.172,1.047,40.48,2,"19-08-14_YC015",864,"19-08-14_YC015",864,0,0,0,0
10.27,0.061,6.329,0.814,24.084,3,"19-08-14_YC015",867,"19-08-14_YC015",867,0,0,0,0
5.73,0.113,6.314,1.183,35.504,3,"19-08-14_YC015",882,"19-08-14_YC015",882,0,0,0,0
12.65,0.052,6.513,0.683,13.154,3,"19-08-14_YC015",921,"19-08-14_YC015",921,0,0,0,0
25.14,0.023,6.524,0.825,44.871,2,"19-08-14_YC015",934,"19-08-14_YC015",934,0,0,0,0
8.2,0.05,5.59,0.844,17.995,3,"19-08-14_YC015",975,"19-08-14_YC015",975,0,0,0,0
43.39,0.014,6.346,0.746,56.09,2,"19-08-14_YC015",98,"19-08-14_YC015",98,0,0,0,0
88.36,0.011,5.203,0.471,27.614,1,"19-08-14_YC015",142,"19-08-14_YC015",142,0,0,0,0
17.04,0.037,6.252,0.867,34.759,3,"19-08-14_YC015",281,"19-08-14_YC015",281,0,0,0,0
11.48,0.065,6.494,0.681,13.242,3,"19-08-14_YC015",283,"19-08-14_YC015",283,0,0,0,0
24.62,0.025,5.368,0.642,25.421,3,"19-08-14_YC015",439,"19-08-14_YC015",439,0,0,0,0
16.47,0.036,6.112,0.99,65.465,2,"19-08-14_YC015",452,"19-08-14_YC015",452,0,0,0,0
7.3,0.107,6.729,0.622,6.254,3,"19-08-14_YC015",56,"19-08-14_YC015",56,0,0,0,0
25.71,0.024,6.078,0.738,36.503,2,"19-08-14_YC015",641,"19-08-14_YC015",641,0,0,0,0
31.88,0.014,5.789,0.972,97.85,2,"19-08-14_YC015",642,"19-08-14_YC015",642,0,0,0,0
23.87,0.019,5.071,1.566,117.505,2,"19-08-14_YC015",643,"19-08-14_YC015",643,0,0,0,0
7.3,0.066,5.803,0.855,13.752,3,"19-08-14_YC015",652,"19-08-14_YC015",652,0,0,0,0
13.42,0.054,6.555,0.799,25.021,3,"19-08-14_YC015",658,"19-08-14_YC015",658,0,0,0,0
20.1,0.032,5.804,0.71,23.758,3,"19-08-14_YC015",663,"19-08-14_YC015",663,0,0,0,0
7.96,0.066,5.961,0.835,12.7,3,"19-08-14_YC015",68,"19-08-14_YC015",68,0,0,0,0
16.09,0.036,5.394,0.655,14.376,3,"19-08-14_YC015",72,"19-08-14_YC015",72,0,0,0,0
12.01,0.055,5.926,0.63,9.17,3,"19-08-14_YC015",741,"19-08-14_YC015",741,0,0,0,0
3.25,0.21,5.545,0.797,4.373,3,"19-08-14_YC015",874,"19-08-14_YC015",874,0,0,0,0
16.64,0.04,6.396,0.797,24.796,3,"19-08-14_YC015",931,"19-08-14_YC015",931,0,0,0,0
60.78,0.01,6.239,0.7,62.456,2,"19-08-14_YC016",100,"19-08-14_YC016",100,0,0,0,0
7.81,0.013,4.254,0.622,25.208,2,"19-08-14_YC016",1020,"19-08-14_YC016",1020,0,0,0,0
14.78,0.034,5.168,0.818,36.149,2,"19-08-14_YC016",1058,"19-08-14_YC016",1058,0,0,0,0
26.14,0.018,5.698,0.735,37.707,2,"19-08-14_YC016",134,"19-08-14_YC016",134,0,0,0,0
7.24,0.102,6.882,0.897,14.375,3,"19-08-14_YC016",136,"19-08-14_YC016",136,0,0,0,0
12.33,0.003,2.891,0.905,43.125,2,"19-08-14_YC016",162,"19-08-14_YC016",162,0,0,0,0
25.57,0.018,5.651,0.797,46.974,2,"19-08-14_YC016",19,"19-08-14_YC016",19,0,0,0,0
4.2,0.19,6.4,0.713,4.578,3,"19-08-14_YC016",210,"19-08-14_YC016",210,0,0,0,0
11.26,0.058,6.427,0.625,8.738,3,"19-08-14_YC016",214,"19-08-14_YC016",214,0,0,0,0
11.51,0.019,4.88,0.96,45.187,2,"19-08-14_YC016",276,"19-08-14_YC016",276,0,0,0,0
16.09,0.026,5.465,0.639,19.055,3,"19-08-14_YC016",292,"19-08-14_YC016",292,0,0,0,0
7.33,0.063,6.134,0.963,21.726,3,"19-08-14_YC016",296,"19-08-14_YC016",296,0,0,0,0
6.02,0.057,5.443,1.079,28.344,2,"19-08-14_YC016",299,"19-08-14_YC016",299,0,0,0,0
19.69,0.034,6.353,0.828,35.377,3,"19-08-14_YC016",470,"19-08-14_YC016",470,0,0,0,0
15.68,0.04,6.463,0.688,17.62,3,"19-08-14_YC016",49,"19-08-14_YC016",49,0,0,0,0
34.93,0.017,5.731,0.668,33.971,2,"19-08-14_YC016",490,"19-08-14_YC016",490,0,0,0,0
13.2,0.039,6.011,0.871,37.372,2,"19-08-14_YC016",497,"19-08-14_YC016",497,0,0,0,0
38.76,0.015,5.9,0.705,53.375,2,"19-08-14_YC016",511,"19-08-14_YC016",511,0,0,0,0
12.2,0.058,6.521,0.728,15.19,3,"19-08-14_YC016",526,"19-08-14_YC016",526,0,0,0,0
12.72,0.039,5.735,0.905,45.401,2,"19-08-14_YC016",529,"19-08-14_YC016",529,0,0,0,0
18.93,0.036,6.501,0.692,22.578,3,"19-08-14_YC016",540,"19-08-14_YC016",540,0,0,0,0
12.18,0.044,6.315,0.939,29.08,3,"19-08-14_YC016",772,"19-08-14_YC016",772,0,0,0,0
4.95,0.094,5.845,0.806,8.946,3,"19-08-14_YC016",871,"19-08-14_YC016",871,0,0,0,0
14.93,0.035,6.059,0.872,36.974,2,"19-08-14_YC016",904,"19-08-14_YC016",904,0,0,0,0
18.2,0.033,6.277,0.891,41.79,2,"19-08-14_YC016",906,"19-08-14_YC016",906,0,0,0,0
20.63,0.035,6.639,0.795,26.167,3,"19-08-14_YC016",927,"19-08-14_YC016",927,0,0,0,0
6.65,0.051,5.292,0.887,26.565,3,"19-08-14_YC016",944,"19-08-14_YC016",944,0,0,0,0
7.01,0.102,6.613,0.939,15.849,3,"19-08-14_YC016",95,"19-08-14_YC016",95,0,0,0,0
55.79,0.009,5.437,0.775,66.005,2,"19-08-14_YC016",972,"19-08-14_YC016",972,0,0,0,0
15.06,0.017,4.573,0.817,45.315,2,"19-08-14_YC016",99,"19-08-14_YC016",99,0,0,0,0
26.3,0.027,6.19,0.602,17.667,3,"19-08-14_YC016",0,"19-08-14_YC016",0,0,0,0,0
23.68,0.032,6.158,0.6,17.183,3,"19-08-14_YC016",135,"19-08-14_YC016",135,0,0,0,0
7.77,0.092,5.762,0.566,5.783,3,"19-08-14_YC016",136,"19-08-14_YC016",136,0,0,0,0
18.53,0.042,6.469,0.631,17.111,3,"19-08-14_YC016",166,"19-08-14_YC016",166,0,0,0,0
28.23,0.024,6.107,0.925,63.762,2,"19-08-14_YC016",167,"19-08-14_YC016",167,0,0,0,0
5.45,0.123,6.651,0.795,9.823,3,"19-08-14_YC016",171,"19-08-14_YC016",171,0,0,0,0
21.69,0.036,6.379,0.672,21.344,3,"19-08-14_YC016",173,"19-08-14_YC016",173,0,0,0,0
11.89,0.049,5.982,0.742,17.299,3,"19-08-14_YC016",178,"19-08-14_YC016",178,0,0,0,0
8.28,0.092,5.893,1.1,47.471,2,"19-08-14_YC016",210,"19-08-14_YC016",210,0,0,0,0
42.02,0.011,5.474,0.826,84.766,2,"19-08-14_YC016",211,"19-08-14_YC016",211,0,0,0,0
25.42,0.011,4.378,0.962,92.073,2,"19-08-14_YC016",216,"19-08-14_YC016",216,0,0,0,0
39.77,0.016,5.2,0.53,23.345,1,"19-08-14_YC016",26,"19-08-14_YC016",26,0,0,0,0
10.75,0.071,6.911,0.658,10.587,3,"19-08-14_YC016",334,"19-08-14_YC016",334,0,0,0,0
35.39,0.021,6.787,0.688,36.019,3,"19-08-14_YC016",404,"19-08-14_YC016",404,0,0,0,0
7.93,0.078,6.543,0.7,10.489,3,"19-08-14_YC016",427,"19-08-14_YC016",427,0,0,0,0
38.2,0.017,6.576,0.903,88.198,2,"19-08-14_YC016",429,"19-08-14_YC016",429,0,0,0,0
60.16,0.011,5.472,0.447,21.903,1,"19-08-14_YC016",442,"19-08-14_YC016",442,0,0,0,0
8.33,0.044,5.514,0.769,19.15,3,"19-08-14_YC016",511,"19-08-14_YC016",511,0,0,0,0
31.98,0.02,6.052,0.796,55.631,2,"19-08-14_YC016",553,"19-08-14_YC016",553,0,0,0,0
5.03,0.143,6.867,0.93,11.231,3,"19-08-14_YC016",586,"19-08-14_YC016",586,0,0,0,0
62.1,0.013,4.605,0.351,14.251,1,"19-08-14_YC016",599,"19-08-14_YC016",599,0,0,0,0
48.49,0.014,5.278,0.562,25.853,1,"19-08-14_YC016",69,"19-08-14_YC016",69,0,0,0,0
55.76,0.013,6.566,0.692,47.692,2,"19-08-14_YC016",815,"19-08-14_YC016",815,0,0,0,0
63.06,0.007,5.29,1.161,220.284,2,"19-08-14_YC016",825,"19-08-14_YC016",825,0,0,0,0
17.06,0.038,6.596,1.05,57.224,2,"19-08-14_YC016",834,"19-08-14_YC016",834,0,0,0,0
8.92,0.075,6.462,0.754,15.704,3,"19-08-14_YC016",846,"19-08-14_YC016",846,0,0,0,0
14.46,0.033,5.933,0.918,42.469,2,"19-08-14_YC016",849,"19-08-14_YC016",849,0,0,0,0
39.14,0.01,4.304,0.738,90.19,2,"19-08-14_YC016",876,"19-08-14_YC016",876,0,0,0,0
6.94,0.092,6.586,0.831,11.616,3,"19-08-14_YC016",881,"19-08-14_YC016",881,0,0,0,0
19.27,0.042,6.35,0.623,30.168,3,"19-08-14_YC016",884,"19-08-14_YC016",884,0,0,0,0
11.15,0.028,5.34,1.025,61.532,2,"19-08-15_YC016",374,"19-08-15_YC016",374,0,0,0,0
26.45,0.017,5.556,0.912,60.951,2,"19-08-15_YC016",41,"19-08-15_YC016",41,0,0,0,0
19.16,0.024,6.069,1.026,71.803,2,"19-08-15_YC016",485,"19-08-15_YC016",485,0,0,0,0
22.67,0.035,6.547,0.631,19.843,3,"19-08-15_YC016",72,"19-08-15_YC016",72,0,0,0,0
44.16,0.01,5.341,0.908,103.063,2,"19-08-15_YC016",80,"19-08-15_YC016",80,0,0,0,0
55.2,0.014,6.736,0.733,61.122,2,"19-08-15_YC016",85,"19-08-15_YC016",85,0,0,0,0
7.45,0.022,4.446,0.989,42.276,2,"19-08-15_YC016",86,"19-08-15_YC016",86,0,0,0,0
23.74,0.022,5.495,0.811,42.774,2,"19-08-15_YC016",90,"19-08-15_YC016",90,0,0,0,0
10.68,0.033,4.879,0.799,28.1,2,"19-08-15_YC016",95,"19-08-15_YC016",95,0,0,0,0
12.62,0.057,6.618,0.679,13.296,3,"19-08-16_YC014",104,"19-08-16_YC014",104,0,0,0,0
79.85,0.011,5.467,0.533,29.974,1,"19-08-16_YC014",205,"19-08-16_YC014",205,0,0,0,0
11.75,0.073,5.937,0.691,13.261,3,"19-08-16_YC014",221,"19-08-16_YC014",221,0,0,0,0
19.25,0.041,6.839,0.674,18.599,3,"19-08-16_YC014",267,"19-08-16_YC014",267,0,0,0,0
33,0.023,6.282,0.615,23.542,3,"19-08-16_YC014",281,"19-08-16_YC014",281,0,0,0,0
17.44,0.04,6.325,0.67,20.198,3,"19-08-16_YC014",283,"19-08-16_YC014",283,0,0,0,0
14.7,0.041,5.901,0.75,19.369,3,"19-08-16_YC014",285,"19-08-16_YC014",285,0,0,0,0
25.07,0.029,6.358,0.685,26.914,3,"19-08-16_YC014",286,"19-08-16_YC014",286,0,0,0,0
41.2,0.018,6.49,0.694,46.015,2,"19-08-16_YC014",325,"19-08-16_YC014",325,0,0,0,0
23.79,0.02,6.111,1.043,88.22,2,"19-08-16_YC014",329,"19-08-16_YC014",329,0,0,0,0
14.85,0.055,6.986,0.737,19.608,3,"19-08-16_YC014",389,"19-08-16_YC014",389,0,0,0,0
14.94,0.024,5.675,1.012,71.669,2,"19-08-16_YC014",396,"19-08-16_YC014",396,0,0,0,0
12.43,0.048,5.873,0.714,13.037,3,"19-08-16_YC014",40,"19-08-16_YC014",40,0,0,0,0
20.88,0.028,5.85,0.687,22.715,3,"19-08-16_YC014",41,"19-08-16_YC014",41,0,0,0,0
6.95,0.046,4.898,0.897,16.712,3,"19-08-16_YC014",43,"19-08-16_YC014",43,0,0,0,0
8.72,0.071,6.358,0.841,13.524,3,"19-08-16_YC014",75,"19-08-16_YC014",75,0,0,0,0
14.88,0.044,5.436,0.962,33.735,2,"19-08-16_YC014",79,"19-08-16_YC014",79,0,0,0,0
10.86,0.065,6.711,0.76,14.512,3,"19-08-16_YC014",87,"19-08-16_YC014",87,0,0,0,0
6.83,0.082,5.857,0.707,9.191,3,"19-08-16_YC014",98,"19-08-16_YC014",98,0,0,0,0
17.3,0.033,6.209,0.779,23.745,3,"19-08-16_YC015",2,"19-08-16_YC015",2,0,0,0,0
1.54,0.024,3.733,1.391,79.828,2,"19-08-16_YC015",27,"19-08-16_YC015",27,0,0,0,0
7.59,0.042,4.107,0.961,32.887,2,"19-09-30_YC017",104,"19-09-30_YC017",104,0,0,0,0
35.14,0.011,4.843,0.331,18.096,1,"19-09-30_YC017",119,"19-09-30_YC017",119,0,0,0,0
33.04,0.022,6.794,0.747,40.546,3,"19-09-30_YC017",147,"19-09-30_YC017",147,0,0,0,0
34.85,0.017,6.51,0.78,53.267,2,"19-09-30_YC017",211,"19-09-30_YC017",211,0,0,0,0
6.37,0.026,4.507,1.001,22.726,2,"19-09-30_YC017",322,"19-09-30_YC017",322,0,0,0,0
2.86,0.256,6.123,1.307,20.781,3,"19-09-30_YC017",328,"19-09-30_YC017",328,0,0,0,0
60,0.022,6.485,0.802,40.995,2,"19-09-30_YC017",376,"19-09-30_YC017",376,0,0,0,0
41.48,0.02,6.998,0.678,48.862,2,"19-09-30_YC017",381,"19-09-30_YC017",381,0,0,0,0
9.25,0.053,6.254,0.728,16.046,3,"19-09-30_YC017",391,"19-09-30_YC017",391,0,0,0,0
12.47,0.047,6.514,0.654,14.914,3,"19-09-30_YC017",418,"19-09-30_YC017",418,0,0,0,0
13.71,0.052,6.798,0.717,16.912,3,"19-09-30_YC017",441,"19-09-30_YC017",441,0,0,0,0
26.29,0.023,6.336,0.878,56.178,2,"19-09-30_YC017",481,"19-09-30_YC017",481,0,0,0,0
13.02,0.036,5.526,0.872,34.403,2,"19-09-30_YC017",532,"19-09-30_YC017",532,0,0,0,0
76.08,0.011,5.661,0.457,26.515,1,"19-09-30_YC017",654,"19-09-30_YC017",654,0,0,0,0
11.13,0.061,6.688,0.969,27.505,3,"19-09-30_YC017",842,"19-09-30_YC017",842,0,0,0,0
10.35,0.009,2.419,0.767,30.742,2,"19-09-30_YC017",867,"19-09-30_YC017",867,0,0,0,0
19.2,0.03,6.169,0.844,42.658,2,"19-09-30_YC017",923,"19-09-30_YC017",923,0,0,0,0
31.3,0.02,6.068,0.783,51.683,2,"19-09-30_YC018",103,"19-09-30_YC018",103,0,0,0,0
67.84,0.015,5.319,0.574,22.642,1,"19-09-30_YC018",104,"19-09-30_YC018",104,0,0,0,0
27.15,0.016,5.708,0.962,75.669,2,"19-09-30_YC018",136,"19-09-30_YC018",136,0,0,0,0
10.21,0.026,5.144,0.969,51.156,2,"19-09-30_YC018",146,"19-09-30_YC018",146,0,0,0,0
6.42,0.106,6.101,0.634,5.01,3,"19-09-30_YC018",153,"19-09-30_YC018",153,0,0,0,0
14.42,0.043,6.482,0.726,19.707,3,"19-09-30_YC018",156,"19-09-30_YC018",156,0,0,0,0
3.58,0.208,6.342,0.672,3.682,3,"19-09-30_YC018",171,"19-09-30_YC018",171,0,0,0,0
48.15,0.02,6.547,0.72,34.254,3,"19-09-30_YC018",270,"19-09-30_YC018",270,0,0,0,0
30.33,0.027,6.794,0.671,28.215,3,"19-09-30_YC018",275,"19-09-30_YC018",275,0,0,0,0
2.55,0.25,5.811,0.844,5.983,3,"19-09-30_YC018",421,"19-09-30_YC018",421,0,0,0,0
20.61,0.019,5.627,0.985,76.989,2,"19-09-30_YC018",451,"19-09-30_YC018",451,0,0,0,0
38.61,0.01,5.977,0.624,45.199,2,"19-09-30_YC018",481,"19-09-30_YC018",481,0,0,0,0
8.88,0.048,4.135,0.673,15.276,3,"19-09-30_YC018",486,"19-09-30_YC018",486,0,0,0,0
5.85,0.035,5.31,0.895,26.53,2,"19-09-30_YC018",5,"19-09-30_YC018",5,0,0,0,0
14.07,0.028,4.928,0.699,19.866,3,"19-09-30_YC018",513,"19-09-30_YC018",513,0,0,0,0
5.37,0.024,4.581,1.046,24.877,2,"19-09-30_YC018",598,"19-09-30_YC018",598,0,0,0,0
6.38,0.077,6.386,0.708,10.908,3,"19-09-30_YC018",602,"19-09-30_YC018",602,0,0,0,0
13.77,0.042,5.423,0.579,16.699,3,"19-09-30_YC018",692,"19-09-30_YC018",692,0,0,0,0
46.21,0.015,4.749,0.357,13.396,1,"19-09-30_YC018",732,"19-09-30_YC018",732,0,0,0,0
82.19,0.005,4.49,0.352,18.364,1,"19-09-30_YC018",91,"19-09-30_YC018",91,0,0,0,0
44.15,0.017,6.918,0.728,42.948,2,"19-10-01_YC017",138,"19-10-01_YC017",138,0,0,0,0
6.24,0.109,6.269,0.652,6.279,3,"19-10-01_YC017",145,"19-10-01_YC017",145,0,0,0,0
10.27,0.061,5.083,0.517,13.831,3,"19-10-01_YC017",206,"19-10-01_YC017",206,0,0,0,0
6.45,0.121,6.943,0.681,7.115,3,"19-10-01_YC017",213,"19-10-01_YC017",213,0,0,0,0
7.56,0.094,6.774,0.713,9.378,3,"19-10-01_YC017",220,"19-10-01_YC017",220,0,0,0,0
11.28,0.07,6.799,0.603,8.48,3,"19-10-01_YC017",222,"19-10-01_YC017",222,0,0,0,0
8.21,0.026,4.435,0.861,47.557,2,"19-10-01_YC017",233,"19-10-01_YC017",233,0,0,0,0
34.51,0.019,5.423,0.501,20.918,1,"19-10-01_YC017",241,"19-10-01_YC017",241,0,0,0,0
7.96,0.016,2.839,0.849,67.854,2,"19-10-01_YC017",242,"19-10-01_YC017",242,0,0,0,0
13.21,0.054,6.191,0.742,15.046,3,"19-10-01_YC017",243,"19-10-01_YC017",243,0,0,0,0
8.02,0.096,6.936,0.68,8.192,3,"19-10-01_YC017",245,"19-10-01_YC017",245,0,0,0,0
22.97,0.029,5.405,0.924,49.438,2,"19-10-01_YC017",249,"19-10-01_YC017",249,0,0,0,0
13.24,0.051,6.583,0.9,30.818,3,"19-10-01_YC017",279,"19-10-01_YC017",279,0,0,0,0
33.62,0.015,6.033,0.896,93.053,2,"19-10-01_YC017",296,"19-10-01_YC017",296,0,0,0,0
5.5,0.093,5.604,0.924,16.094,3,"19-10-01_YC017",343,"19-10-01_YC017",343,0,0,0,0
8.52,0.094,7.008,0.686,9.045,3,"19-10-01_YC017",438,"19-10-01_YC017",438,0,0,0,0
23.76,0.031,6.484,0.822,44.04,2,"19-10-01_YC017",446,"19-10-01_YC017",446,0,0,0,0
15.22,0.038,4.556,0.861,35.62,2,"19-10-01_YC017",448,"19-10-01_YC017",448,0,0,0,0
12.46,0.049,5.582,0.759,20.34,3,"19-10-01_YC017",454,"19-10-01_YC017",454,0,0,0,0
22.2,0.031,6.141,0.727,28.96,3,"19-10-01_YC017",456,"19-10-01_YC017",456,0,0,0,0
26.96,0.025,6.095,0.635,22.63,3,"19-10-01_YC017",458,"19-10-01_YC017",458,0,0,0,0
17.37,0.03,4.303,0.722,22.766,2,"19-10-01_YC017",459,"19-10-01_YC017",459,0,0,0,0
8.01,0.097,6.98,0.717,9.926,3,"19-10-01_YC017",462,"19-10-01_YC017",462,0,0,0,0
12.47,0.015,3.972,0.8,67.679,2,"19-10-01_YC017",464,"19-10-01_YC017",464,0,0,0,0
28.63,0.023,5.084,0.755,36.494,2,"19-10-01_YC017",492,"19-10-01_YC017",492,0,0,0,0
44.08,0.02,6.133,0.709,42.029,2,"19-10-01_YC017",493,"19-10-01_YC017",493,0,0,0,0
13.85,0.046,5.728,0.558,8.735,3,"19-10-01_YC017",69,"19-10-01_YC017",69,0,0,0,0
28.22,0.028,6.496,0.671,26.552,3,"19-10-01_YC017",91,"19-10-01_YC017",91,0,0,0,0
11.77,0.069,6.816,0.708,11.889,3,"19-10-02_YC019",22,"19-10-02_YC019",22,0,0,0,0
53.01,0.016,6.908,0.671,49.186,2,"19-10-02_YC019",28,"19-10-02_YC019",28,0,0,0,0
29.71,0.022,5.909,0.664,29.3,3,"19-10-02_YC020",16,"19-10-02_YC020",16,0,0,0,0
16.97,0.043,6.555,0.893,32.148,3,"19-10-03_YC019",122,"19-10-03_YC019",122,0,0,0,0
144.22,0.005,4.333,0.33,29.976,1,"19-10-03_YC019",129,"19-10-03_YC019",129,0,0,0,0
33.44,0.018,6.087,0.767,43.383,2,"19-10-03_YC019",132,"19-10-03_YC019",132,0,0,0,0
10.52,0.071,6.025,0.581,6.77,3,"19-10-03_YC019",190,"19-10-03_YC019",190,0,0,0,0
21.3,0.022,5.752,0.541,31.638,3,"19-10-03_YC019",194,"19-10-03_YC019",194,0,0,0,0
10.43,0.068,6.614,0.661,11.817,3,"19-10-03_YC019",201,"19-10-03_YC019",201,0,0,0,0
10.08,0.074,6.648,0.668,8.722,3,"19-10-03_YC019",208,"19-10-03_YC019",208,0,0,0,0
5.63,0.038,3.257,0.946,37.488,2,"19-10-03_YC020",114,"19-10-03_YC020",114,0,0,0,0
5.87,0.009,2.274,0.879,27.103,2,"19-10-03_YC020",122,"19-10-03_YC020",122,0,0,0,0
74.77,0.008,3.967,0.349,21.342,1,"19-10-03_YC020",145,"19-10-03_YC020",145,0,0,0,0
27.41,0.014,3.281,0.488,17.34,1,"19-10-03_YC020",151,"19-10-03_YC020",151,0,0,0,0
7.44,0.021,4.895,1.04,31.882,2,"19-10-03_YC020",152,"19-10-03_YC020",152,0,0,0,0
67.34,0.009,5.234,0.551,36.588,1,"19-10-03_YC020",158,"19-10-03_YC020",158,0,0,0,0
13.95,0.048,6.562,0.862,23.825,3,"19-10-03_YC020",171,"19-10-03_YC020",171,0,0,0,0
13.74,0.048,6.632,0.846,23.628,3,"19-10-03_YC020",172,"19-10-03_YC020",172,0,0,0,0
2.66,0.034,4.013,1.828,36.364,2,"19-10-03_YC020",78,"19-10-03_YC020",78,0,0,0,0
2.73,0.218,6.401,0.897,6.295,3,"19-10-22_YC022",103,"19-10-22_YC022",103,0,0,0,0
41.69,0.019,6.819,0.764,43.086,2,"19-10-22_YC022",12,"19-10-22_YC022",12,0,0,0,0
24.83,0.024,5.377,0.871,52.589,2,"19-10-22_YC022",155,"19-10-22_YC022",155,0,0,0,0
11.11,0.068,6.755,0.623,8.261,3,"19-10-22_YC022",162,"19-10-22_YC022",162,0,0,0,0
10.68,0.067,6.747,0.697,10.181,3,"19-10-22_YC022",163,"19-10-22_YC022",163,0,0,0,0
2.6,0.165,5.214,1.008,12.865,3,"19-10-22_YC022",173,"19-10-22_YC022",173,0,0,0,0
9.07,0.081,6.852,0.73,10.245,3,"19-10-22_YC022",175,"19-10-22_YC022",175,0,0,0,0
11.8,0.063,6.818,0.666,9.953,3,"19-10-22_YC022",179,"19-10-22_YC022",179,0,0,0,0
12.19,0.058,6.483,0.626,9.277,3,"19-10-22_YC022",182,"19-10-22_YC022",182,0,0,0,0
8.47,0.047,4.561,0.952,28.662,2,"19-10-22_YC022",193,"19-10-22_YC022",193,0,0,0,0
8.03,0.042,4.989,0.933,36.037,2,"19-10-22_YC022",284,"19-10-22_YC022",284,0,0,0,0
3.53,0.222,6.506,0.911,7.733,3,"19-10-22_YC022",308,"19-10-22_YC022",308,0,0,0,0
28.79,0.025,6.121,0.671,28.162,3,"19-10-22_YC022",427,"19-10-22_YC022",427,0,0,0,0
35.9,0.016,5.781,0.741,67.962,2,"19-10-22_YC022",433,"19-10-22_YC022",433,0,0,0,0
8.44,0.079,6.134,0.807,13.376,3,"19-10-22_YC022",434,"19-10-22_YC022",434,0,0,0,0
7.91,0.091,6.359,0.624,6.402,3,"19-10-22_YC022",449,"19-10-22_YC022",449,0,0,0,0
40.42,0.022,6.849,0.689,30.037,3,"19-10-22_YC022",451,"19-10-22_YC022",451,0,0,0,0
6.87,0.107,6.722,0.709,7.188,3,"19-10-22_YC022",464,"19-10-22_YC022",464,0,0,0,0
17.25,0.034,6.06,0.789,31.435,3,"19-10-22_YC022",466,"19-10-22_YC022",466,0,0,0,0
23.84,0.029,6.021,0.994,60.995,2,"19-10-22_YC022",481,"19-10-22_YC022",481,0,0,0,0
21.54,0.029,5.957,0.772,32.192,3,"19-10-22_YC022",571,"19-10-22_YC022",571,0,0,0,0
1.14,0.055,2.665,0.951,18.525,2,"19-10-22_YC022",577,"19-10-22_YC022",577,0,0,0,0
9.85,0.033,4.674,0.995,57.593,2,"19-10-22_YC022",602,"19-10-22_YC022",602,0,0,0,0
12.7,0.053,6.384,0.757,23.337,3,"19-10-22_YC022",621,"19-10-22_YC022",621,0,0,0,0
2.87,0.075,2.496,0.452,4.182,1,"19-10-22_YC022",624,"19-10-22_YC022",624,0,0,0,0
11.75,0.054,6.205,0.692,12.037,3,"19-10-22_YC022",687,"19-10-22_YC022",687,0,0,0,0
12.73,0.042,5.971,0.878,29.048,3,"19-10-22_YC022",698,"19-10-22_YC022",698,0,0,0,0
6.88,0.118,7.035,0.685,6.742,3,"19-10-22_YC022",736,"19-10-22_YC022",736,0,0,0,0
10.1,0.04,5.418,0.877,29.315,2,"19-10-22_YC022",740,"19-10-22_YC022",740,0,0,0,0
5.03,0.091,4.8,0.869,12.482,3,"19-10-22_YC022",741,"19-10-22_YC022",741,0,0,0,0
17.18,0.025,5.539,0.927,53.98,2,"19-10-22_YC022",754,"19-10-22_YC022",754,0,0,0,0
18.38,0.026,5.542,0.997,62.783,2,"19-10-22_YC022",759,"19-10-22_YC022",759,0,0,0,0
6.26,0.12,6.779,0.662,5.689,3,"19-10-22_YC022",79,"19-10-22_YC022",79,0,0,0,0
17.05,0.013,5.178,1.033,63.383,2,"19-10-22_YC022",857,"19-10-22_YC022",857,0,0,0,0
14.78,0.025,5.579,0.836,42.677,2,"19-10-22_YC022",862,"19-10-22_YC022",862,0,0,0,0
3.76,0.015,1.915,0.903,69.438,2,"19-10-22_YC022",89,"19-10-22_YC022",89,0,0,0,0
4.59,0.062,5.291,0.87,14.723,3,"19-10-22_YC022",918,"19-10-22_YC022",918,0,0,0,0
1.92,0.107,4.986,1.305,51.783,2,"19-10-22_YC022",939,"19-10-22_YC022",939,0,0,0,0
2.56,0.111,5.108,0.664,4.062,3,"19-10-23_YC022",163,"19-10-23_YC022",163,0,0,0,0
3.45,0.206,6.835,0.916,7.969,3,"19-10-23_YC022",202,"19-10-23_YC022",202,0,0,0,0
4.09,0.135,6.369,0.997,23.461,3,"19-10-23_YC022",240,"19-10-23_YC022",240,0,0,0,0
24.32,0.017,5.437,0.931,59.217,2,"19-10-23_YC022",286,"19-10-23_YC022",286,0,0,0,0
4.36,0.169,6.823,0.902,8.832,3,"19-10-23_YC022",287,"19-10-23_YC022",287,0,0,0,0
44.57,0.008,2.991,0.856,104.407,2,"19-10-23_YC022",55,"19-10-23_YC022",55,0,0,0,0
34.92,0.021,6.62,0.77,41.735,2,"19-10-23_YC022",76,"19-10-23_YC022",76,0,0,0,0
14.9,0.043,4.961,0.94,28.46,2,"19-11-14_YC029",27,"19-11-14_YC029",27,0,0,0,0
13.55,0.026,5.736,0.985,57.987,2,"19-11-14_YC030",19,"19-11-14_YC030",19,0,0,0,0
16.83,0.021,4.956,1.045,70.631,2,"19-11-14_YC030",21,"19-11-14_YC030",21,0,0,0,0
11.35,0.036,5.578,1.079,57.8,2,"19-11-14_YC030",22,"19-11-14_YC030",22,0,0,0,0
0.53,0.151,5.311,1.047,17.586,3,"19-11-14_YC030",26,"19-11-14_YC030",26,0,0,0,0
18.87,0.034,3.739,0.489,9.068,1,"19-11-14_YC030",47,"19-11-14_YC030",47,0,0,0,0
18.33,0.032,5.807,0.856,30.301,2,"19-10-28_YC031",7,"19-10-28_YC031",7,0,0,0,0
9.59,0.05,5.846,0.905,30.484,3,"19-11-08_YC038",101,"19-11-08_YC038",101,0,0,0,0
6.56,0.036,3.788,0.737,16.44,2,"19-11-08_YC038",103,"19-11-08_YC038",103,0,0,0,0
3.12,0.043,3.758,1.217,57.895,2,"19-11-08_YC038",105,"19-11-08_YC038",105,0,0,0,0
12.3,0.068,6.348,0.717,19.87,3,"19-11-08_YC038",106,"19-11-08_YC038",106,0,0,0,0
8.01,0.096,6.999,0.708,9.374,3,"19-11-08_YC038",108,"19-11-08_YC038",108,0,0,0,0
3.36,0.12,5.461,1.074,37.283,3,"19-11-08_YC038",111,"19-11-08_YC038",111,0,0,0,0
8.5,0.021,4.189,1.19,94.387,2,"19-11-08_YC038",137,"19-11-08_YC038",137,0,0,0,0
9.22,0.029,5.398,1.126,56.518,2,"19-11-08_YC038",147,"19-11-08_YC038",147,0,0,0,0
6.56,0.061,4.705,0.888,18.278,3,"19-11-08_YC038",21,"19-11-08_YC038",21,0,0,0,0
9.92,0.066,6.67,0.838,14.672,3,"19-11-08_YC038",257,"19-11-08_YC038",257,0,0,0,0
12.35,0.011,3.998,1.146,119.295,2,"19-11-08_YC038",309,"19-11-08_YC038",309,0,0,0,0
7.93,0.048,5.347,0.912,33.357,2,"19-11-08_YC038",32,"19-11-08_YC038",32,0,0,0,0
7.92,0.047,5.496,1.012,37.323,2,"19-11-08_YC038",33,"19-11-08_YC038",33,0,0,0,0
6.42,0.028,4.992,1.228,52.911,2,"19-11-08_YC038",330,"19-11-08_YC038",330,0,0,0,0
17.4,0.035,6.222,0.933,44.81,2,"19-11-08_YC038",372,"19-11-08_YC038",372,0,0,0,0
11.33,0.03,4.886,0.875,42.236,2,"19-11-08_YC038",382,"19-11-08_YC038",382,0,0,0,0
7.9,0.016,3.826,1.189,91.882,2,"19-11-08_YC038",389,"19-11-08_YC038",389,0,0,0,0
18,0.041,6.892,0.816,24.485,3,"19-11-08_YC038",39,"19-11-08_YC038",39,0,0,0,0
9.56,0.016,3.595,1.042,84.379,2,"19-11-08_YC038",394,"19-11-08_YC038",394,0,0,0,0
6.91,0.064,5.675,1.087,37.781,2,"19-11-08_YC038",406,"19-11-08_YC038",406,0,0,0,0
7.35,0.028,4.739,1.129,61.049,2,"19-11-08_YC038",411,"19-11-08_YC038",411,0,0,0,0
13.56,0.047,5.937,0.658,13.758,3,"19-11-08_YC038",414,"19-11-08_YC038",414,0,0,0,0
10.3,0.053,4.124,0.709,13.807,3,"19-11-08_YC038",415,"19-11-08_YC038",415,0,0,0,0
13.2,0.008,3.958,1.167,112.142,2,"19-11-08_YC038",416,"19-11-08_YC038",416,0,0,0,0
0.37,0.128,3.812,1.308,34.221,2,"19-11-08_YC038",417,"19-11-08_YC038",417,0,0,0,0
2.17,0.154,4.483,0.919,8.589,3,"19-11-08_YC038",42,"19-11-08_YC038",42,0,0,0,0
8.77,0.048,5.529,0.884,25.665,3,"19-11-08_YC038",427,"19-11-08_YC038",427,0,0,0,0
10.03,0.05,4.422,0.902,28.935,2,"19-11-08_YC038",428,"19-11-08_YC038",428,0,0,0,0
7.19,0.025,4.967,1.194,85.013,2,"19-11-08_YC038",43,"19-11-08_YC038",43,0,0,0,0
14.45,0.044,6.378,0.866,29.81,3,"19-11-08_YC038",432,"19-11-08_YC038",432,0,0,0,0
5,0.083,5.604,0.927,16.034,3,"19-11-08_YC038",437,"19-11-08_YC038",437,0,0,0,0
7.33,0.113,6.373,0.983,14.55,3,"19-11-08_YC038",439,"19-11-08_YC038",439,0,0,0,0
4.82,0.054,4.688,0.936,21.393,2,"19-11-08_YC038",48,"19-11-08_YC038",48,0,0,0,0
10.65,0.023,4.764,0.805,30.177,2,"19-11-08_YC038",49,"19-11-08_YC038",49,0,0,0,0
2.16,0.134,4.397,0.999,12.018,3,"19-11-08_YC038",535,"19-11-08_YC038",535,0,0,0,0
3.05,0.076,3.469,1.121,24.237,2,"19-11-08_YC038",541,"19-11-08_YC038",541,0,0,0,0
2.09,0.046,3.011,1.037,40.804,2,"19-11-08_YC038",574,"19-11-08_YC038",574,0,0,0,0
8.39,0.022,4.563,1.177,85.734,2,"19-11-08_YC038",579,"19-11-08_YC038",579,0,0,0,0
22.55,0.034,6.668,0.789,32.849,3,"19-11-08_YC038",59,"19-11-08_YC038",59,0,0,0,0
20.55,0.031,6.393,0.63,35.558,3,"19-11-08_YC038",66,"19-11-08_YC038",66,0,0,0,0
32.23,0.022,6.683,0.875,58.621,2,"19-11-08_YC038",73,"19-11-08_YC038",73,0,0,0,0
9.37,0.083,6.88,0.672,8.784,3,"19-11-08_YC038",8,"19-11-08_YC038",8,0,0,0,0
10,0.01,4.229,1.14,98.344,2,"19-11-08_YC038",81,"19-11-08_YC038",81,0,0,0,0
26.28,0.027,6.581,0.763,31.326,3,"19-11-05_YC037",10,"19-11-05_YC037",10,0,0,0,0
8.99,0.016,4.447,0.79,46.087,2,"19-11-05_YC037",102,"19-11-05_YC037",102,0,0,0,0
21.19,0.02,5.887,0.943,56.702,2,"19-11-05_YC037",108,"19-11-05_YC037",108,0,0,0,0
14.15,0.016,3.55,0.96,73.499,2,"19-11-05_YC037",115,"19-11-05_YC037",115,0,0,0,0
4.6,0.073,6.666,0.936,22.046,3,"19-11-05_YC037",119,"19-11-05_YC037",119,0,0,0,0
7.01,0.059,5.447,1.06,42.812,2,"19-11-05_YC037",129,"19-11-05_YC037",129,0,0,0,0
24.74,0.023,5.469,0.736,38.066,2,"19-11-05_YC037",148,"19-11-05_YC037",148,0,0,0,0
1.38,0.189,6.352,0.922,8.89,3,"19-11-05_YC037",17,"19-11-05_YC037",17,0,0,0,0
3.31,0.198,5.189,1.012,11.12,3,"19-11-05_YC037",184,"19-11-05_YC037",184,0,0,0,0
6.99,0.114,6.892,0.712,7.369,3,"19-11-05_YC037",185,"19-11-05_YC037",185,0,0,0,0
6.24,0.07,5.518,0.722,9.414,3,"19-11-05_YC037",205,"19-11-05_YC037",205,0,0,0,0
12.64,0.072,6.597,0.816,16.519,3,"19-11-05_YC037",219,"19-11-05_YC037",219,0,0,0,0
2.04,0.364,5.846,1.554,17.124,3,"19-11-05_YC037",233,"19-11-05_YC037",233,0,0,0,0
37.94,0.019,5.407,0.587,23.409,1,"19-11-05_YC037",241,"19-11-05_YC037",241,0,0,0,0
2.05,0.159,4.839,0.82,13.037,3,"19-11-05_YC037",249,"19-11-05_YC037",249,0,0,0,0
13.95,0.017,5.294,1.125,56.97,2,"19-11-05_YC037",273,"19-11-05_YC037",273,0,0,0,0
9.97,0.052,5.675,0.954,34.579,2,"19-11-05_YC037",276,"19-11-05_YC037",276,0,0,0,0
1.14,0.17,4.914,1.152,14.631,3,"19-11-05_YC037",279,"19-11-05_YC037",279,0,0,0,0
20.45,0.013,4.962,1.154,94.137,2,"19-11-05_YC037",294,"19-11-05_YC037",294,0,0,0,0
9.93,0.056,5.633,1.09,33.335,2,"19-11-05_YC037",295,"19-11-05_YC037",295,0,0,0,0
28.74,0.022,5.95,0.736,34.555,2,"19-11-05_YC037",317,"19-11-05_YC037",317,0,0,0,0
10.13,0.047,5.719,1.07,43.047,2,"19-11-05_YC037",326,"19-11-05_YC037",326,0,0,0,0
19.08,0.019,5.679,1.114,90.155,2,"19-11-05_YC037",342,"19-11-05_YC037",342,0,0,0,0
11.14,0.057,6.282,0.974,39.743,2,"19-11-05_YC037",343,"19-11-05_YC037",343,0,0,0,0
4.65,0.161,6.335,0.565,3.935,3,"19-11-05_YC037",352,"19-11-05_YC037",352,0,0,0,0
3.24,0.179,6.151,1.209,26.835,3,"19-11-05_YC037",358,"19-11-05_YC037",358,0,0,0,0
8.74,0.076,5.953,0.608,6.884,3,"19-11-05_YC037",370,"19-11-05_YC037",370,0,0,0,0
22.89,0.017,5.696,1.149,115.36,2,"19-11-05_YC037",382,"19-11-05_YC037",382,0,0,0,0
13.48,0.02,4.715,1.584,97.408,2,"19-11-05_YC037",390,"19-11-05_YC037",390,0,0,0,0
36.86,0.016,4.169,0.399,12.906,1,"19-11-05_YC037",41,"19-11-05_YC037",41,0,0,0,0
26.94,0.022,6.739,0.926,45.717,2,"19-11-05_YC037",411,"19-11-05_YC037",411,0,0,0,0
9.68,0.047,6.082,1.086,49.334,2,"19-11-05_YC037",417,"19-11-05_YC037",417,0,0,0,0
14.58,0.049,6.369,0.743,18.525,3,"19-11-05_YC037",424,"19-11-05_YC037",424,0,0,0,0
9,0.116,6.659,0.786,9.659,3,"19-11-05_YC037",434,"19-11-05_YC037",434,0,0,0,0
8.32,0.065,5.912,1.006,36.865,2,"19-11-05_YC037",439,"19-11-05_YC037",439,0,0,0,0
14.47,0.034,5.977,1.11,63.327,2,"19-11-05_YC037",440,"19-11-05_YC037",440,0,0,0,0
3.31,0.118,4.945,0.809,8.571,3,"19-11-05_YC037",441,"19-11-05_YC037",441,0,0,0,0
14.72,0.016,5.068,1.127,99.907,2,"19-11-05_YC037",442,"19-11-05_YC037",442,0,0,0,0
29.14,0.017,3.79,0.429,12.292,1,"19-11-05_YC037",546,"19-11-05_YC037",546,0,0,0,0
10.26,0.075,6.879,0.632,8.913,3,"19-11-05_YC037",568,"19-11-05_YC037",568,0,0,0,0
8.49,0.067,6.359,1.017,29.117,3,"19-11-05_YC037",635,"19-11-05_YC037",635,0,0,0,0
31.46,0.029,5.542,0.723,26.118,3,"19-11-05_YC037",66,"19-11-05_YC037",66,0,0,0,0
6.93,0.079,1.812,0.917,15.662,2,"19-11-05_YC037",68,"19-11-05_YC037",68,0,0,0,0
11.27,0.064,5.909,0.695,9.657,3,"19-11-05_YC037",94,"19-11-05_YC037",94,0,0,0,0
4.88,0.184,6.046,1.019,24.473,3,"19-11-05_YC036",102,"19-11-05_YC036",102,0,0,0,0
10.12,0.033,5.445,0.957,43.566,2,"19-11-05_YC036",103,"19-11-05_YC036",103,0,0,0,0
6.64,0.135,6.732,0.78,7.207,3,"19-11-05_YC036",210,"19-11-05_YC036",210,0,0,0,0
33.18,0.02,6.181,0.765,34.413,2,"19-11-05_YC036",218,"19-11-05_YC036",218,0,0,0,0
11.97,0.054,6.089,0.86,20.078,3,"19-11-05_YC036",233,"19-11-05_YC036",233,0,0,0,0
12.74,0.039,4.743,0.822,23.656,2,"19-11-05_YC036",237,"19-11-05_YC036",237,0,0,0,0
9.31,0.077,6.733,0.687,9.29,3,"19-11-05_YC036",24,"19-11-05_YC036",24,0,0,0,0
7.15,0.065,4.101,0.988,30.114,2,"19-11-05_YC036",28,"19-11-05_YC036",28,0,0,0,0
107.71,0.007,4.505,0.318,20.91,1,"19-11-05_YC036",306,"19-11-05_YC036",306,0,0,0,0
17.89,0.038,5.921,0.651,17.38,3,"19-11-05_YC036",31,"19-11-05_YC036",31,0,0,0,0
58.34,0.014,4.401,0.446,20.218,1,"19-11-05_YC036",324,"19-11-05_YC036",324,0,0,0,0
55.07,0.015,4.694,0.454,19.638,1,"19-11-05_YC036",329,"19-11-05_YC036",329,0,0,0,0
26.76,0.026,6.366,0.674,25.603,3,"19-11-05_YC036",33,"19-11-05_YC036",33,0,0,0,0
36.02,0.015,3.804,0.525,21.307,1,"19-11-05_YC036",330,"19-11-05_YC036",330,0,0,0,0
36.67,0.013,3.026,0.408,16.071,1,"19-11-05_YC036",353,"19-11-05_YC036",353,0,0,0,0
63.96,0.013,4.495,0.311,14.219,1,"19-11-05_YC036",354,"19-11-05_YC036",354,0,0,0,0
61.05,0.008,3.931,0.356,16.572,1,"19-11-05_YC036",356,"19-11-05_YC036",356,0,0,0,0
5.13,0.106,6.384,0.825,9.582,3,"19-11-05_YC036",37,"19-11-05_YC036",37,0,0,0,0
8.03,0.061,4.812,0.978,29.819,2,"19-11-05_YC036",389,"19-11-05_YC036",389,0,0,0,0
10.13,0.047,5.797,0.806,21.994,3,"19-11-05_YC036",402,"19-11-05_YC036",402,0,0,0,0
10.75,0.048,4.378,0.801,18.332,2,"19-11-05_YC036",429,"19-11-05_YC036",429,0,0,0,0
1.39,0.224,5.235,0.949,8.762,3,"19-11-04_YC037",13,"19-11-04_YC037",13,0,0,0,0
1.82,0.416,6.032,0.781,2.656,3,"19-11-04_YC037",165,"19-11-04_YC037",165,0,0,0,0
12.88,0.056,6.686,0.85,19.815,3,"19-11-04_YC037",175,"19-11-04_YC037",175,0,0,0,0
17.13,0.043,6.491,0.791,25.496,3,"19-11-04_YC037",176,"19-11-04_YC037",176,0,0,0,0
5.36,0.122,6.363,0.788,7.902,3,"19-11-04_YC037",184,"19-11-04_YC037",184,0,0,0,0
11.26,0.004,2.746,0.89,125.343,2,"19-11-04_YC037",186,"19-11-04_YC037",186,0,0,0,0
8.6,0.05,5.661,1.064,41.464,2,"19-11-04_YC037",190,"19-11-04_YC037",190,0,0,0,0
7.28,0.108,6.418,0.572,14.612,3,"19-11-04_YC037",199,"19-11-04_YC037",199,0,0,0,0
10.97,0.067,6.458,0.593,9.552,3,"19-11-04_YC037",200,"19-11-04_YC037",200,0,0,0,0
22.82,0.039,6.887,0.695,22.963,3,"19-11-04_YC037",202,"19-11-04_YC037",202,0,0,0,0
9.93,0.038,5.454,1.033,40.816,2,"19-11-04_YC037",228,"19-11-04_YC037",228,0,0,0,0
15.72,0.013,3.657,0.894,73.773,2,"19-11-04_YC037",232,"19-11-04_YC037",232,0,0,0,0
5.74,0.042,4.507,1.108,42.925,2,"19-11-04_YC037",29,"19-11-04_YC037",29,0,0,0,0
35.16,0.011,5.185,1.053,136.901,2,"19-11-04_YC037",30,"19-11-04_YC037",30,0,0,0,0
29.02,0.018,5.976,0.811,41.13,2,"19-11-04_YC037",31,"19-11-04_YC037",31,0,0,0,0
17.94,0.041,6.726,0.875,32.082,3,"19-11-04_YC037",34,"19-11-04_YC037",34,0,0,0,0
7.21,0.114,6.816,0.858,14.935,3,"19-11-04_YC037",35,"19-11-04_YC037",35,0,0,0,0
21.67,0.026,5.745,0.935,65.452,2,"19-11-04_YC037",36,"19-11-04_YC037",36,0,0,0,0
9.61,0.047,4.197,0.899,27.847,2,"19-11-04_YC037",41,"19-11-04_YC037",41,0,0,0,0
11.05,0.053,6.324,0.799,21.309,3,"19-11-04_YC037",42,"19-11-04_YC037",42,0,0,0,0
1.5,0.144,5.705,1.092,16.083,3,"19-11-04_YC037",52,"19-11-04_YC037",52,0,0,0,0
43.66,0.017,6.433,0.744,54.669,2,"19-11-04_YC037",56,"19-11-04_YC037",56,0,0,0,0
2.32,0.198,5.404,0.731,3.155,3,"19-11-04_YC037",61,"19-11-04_YC037",61,0,0,0,0
12.57,0.067,6.514,0.819,14.95,3,"19-11-04_YC037",75,"19-11-04_YC037",75,0,0,0,0
6.24,0.09,5.927,1.012,24.803,3,"19-11-04_YC036",104,"19-11-04_YC036",104,0,0,0,0
10.21,0.058,5.562,0.771,15.74,3,"19-11-04_YC036",106,"19-11-04_YC036",106,0,0,0,0
6.62,0.098,6.314,0.723,7.965,3,"19-11-04_YC036",109,"19-11-04_YC036",109,0,0,0,0
19.11,0.035,6.176,0.932,44.218,2,"19-11-04_YC036",115,"19-11-04_YC036",115,0,0,0,0
6.53,0.097,6.102,0.71,7.762,3,"19-11-04_YC036",123,"19-11-04_YC036",123,0,0,0,0
1.39,0.042,4.044,1.244,24.443,2,"19-11-04_YC036",13,"19-11-04_YC036",13,0,0,0,0
30.21,0.041,6.656,0.788,22.698,3,"19-11-04_YC036",145,"19-11-04_YC036",145,0,0,0,0
10.05,0.046,5.342,0.666,19.704,3,"19-11-04_YC036",185,"19-11-04_YC036",185,0,0,0,0
40.94,0.018,6.66,0.931,83.578,2,"19-11-04_YC036",197,"19-11-04_YC036",197,0,0,0,0
23.07,0.031,4.879,0.904,43.835,2,"19-11-04_YC036",202,"19-11-04_YC036",202,0,0,0,0
10.49,0.073,6.933,0.685,10.63,3,"19-11-04_YC036",203,"19-11-04_YC036",203,0,0,0,0
31.25,0.032,5.875,0.828,37.533,2,"19-11-04_YC036",209,"19-11-04_YC036",209,0,0,0,0
37.8,0.018,6.173,0.827,61.488,2,"19-11-04_YC036",212,"19-11-04_YC036",212,0,0,0,0
11.19,0.065,5.794,0.734,14.637,3,"19-11-04_YC036",213,"19-11-04_YC036",213,0,0,0,0
25.92,0.061,6.249,0.92,25.68,3,"19-11-04_YC036",215,"19-11-04_YC036",215,0,0,0,0
3.77,0.047,4.504,0.833,32.444,2,"19-11-04_YC036",226,"19-11-04_YC036",226,0,0,0,0
0.57,0.085,5.271,0.887,14.632,3,"19-11-04_YC036",227,"19-11-04_YC036",227,0,0,0,0
53.7,0.017,5.361,0.593,28.489,1,"19-11-04_YC036",228,"19-11-04_YC036",228,0,0,0,0
5.67,0.09,6.223,0.981,26.304,3,"19-11-04_YC036",237,"19-11-04_YC036",237,0,0,0,0
17.83,0.042,6.809,0.749,20.906,3,"19-11-04_YC036",250,"19-11-04_YC036",250,0,0,0,0
16.15,0.05,6.018,0.781,20.852,3,"19-11-04_YC036",255,"19-11-04_YC036",255,0,0,0,0
15.94,0.033,5.719,1.11,59.223,2,"19-11-04_YC036",257,"19-11-04_YC036",257,0,0,0,0
14.42,0.057,6.05,0.837,18.914,3,"19-11-04_YC036",258,"19-11-04_YC036",258,0,0,0,0
18.92,0.023,5.824,1.05,75.535,2,"19-11-04_YC036",273,"19-11-04_YC036",273,0,0,0,0
8.93,0.065,5.486,0.619,8.632,3,"19-11-04_YC036",287,"19-11-04_YC036",287,0,0,0,0
7.14,0.104,6.303,0.672,5.96,3,"19-11-04_YC036",289,"19-11-04_YC036",289,0,0,0,0
4.15,0.034,3.879,1.156,53.116,2,"19-11-04_YC036",295,"19-11-04_YC036",295,0,0,0,0
36.75,0.028,4.946,0.692,19.852,1,"19-11-04_YC036",301,"19-11-04_YC036",301,0,0,0,0
38.71,0.027,5.22,0.606,16.395,1,"19-11-04_YC036",305,"19-11-04_YC036",305,0,0,0,0
23.34,0.031,5.516,0.67,22.432,3,"19-11-04_YC036",32,"19-11-04_YC036",32,0,0,0,0
0.36,0.145,4.684,1.026,17.138,3,"19-11-04_YC036",327,"19-11-04_YC036",327,0,0,0,0
14.53,0.037,5.17,0.891,38.205,2,"19-11-04_YC036",339,"19-11-04_YC036",339,0,0,0,0
6.59,0.058,4.97,0.969,24.94,2,"19-11-04_YC036",345,"19-11-04_YC036",345,0,0,0,0
24.53,0.018,5.552,1.074,83.978,2,"19-11-04_YC036",348,"19-11-04_YC036",348,0,0,0,0
13.02,0.04,4.496,0.886,32.953,2,"19-11-04_YC036",349,"19-11-04_YC036",349,0,0,0,0
12.29,0.041,5.515,0.957,34.333,2,"19-11-04_YC036",351,"19-11-04_YC036",351,0,0,0,0
21.64,0.033,6.534,0.942,49.345,2,"19-11-04_YC036",352,"19-11-04_YC036",352,0,0,0,0
16.09,0.035,5.906,0.97,46.895,2,"19-11-04_YC036",355,"19-11-04_YC036",355,0,0,0,0
36.89,0.021,6.477,0.683,38.181,3,"19-11-04_YC036",358,"19-11-04_YC036",358,0,0,0,0
22.62,0.032,6.517,0.835,49.762,2,"19-11-04_YC036",371,"19-11-04_YC036",371,0,0,0,0
16.17,0.074,5.852,0.997,28.062,3,"19-11-04_YC036",377,"19-11-04_YC036",377,0,0,0,0
9.18,0.067,5.739,0.791,13.483,3,"19-11-04_YC036",38,"19-11-04_YC036",38,0,0,0,0
1.27,0.197,5.239,1.188,16.199,3,"19-11-04_YC036",417,"19-11-04_YC036",417,0,0,0,0
4.25,0.07,4.204,0.826,16.477,3,"19-11-04_YC036",433,"19-11-04_YC036",433,0,0,0,0
19.91,0.035,6.209,0.835,38.235,2,"19-11-04_YC036",434,"19-11-04_YC036",434,0,0,0,0
14.5,0.04,4.604,0.879,34.866,2,"19-11-04_YC036",435,"19-11-04_YC036",435,0,0,0,0
11.93,0.063,5.202,0.612,9.109,3,"19-11-04_YC036",447,"19-11-04_YC036",447,0,0,0,0
2.28,0.154,4.846,1.464,17.362,2,"19-11-04_YC036",45,"19-11-04_YC036",45,0,0,0,0
4.44,0.071,4.21,0.981,20.423,2,"19-11-04_YC036",452,"19-11-04_YC036",452,0,0,0,0
11.96,0.041,5.44,0.892,33.34,2,"19-11-04_YC036",454,"19-11-04_YC036",454,0,0,0,0
9.34,0.04,4.148,0.902,34.43,2,"19-11-04_YC036",471,"19-11-04_YC036",471,0,0,0,0
1.79,0.322,6.283,1.025,8.884,3,"19-11-04_YC036",65,"19-11-04_YC036",65,0,0,0,0
69.86,0.014,5.687,0.479,21.44,1,"19-11-04_YC036",68,"19-11-04_YC036",68,0,0,0,0
29.53,0.013,4.972,0.948,84.864,2,"19-11-04_YC036",70,"19-11-04_YC036",70,0,0,0,0
7,0.066,4.691,0.588,6.326,3,"19-11-04_YC036",74,"19-11-04_YC036",74,0,0,0,0
12.42,0.054,6.055,0.695,14.564,3,"19-11-04_YC036",78,"19-11-04_YC036",78,0,0,0,0
5.42,0.078,5.92,1.25,55.605,2,"19-11-04_YC036",81,"19-11-04_YC036",81,0,0,0,0
14.73,0.045,5.776,1.017,50.099,2,"19-11-04_YC036",83,"19-11-04_YC036",83,0,0,0,0
9.58,0.044,5.938,0.666,11.242,3,"19-11-04_YC036",9,"19-11-04_YC036",9,0,0,0,0
3.36,0.134,5.526,0.743,5.162,3,"19-11-04_YC036",96,"19-11-04_YC036",96,0,0,0,0
3.36,0.134,5.526,0.743,5.162,3,"19-11-04_YC036",97,"19-11-04_YC036",97,0,0,0,0
3.77,0.151,6.177,1.063,16.975,3,"19-11-11_YC040",107,"19-11-11_YC040",107,0,0,0,0
99.55,0.005,1.987,0.348,27.357,1,"19-11-11_YC040",130,"19-11-11_YC040",130,0,0,0,0
124.16,0.005,4.24,0.335,28.946,1,"19-11-11_YC040",133,"19-11-11_YC040",133,0,0,0,0
101.83,0.005,3.191,0.326,26.355,1,"19-11-11_YC040",150,"19-11-11_YC040",150,0,0,0,0
34.85,0.006,2.674,0.433,23.714,1,"19-11-11_YC040",151,"19-11-11_YC040",151,0,0,0,0
25.1,0.025,6.005,0.807,42.241,2,"19-11-11_YC040",155,"19-11-11_YC040",155,0,0,0,0
21.8,0.027,5.879,0.808,38.089,2,"19-11-11_YC040",157,"19-11-11_YC040",157,0,0,0,0
80.42,0.006,2.886,0.371,22.752,1,"19-11-11_YC040",169,"19-11-11_YC040",169,0,0,0,0
28.81,0.025,6.508,0.71,33.979,3,"19-11-11_YC040",17,"19-11-11_YC040",17,0,0,0,0
32.01,0.009,3.022,0.577,27.368,1,"19-11-11_YC040",182,"19-11-11_YC040",182,0,0,0,0
105.28,0.005,3.034,0.278,17.843,1,"19-11-11_YC040",183,"19-11-11_YC040",183,0,0,0,0
54.13,0.009,3.441,0.506,26.811,1,"19-11-11_YC040",188,"19-11-11_YC040",188,0,0,0,0
68.32,0.01,6.118,0.668,55.091,1,"19-11-11_YC040",192,"19-11-11_YC040",192,0,0,0,0
90.06,0.007,3.522,0.35,20.815,1,"19-11-11_YC040",194,"19-11-11_YC040",194,0,0,0,0
15,0.017,4.244,0.852,49.356,2,"19-11-11_YC040",196,"19-11-11_YC040",196,0,0,0,0
93.44,0.006,4.03,0.382,27.514,1,"19-11-11_YC040",203,"19-11-11_YC040",203,0,0,0,0
105.39,0.006,4.784,0.484,47.197,1,"19-11-11_YC040",205,"19-11-11_YC040",205,0,0,0,0
63.14,0.008,4.006,0.639,56.563,1,"19-11-11_YC040",208,"19-11-11_YC040",208,0,0,0,0
56.22,0.005,3.035,0.457,31.389,1,"19-11-11_YC040",212,"19-11-11_YC040",212,0,0,0,0
77.76,0.007,4.764,0.572,47.589,1,"19-11-11_YC040",218,"19-11-11_YC040",218,0,0,0,0
74.9,0.006,4.353,0.521,40.073,1,"19-11-11_YC040",219,"19-11-11_YC040",219,0,0,0,0
26.6,0.016,5.189,0.745,39.253,2,"19-11-11_YC040",220,"19-11-11_YC040",220,0,0,0,0
7.31,0.087,4.27,0.51,4.244,3,"19-11-11_YC040",23,"19-11-11_YC040",23,0,0,0,0
66.7,0.01,5.714,0.63,46.524,1,"19-11-11_YC040",230,"19-11-11_YC040",230,0,0,0,0
31.67,0.011,4.776,0.728,45.437,2,"19-11-11_YC040",231,"19-11-11_YC040",231,0,0,0,0
81.86,0.008,5.441,0.578,50.89,1,"19-11-11_YC040",232,"19-11-11_YC040",232,0,0,0,0
1.33,0.125,2.573,0.973,9.351,2,"19-11-11_YC040",234,"19-11-11_YC040",234,0,0,0,0
55.29,0.007,4.312,0.579,42.804,1,"19-11-11_YC040",239,"19-11-11_YC040",239,0,0,0,0
45.54,0.012,4.394,0.522,24.017,1,"19-11-11_YC040",242,"19-11-11_YC040",242,0,0,0,0
56.1,0.01,4.774,0.468,23.097,1,"19-11-11_YC040",246,"19-11-11_YC040",246,0,0,0,0
53.51,0.01,5.178,0.641,45.924,1,"19-11-11_YC040",248,"19-11-11_YC040",248,0,0,0,0
22.07,0.016,5.149,0.711,30.561,2,"19-11-11_YC040",249,"19-11-11_YC040",249,0,0,0,0
19.05,0.017,4.906,0.734,30.652,2,"19-11-11_YC040",250,"19-11-11_YC040",250,0,0,0,0
38.32,0.01,3.952,0.645,43.339,1,"19-11-11_YC040",251,"19-11-11_YC040",251,0,0,0,0
18.29,0.018,5.06,0.733,25.859,2,"19-11-11_YC040",253,"19-11-11_YC040",253,0,0,0,0
13.24,0.057,6.891,0.643,10.662,3,"19-11-11_YC040",27,"19-11-11_YC040",27,0,0,0,0
104.2,0.005,4.774,0.395,32.161,1,"19-11-11_YC040",272,"19-11-11_YC040",272,0,0,0,0
81.39,0.005,4.974,0.484,40.277,1,"19-11-11_YC040",273,"19-11-11_YC040",273,0,0,0,0
26.82,0.014,5.168,0.571,25.987,1,"19-11-11_YC040",30,"19-11-11_YC040",30,0,0,0,0
14.09,0.056,6.941,0.649,11.866,3,"19-11-11_YC040",36,"19-11-11_YC040",36,0,0,0,0
28.87,0.024,6.677,0.852,46.116,2,"19-11-11_YC040",46,"19-11-11_YC040",46,0,0,0,0
7.35,0.028,4.441,0.988,43.801,2,"19-11-11_YC040",6,"19-11-11_YC040",6,0,0,0,0
0.77,0.13,3.08,1.562,25.305,2,"19-11-11_YC040",62,"19-11-11_YC040",62,0,0,0,0
17.29,0.004,1.8,0.432,28.257,1,"19-11-11_YC040",69,"19-11-11_YC040",69,0,0,0,0
19,0.015,5.271,1.235,87.586,2,"19-11-11_YC040",7,"19-11-11_YC040",7,0,0,0,0
13.99,0.025,4.751,0.957,57.814,2,"19-11-11_YC040",228,"19-11-11_YC040",228,0,1,0,0
64.8,0.006,5.051,0.506,39.725,1,"19-11-11_YC040",275,"19-11-11_YC040",275,0,1,0,0
10.31,0.062,6.486,0.66,9.7,3,"19-01-23_YC012",371,"19-01-23_YC012",371,0,0,0,1
