"MFRBlockHz","tf_MedIsi","tf_Entropy","tf_CV2Mean","tf_LvR","Sample","Unit","RespPk","RespGo","RespMLI","RespMF","RespGr","PrevClust","NewCluster"
14.92,0.058,7.11,0.543,9.805,"18-08-30_YC001_probe1",115,0,0,0,0,0,"MLI",1
8.06,0.1,6.974,0.686,7.559,"18-08-30_YC001_probe1",125,0,0,0,0,0,"MLI",1
1.78,0.497,7.225,0.901,4.79,"18-08-30_YC001_probe1",134,0,0,0,0,0,"Gr",2
8.85,0.082,6.876,0.843,13.871,"18-08-30_YC001_probe1",155,0,0,0,0,0,"MLI",1
22.12,0.035,6.945,0.743,25.792,"18-08-30_YC001_probe1",159,0,0,0,0,0,"MLI",1
53.54,0.017,7.223,0.78,78.921,"18-08-30_YC001_probe1",188,0,0,0,0,0,"GoMF",3
13.45,0.064,6.446,0.434,4.762,"18-08-30_YC001_probe1",189,0,0,0,0,0,"MLI",1
10.02,0.067,6.553,0.648,10.408,"18-08-30_YC001_probe1",190,0,0,0,0,0,"MLI",1
7.67,0.085,6.399,0.903,19.027,"18-08-30_YC001_probe1",194,0,0,0,0,0,"MLI",1
1.55,0.459,6.02,0.855,3.288,"18-08-30_YC001_probe1",195,0,0,0,0,0,"Gr",2
11.5,0.031,5.746,1.129,44.549,"18-08-30_YC001_probe1",198,0,0,0,0,0,"GoMF",3
19.86,0.045,7.056,0.737,37.53,"18-08-30_YC001_probe1",200,0,0,0,0,0,"MLI",1
1.48,0.059,3.643,1.024,16.324,"18-08-30_YC001_probe1",201,0,0,0,0,0,"GoMF",3
2.93,0.201,6.342,0.837,6.863,"18-08-30_YC001_probe1",204,0,0,0,0,0,"Gr",2
24.44,0.029,6.495,0.68,33.107,"18-08-30_YC001_probe1",205,0,0,0,0,0,"MLI",1
6.17,0.113,6.537,0.701,6.992,"18-08-30_YC001_probe1",206,0,0,0,0,0,"MLI",1
27.64,0.026,6.758,0.681,31.789,"18-08-30_YC001_probe1",209,0,0,0,0,0,"MLI",1
14.95,0.046,6.3,1.04,54.981,"18-08-30_YC001_probe1",221,0,0,0,0,0,"GoMF",3
69.27,0.012,5.349,0.355,14.971,"18-08-30_YC001_probe1",227,1,0,0,0,0,"Unknown",4
0.72,0.697,4.75,0.772,3.562,"18-08-30_YC001_probe1",24,0,0,0,0,0,"Gr",2
23.35,0.033,6.899,0.62,16.726,"18-08-30_YC001_probe1",241,0,0,0,0,0,"MLI",1
14.97,0.049,6.624,0.738,17.273,"18-08-30_YC001_probe1",258,0,0,0,0,0,"MLI",1
93.24,0.007,5.304,0.466,34.026,"18-08-30_YC001_probe1",267,0,0,0,0,0,"Unknown",4
18.64,0.048,7.182,0.48,8.673,"18-08-30_YC001_probe1",288,0,0,0,0,0,"MLI",1
16,0.033,6.099,0.965,37.243,"18-08-30_YC001_probe1",291,0,0,0,0,0,"MLI",1
11.64,0.067,6.977,0.661,12.547,"18-08-30_YC001_probe1",292,0,0,0,0,0,"MLI",1
11.77,0.063,6.839,0.676,13.386,"18-08-30_YC001_probe1",302,0,0,0,0,0,"MLI",1
27.51,0.03,6.623,0.513,16.924,"18-08-30_YC001_probe1",369,0,0,0,0,0,"MLI",1
2.62,0.135,5.924,1.213,23.25,"18-08-30_YC001_probe1",396,0,0,0,0,0,"Gr",2
48.43,0.009,4.303,0.685,77.102,"18-08-30_YC001_probe1",398,0,0,0,0,0,"GoMF",3
15.01,0.055,7.053,0.505,8.559,"18-08-30_YC001_probe1",399,0,0,0,0,0,"MLI",1
24.47,0.037,7.173,0.579,16.792,"18-08-30_YC001_probe1",45,0,0,0,0,0,"MLI",1
12.06,0.068,6.948,0.61,8.421,"18-08-30_YC001_probe1",46,0,0,0,0,0,"MLI",1
7.33,0.055,5.999,1.076,27.626,"18-08-30_YC001_probe1",48,0,0,0,0,0,"MLI",1
10.27,0.065,6.867,0.838,17.094,"18-08-30_YC001_probe1",70,0,0,0,0,0,"MLI",1
11.47,0.065,7.006,0.778,13.986,"18-08-30_YC001_probe1",76,0,0,0,0,0,"MLI",1
16.92,0.044,6.767,0.728,19.012,"18-08-30_YC001_probe1",78,0,0,0,0,0,"MLI",1
15.15,0.046,6.763,0.702,15.846,"18-08-30_YC001_probe1",99,0,0,0,0,0,"MLI",1
2.21,0.152,5.2,1.1,17.934,"18-08-30_YC002_probe1",10,0,0,0,0,0,"Gr",2
4.51,0.12,6.048,0.79,26.107,"18-08-30_YC002_probe1",103,0,0,0,0,0,"MLI",1
25.25,0.027,6.425,0.761,39.484,"18-08-30_YC002_probe1",106,0,0,0,0,0,"MLI",1
4.58,0.15,6.738,0.853,9.388,"18-08-30_YC002_probe1",12,0,0,0,0,0,"MLI",1
9.31,0.089,7.029,0.596,6.381,"18-08-30_YC002_probe1",123,0,0,0,0,0,"MLI",1
7.35,0.101,6.486,0.676,8.197,"18-08-30_YC002_probe1",129,0,0,0,0,0,"MLI",1
11.26,0.075,6.811,0.763,16.099,"18-08-30_YC002_probe1",140,0,0,0,0,0,"MLI",1
15.77,0.047,6.782,0.95,40.301,"18-08-30_YC002_probe1",144,0,0,0,0,0,"MLI",1
21.15,0.029,6.298,0.687,23.013,"18-08-30_YC002_probe1",147,0,0,0,0,0,"MLI",1
6.44,0.064,5.247,0.832,12.822,"18-08-30_YC002_probe1",149,0,0,0,0,0,"GoMF",3
22.62,0.029,6.513,1.004,61.462,"18-08-30_YC002_probe1",153,0,0,0,0,0,"GoMF",3
7.81,0.08,6.145,0.758,10.724,"18-08-30_YC002_probe1",157,0,0,0,0,0,"MLI",1
10.73,0.045,6.361,0.923,33.882,"18-08-30_YC002_probe1",158,0,0,0,0,0,"MLI",1
31.52,0.023,6.71,0.778,41.08,"18-08-30_YC002_probe1",16,0,0,0,0,0,"MLI",1
7.3,0.134,6.517,0.879,10.124,"18-08-30_YC002_probe1",163,0,0,0,0,0,"MLI",1
11.81,0.063,6.626,0.834,23.021,"18-08-30_YC002_probe1",169,0,0,0,0,0,"MLI",1
16.54,0.021,5.566,1.01,57.429,"18-08-30_YC002_probe1",170,0,0,0,0,0,"GoMF",3
7.98,0.1,6.478,0.48,3.431,"18-08-30_YC002_probe1",173,0,0,0,0,0,"MLI",1
3.52,0.224,6.927,0.713,4.184,"18-08-30_YC002_probe1",180,0,0,0,0,0,"MLI",1
13.76,0.051,6.56,0.511,7.929,"18-08-30_YC002_probe1",22,0,0,0,0,0,"MLI",1
10.28,0.031,5.026,1.016,34.707,"18-08-30_YC002_probe1",255,0,0,0,0,0,"GoMF",3
27.72,0.031,6.977,0.532,14.185,"18-08-30_YC002_probe1",26,0,0,0,0,0,"MLI",1
4.78,0.151,6.796,0.772,6.325,"18-08-30_YC002_probe1",330,0,0,0,0,0,"MLI",1
30.79,0.026,7.003,0.768,49.832,"18-08-30_YC002_probe1",35,0,0,0,0,0,"MLI",1
12.05,0.066,7.043,0.614,10.603,"18-08-30_YC002_probe1",36,0,0,0,0,0,"MLI",1
77.28,0.008,5.101,0.402,22.992,"18-08-30_YC002_probe1",37,0,0,0,0,0,"Unknown",4
11.27,0.056,6.653,0.697,16.854,"18-08-30_YC002_probe1",72,0,0,0,0,0,"MLI",1
8.07,0.079,6.806,0.775,9.464,"18-08-30_YC002_probe1",86,1,0,0,0,0,"MLI",1
10.69,0.063,6.763,0.95,24.615,"18-08-30_YC002_probe1",94,0,0,0,0,0,"MLI",1
6.75,0.064,6.121,0.73,12.292,"18-08-30_YC002_probe1",95,0,0,0,0,0,"MLI",1
15.04,0.051,6.12,1.465,65.158,"18-08-31_YC003_probe1",0,0,0,0,0,0,"GoMF",3
17.63,0.049,7.041,0.572,15.594,"18-08-31_YC003_probe1",101,0,0,0,0,0,"MLI",1
3.91,0.117,6.072,0.989,15.58,"18-08-31_YC003_probe1",132,0,0,0,0,0,"MLI",1
11.85,0.022,3.429,0.644,14.609,"18-08-31_YC003_probe1",152,0,0,0,0,0,"GoMF",3
8.2,0.078,6.351,0.769,11.322,"18-08-31_YC003_probe1",160,0,0,0,0,0,"MLI",1
2.96,0.224,6.78,0.938,7.497,"18-08-31_YC003_probe1",162,0,0,0,0,0,"Gr",2
11.62,0.065,6.937,0.759,14.061,"18-08-31_YC003_probe1",169,0,0,0,0,0,"MLI",1
23.47,0.034,5.255,0.923,26.012,"18-08-31_YC003_probe1",170,0,0,0,0,0,"GoMF",3
2.07,0.104,6.241,0.857,10.877,"18-08-31_YC003_probe1",173,0,0,0,0,0,"MLI",1
17.6,0.048,6.556,0.577,13.036,"18-08-31_YC003_probe1",175,0,0,0,0,0,"MLI",1
15.79,0.037,6.554,0.981,40.142,"18-08-31_YC003_probe1",181,0,0,0,0,0,"MLI",1
77.85,0.008,5.419,0.394,22.482,"18-08-31_YC003_probe1",184,0,0,0,0,0,"Unknown",4
62.17,0.01,4.68,0.412,19.931,"18-08-31_YC003_probe1",186,0,0,0,0,0,"Unknown",4
14.93,0.039,6.495,0.926,33.433,"18-08-31_YC003_probe1",189,0,0,0,0,0,"MLI",1
9.5,0.074,6.7,0.87,26.206,"18-08-31_YC003_probe1",190,0,0,0,0,0,"MLI",1
73.25,0.008,5.337,0.533,35.364,"18-08-31_YC003_probe1",194,0,0,0,0,0,"Unknown",4
28.66,0.024,6.696,0.744,33.235,"18-08-31_YC003_probe1",196,0,0,0,0,0,"MLI",1
7.92,0.093,6.73,0.725,9.259,"18-08-31_YC003_probe1",208,0,0,0,0,0,"MLI",1
5.48,0.119,6.376,0.761,8.42,"18-08-31_YC003_probe1",209,0,0,0,0,0,"MLI",1
27.74,0.027,6.573,0.716,31.866,"18-08-31_YC003_probe1",218,0,0,0,0,0,"MLI",1
11.9,0.055,6.282,0.681,12.718,"18-08-31_YC003_probe1",222,0,0,0,0,0,"MLI",1
9.78,0.076,6.719,0.83,16.364,"18-08-31_YC003_probe1",223,0,0,0,0,0,"MLI",1
9.68,0.078,6.669,0.71,11.006,"18-08-31_YC003_probe1",229,0,0,0,0,0,"MLI",1
5.81,0.072,5.761,1.018,24.034,"18-08-31_YC003_probe1",230,0,0,0,0,0,"MLI",1
29.54,0.025,5.241,0.85,31.314,"18-08-31_YC003_probe1",239,0,0,0,0,0,"GoMF",3
35.03,0.013,4.666,0.709,36.991,"18-08-31_YC003_probe1",295,0,0,0,0,0,"GoMF",4
68.49,0.01,5.886,0.607,41.436,"18-08-31_YC003_probe1",298,0,0,0,0,0,"Unknown",4
18.69,0.02,4.383,0.663,22.486,"18-08-31_YC003_probe1",300,0,0,0,0,0,"GoMF",3
21.99,0.032,6.487,0.793,32.097,"18-08-31_YC003_probe1",332,0,0,0,0,0,"MLI",1
15.75,0.04,6.588,0.889,29.062,"18-08-31_YC003_probe1",377,0,0,0,0,0,"MLI",1
12.52,0.063,6.995,0.712,13.35,"18-08-31_YC003_probe1",393,0,0,0,0,0,"MLI",1
22.7,0.032,7.074,0.942,85.525,"18-08-31_YC003_probe1",54,0,0,0,0,0,"GoMF",3
10.42,0.042,5.192,0.785,18.967,"18-08-31_YC003_probe1",58,0,0,0,0,0,"MLI",1
14.3,0.047,6.742,0.876,26.951,"18-08-31_YC003_probe1",641,0,0,0,0,0,"MLI",1
21.17,0.042,6.747,0.56,12.649,"18-08-31_YC003_probe1",78,0,0,0,0,0,"MLI",1
23.88,0.036,6.871,0.494,10.503,"18-08-31_YC003_probe1",80,0,0,0,0,0,"MLI",1
22.28,0.023,5.919,0.844,42.077,"18-08-31_YC003_probe1",81,0,0,0,0,0,"MLI",1
37.11,0.014,5.21,0.822,94.357,"18-08-31_YC003_probe1",92,0,0,0,0,0,"GoMF",3
21.73,0.039,7.034,0.552,16.862,"18-08-31_YC003_probe1",97,0,0,0,0,0,"MLI",1
10.04,0.077,6.784,0.595,7.512,"18-08-31_YC004_probe1",107,0,0,0,0,0,"MLI",1
1.72,0.505,6.484,1.315,12.038,"18-08-31_YC004_probe1",164,0,0,0,0,0,"Gr",2
5.47,0.128,6.609,0.705,6.795,"18-08-31_YC004_probe1",22,0,0,0,0,0,"MLI",1
28.16,0.018,3.972,0.466,13.29,"18-08-31_YC004_probe1",26,0,0,0,0,0,"Unknown",4
2.17,0.233,5.889,0.837,4.542,"18-08-31_YC004_probe1",65,0,0,0,0,0,"Gr",2
8.39,0.087,6.658,0.66,7.277,"18-08-31_YC004_probe1",69,0,0,0,0,0,"MLI",1
5.82,0.134,6.817,0.63,5.064,"18-08-31_YC004_probe1",73,0,0,0,0,0,"MLI",1
16.21,0.022,5.08,1.013,79.179,"18-08-31_YC004_probe1",74,0,0,0,0,0,"GoMF",3
2.81,0.192,6.159,1.141,14.419,"18-09-03_YC005_probe1",0,0,0,0,0,0,"Gr",2
9.74,0.074,6.43,0.852,13.645,"18-09-03_YC005_probe1",107,0,0,0,0,0,"MLI",1
18.22,0.035,5.615,0.785,33.97,"18-09-03_YC005_probe1",130,0,0,0,0,0,"MLI",3
6.87,0.103,6.733,0.656,6.519,"18-09-03_YC005_probe1",133,0,0,0,0,0,"MLI",1
10.27,0.068,6.562,0.733,12.045,"18-09-03_YC005_probe1",150,0,0,0,0,0,"MLI",1
9.97,0.066,6.466,0.821,15.21,"18-09-03_YC005_probe1",210,0,0,0,0,0,"MLI",1
10.6,0.037,5.567,0.94,21.715,"18-09-03_YC005_probe1",35,0,0,0,0,0,"GoMF",3
25.82,0.016,3.332,0.485,16.565,"18-09-03_YC005_probe1",37,0,0,0,0,0,"Unknown",4
0.97,0.311,5.213,1.046,6.508,"18-09-03_YC005_probe1",50,0,0,0,0,0,"Gr",2
15.79,0.021,4.409,0.83,35.148,"18-09-03_YC006_probe1",104,0,0,0,0,0,"GoMF",3
90.49,0.005,3.515,0.234,11.765,"18-09-03_YC006_probe1",119,0,0,0,0,0,"Unknown",4
32.64,0.026,6.469,0.644,25.985,"18-09-03_YC006_probe1",159,0,0,0,0,0,"MLI",1
0.97,0.137,4.615,1.429,37.779,"18-09-03_YC006_probe1",19,0,0,0,0,0,"GoMF",3
0.94,0.142,4.686,1.456,36.285,"18-09-03_YC006_probe1",20,0,0,0,0,0,"GoMF",3
21.36,0.035,6.502,0.588,19.02,"18-09-03_YC006_probe1",225,0,0,0,0,0,"MLI",1
22.82,0.034,6.837,0.783,41.477,"18-09-03_YC006_probe1",31,0,0,0,0,0,"MLI",1
1.92,0.053,4.396,1.107,44.825,"18-09-03_YC006_probe1",373,0,0,0,0,0,"GoMF",3
22.2,0.029,6.791,0.823,35.292,"18-09-03_YC006_probe1",388,0,0,0,0,0,"MLI",1
10.07,0.08,6.726,1.143,41.19,"18-09-03_YC006_probe1",41,0,0,0,0,0,"GoMF",3
53.91,0.013,5.296,0.392,16.788,"18-09-03_YC006_probe1",62,0,0,0,0,0,"Unknown",4
4,0.126,5.177,0.78,6.437,"18-09-03_YC006_probe1",66,0,0,0,0,0,"GoMF",1
11.62,0.069,7.037,0.831,18.238,"18-09-03_YC006_probe1",8,0,0,0,0,0,"MLI",1
4.33,0.085,5.01,0.898,11.987,"18-09-03_YC006_probe1",82,0,0,0,0,0,"GoMF",3
4.13,0.087,4.765,0.915,12.278,"18-09-03_YC006_probe1",83,0,0,0,0,0,"GoMF",3
22.97,0.019,5.285,0.909,78.473,"18-09-03_YC006_probe1",86,0,0,0,0,0,"GoMF",3
47.32,0.015,6.261,0.774,55.197,"18-09-03_YC006_probe1",98,0,0,0,0,0,"MLI",1
15.85,0.053,6.773,0.776,19.295,"19-12-13_YC007_probe1",84,0,0,0,0,0,"MLI",1
5.2,0.161,6.461,0.433,2.201,"18-12-13_YC008_probe1",120,0,0,0,0,0,"MLI",1
9.05,0.067,6.338,1.212,48.132,"18-12-13_YC008_probe1",134,0,0,0,0,0,"GoMF",3
11.67,0.061,6.822,0.629,11.038,"18-12-13_YC008_probe1",149,0,0,0,0,0,"MLI",1
27.69,0.023,6.147,0.627,36.556,"18-12-13_YC008_probe1",152,0,0,0,0,0,"MLI",1
23.48,0.031,5.894,0.425,9.86,"18-12-13_YC008_probe1",170,0,0,0,0,0,"MLI",1
3.11,0.236,6.958,0.928,7.55,"18-12-13_YC008_probe1",184,0,0,0,0,0,"Gr",2
6.8,0.102,5.791,0.544,4.114,"18-12-13_YC008_probe1",196,0,0,0,0,0,"MLI",1
36.77,0.021,6.918,0.782,45.122,"18-12-13_YC008_probe1",240,0,0,0,0,0,"MLI",1
85.39,0.008,4.409,0.327,18.291,"18-12-13_YC008_probe1",243,0,0,0,0,0,"Unknown",4
43.73,0.012,5.147,0.748,81.585,"18-12-13_YC008_probe1",244,0,0,0,0,0,"GoMF",3
20.07,0.033,6.706,0.921,35.445,"18-12-13_YC008_probe1",247,0,0,0,0,0,"MLI",1
17.2,0.048,6.578,0.676,14.979,"18-12-13_YC008_probe1",248,0,0,0,0,0,"MLI",1
28.05,0.027,5.671,0.528,16.573,"18-12-13_YC008_probe1",272,0,0,0,0,0,"MLI",4
123.99,0.007,4.324,0.232,13.668,"18-12-13_YC008_probe1",278,0,0,0,0,0,"Unknown",4
12.86,0.072,7.183,0.494,5.912,"18-12-13_YC008_probe1",28,0,0,0,0,0,"MLI",1
4.97,0.109,5.97,0.89,10.937,"18-12-13_YC008_probe1",30,0,0,0,0,0,"MLI",1
24.12,0.032,6.905,0.751,27.829,"18-12-13_YC008_probe1",329,0,0,0,0,0,"MLI",1
28.5,0.025,6.709,0.714,31.33,"18-12-13_YC008_probe1",344,0,0,0,0,0,"MLI",1
4.46,0.137,5.957,0.669,5.247,"18-12-13_YC008_probe1",376,0,0,0,0,0,"MLI",1
10.39,0.035,5.656,1.011,48.606,"18-12-13_YC008_probe1",42,0,0,0,0,0,"GoMF",3
17.12,0.049,6.92,0.574,11.547,"18-12-13_YC008_probe1",49,0,0,0,0,0,"MLI",1
8.38,0.082,6.741,0.726,9.917,"18-12-13_YC008_probe1",54,0,0,0,0,0,"MLI",1
21.37,0.04,6.06,0.808,25.821,"18-12-13_YC008_probe1",81,0,0,0,0,0,"MLI",1
12.14,0.064,6.727,0.661,13.919,"18-12-13_YC008_probe1",95,0,0,0,0,0,"MLI",1
14.37,0.053,6.913,0.646,12.045,"18-12-17_YC009_probe1",103,0,0,0,0,0,"MLI",1
6.46,0.086,5.924,0.836,13.09,"18-12-17_YC009_probe1",105,0,0,0,0,0,"MLI",1
2.78,0.28,6.106,0.92,5.919,"18-12-17_YC009_probe1",110,0,0,0,0,0,"Gr",2
48.56,0.009,6.439,1.028,119.646,"18-12-17_YC009_probe1",111,0,0,0,0,0,"GoMF",3
39.52,0.012,5.661,0.703,52.958,"18-12-17_YC009_probe1",113,0,0,0,0,0,"MLI",1
13.36,0.059,5.917,0.71,12.953,"18-12-17_YC009_probe1",124,0,0,0,0,0,"MLI",1
0.25,0.265,5.668,0.94,6.258,"18-12-17_YC009_probe1",126,0,0,0,0,0,"Gr",2
46.67,0.019,6.635,0.748,40.489,"18-12-17_YC009_probe1",127,0,0,0,0,0,"MLI",1
4.52,0.138,6.567,0.985,13.349,"18-12-17_YC009_probe1",129,0,0,0,0,0,"MLI",1
14.37,0.051,6.671,0.694,15.221,"18-12-17_YC009_probe1",13,0,0,0,0,0,"MLI",1
15.57,0.041,6.691,0.928,32.905,"18-12-17_YC009_probe1",139,0,0,0,0,0,"MLI",1
7.43,0.096,5.965,0.68,8.465,"18-12-17_YC009_probe1",14,0,0,0,0,0,"MLI",1
16.8,0.038,6.603,0.694,22.265,"18-12-17_YC009_probe1",17,0,0,0,0,0,"MLI",1
19.56,0.037,6.831,0.822,28.834,"18-12-17_YC009_probe1",180,0,0,0,0,0,"MLI",1
30.34,0.025,6.323,0.574,19.03,"18-12-17_YC009_probe1",215,0,0,0,0,0,"MLI",1
40.1,0.012,4.654,0.592,41.023,"18-12-17_YC009_probe1",22,0,0,0,0,0,"Unknown",4
7.75,0.1,6.871,0.7,7.705,"18-12-17_YC009_probe1",234,0,0,0,0,0,"MLI",1
14.15,0.05,6.677,0.649,14.163,"18-12-17_YC009_probe1",240,0,0,0,0,0,"MLI",1
13.56,0.049,6.699,0.644,19.358,"18-12-17_YC009_probe1",25,0,0,0,0,0,"MLI",1
17.78,0.02,5.487,0.953,78.803,"18-12-17_YC009_probe1",26,0,0,0,0,0,"GoMF",3
11.83,0.053,6.463,0.657,11.657,"18-12-17_YC009_probe1",272,0,0,0,0,0,"MLI",1
17.83,0.038,6.638,0.99,51.314,"18-12-17_YC009_probe1",280,0,0,0,0,0,"GoMF",3
40.59,0.018,6.607,0.636,39.708,"18-12-17_YC009_probe1",281,0,0,0,0,0,"MLI",1
14.25,0.057,6.972,0.571,9.423,"18-12-17_YC009_probe1",283,0,0,0,0,0,"MLI",1
13.38,0.029,5.454,0.823,33.078,"18-12-17_YC009_probe1",286,0,0,0,0,0,"GoMF",3
2.98,0.2,6.406,0.947,9.678,"18-12-17_YC009_probe1",287,0,0,0,0,0,"Gr",2
30.63,0.021,6.194,0.68,37.495,"18-12-17_YC009_probe1",288,0,0,0,0,0,"MLI",1
7.09,0.079,6.485,0.751,12.44,"18-12-17_YC009_probe1",29,0,0,0,0,0,"MLI",1
17.22,0.047,6.82,0.567,11.248,"18-12-17_YC009_probe1",290,0,0,0,0,0,"MLI",1
60.42,0.021,5.615,0.742,31.263,"18-12-17_YC009_probe1",311,0,0,0,0,0,"Unknown",4
43.1,0.013,5.758,0.606,32.603,"18-12-17_YC009_probe1",329,0,0,0,0,0,"MLI",1
24.12,0.027,6.24,0.631,21.129,"18-12-17_YC009_probe1",336,0,0,0,0,0,"MLI",1
35.54,0.014,4.657,0.608,27.235,"18-12-17_YC009_probe1",352,0,0,0,0,0,"Unknown",4
14.14,0.029,4.677,0.758,28.202,"18-12-17_YC009_probe1",364,0,0,0,0,0,"GoMF",3
7.12,0.07,5.287,0.725,12.603,"18-12-17_YC009_probe1",373,0,0,0,0,0,"MLI",1
28.91,0.021,6.502,0.853,51.67,"18-12-17_YC009_probe1",39,0,0,0,0,0,"MLI",1
82.87,0.008,5.957,0.557,43.213,"18-12-17_YC009_probe1",487,0,0,0,0,0,"Unknown",4
87.92,0.008,4.499,0.456,31.333,"18-12-17_YC009_probe1",501,0,0,0,0,0,"Unknown",4
42.13,0.018,6.301,0.51,19.223,"18-12-17_YC009_probe1",566,0,0,0,0,0,"MLI",1
35.5,0.016,5.375,0.633,26.939,"18-12-17_YC009_probe1",570,0,0,0,0,0,"MLI",4
59.06,0.01,4.975,0.324,15.429,"18-12-17_YC009_probe1",590,0,0,0,0,0,"Unknown",4
25.51,0.025,6.617,0.826,41.146,"18-12-17_YC009_probe1",594,0,0,0,0,0,"MLI",1
28.23,0.026,6.756,0.687,30.531,"18-12-17_YC009_probe1",611,0,0,0,0,0,"MLI",1
41.27,0.015,5.356,0.581,25.756,"18-12-17_YC009_probe1",617,0,0,0,0,0,"MLI",4
26.08,0.022,4.767,0.502,14.035,"18-12-17_YC009_probe1",627,0,0,0,0,0,"Unknown",4
7.01,0.108,6.815,0.86,18.11,"18-12-17_YC009_probe1",65,0,0,0,0,0,"MLI",1
8.24,0.08,6.561,0.914,16.875,"18-12-17_YC009_probe1",75,0,0,0,0,0,"MLI",1
22.75,0.031,6.741,0.749,29.231,"18-12-17_YC009_probe1",88,0,0,0,0,0,"MLI",1
19.66,0.596,5.525,0.957,4.849,"18-12-17_YC009_probe1",94,0,0,0,0,0,"Gr",2
21.32,0.025,5.618,0.975,64.521,"18-12-17_YC009_probe1",95,0,0,0,0,0,"GoMF",3
12.1,0.079,6.538,0.227,1.138,"18-12-17_YC010_probe1",102,0,0,0,0,0,"MLI",1
25.7,0.024,6,0.819,40.302,"18-12-17_YC010_probe1",113,0,0,0,0,0,"MLI",1
10.25,0.085,6.675,0.521,7.921,"18-12-17_YC010_probe1",191,0,0,0,0,0,"MLI",1
36.53,0.019,6.308,0.774,50.463,"18-12-17_YC010_probe1",193,0,0,0,0,0,"MLI",1
10.27,0.073,5.912,0.377,2.784,"18-12-17_YC010_probe1",2,0,0,0,0,0,"MLI",1
43.72,0.017,6.647,0.807,66.127,"18-12-17_YC010_probe1",272,0,0,0,0,0,"GoMF",3
6.03,0.121,6.602,0.664,5.747,"18-12-17_YC010_probe1",297,0,0,0,0,0,"MLI",1
28.08,0.019,6.285,0.961,64.123,"18-12-17_YC010_probe1",314,1,0,0,0,0,"GoMF",3
30.8,0.022,6.021,0.661,25.599,"18-12-17_YC010_probe1",402,0,0,0,0,0,"MLI",1
10.07,0.087,6.379,0.552,4.604,"18-12-17_YC010_probe1",50,0,0,0,0,0,"MLI",1
14.19,0.071,5.947,0.633,7.571,"18-12-17_YC010_probe1",86,0,0,0,0,0,"MLI",1
4.29,0.197,6.88,0.525,2.491,"18-12-17_YC010_probe1",97,0,0,0,0,0,"MLI",1
2.68,0.035,3.373,0.799,10.109,"18-12-17_YC010_probe1",99,0,0,0,0,0,"GoMF",3
8.08,0.054,5.074,0.822,12.783,"18-12-18_YC010_probe1",0,0,0,0,0,0,"GoMF",3
2.34,0.181,5.436,0.9,6.68,"18-12-18_YC010_probe1",1,0,0,0,0,0,"Gr",2
5.77,0.139,6.788,0.711,5.869,"18-12-18_YC010_probe1",163,0,0,0,0,0,"MLI",1
14.72,0.053,6.232,0.457,5.435,"18-12-18_YC010_probe1",174,0,0,0,0,0,"MLI",1
3.63,0.024,4.019,1.174,57.447,"18-12-18_YC010_probe1",2,0,0,0,0,0,"GoMF",3
1.4,0.218,4.769,0.958,7.233,"18-12-18_YC010_probe1",22,0,0,0,0,0,"Gr",2
83.53,0.009,5.266,0.344,17.8,"18-12-18_YC010_probe1",310,0,0,0,0,0,"Unknown",4
43.84,0.015,6.742,0.879,69.975,"18-12-18_YC010_probe1",34,0,0,0,0,0,"GoMF",3
6.22,0.083,5.617,0.586,5.309,"18-12-18_YC010_probe1",76,0,0,0,0,0,"MLI",1
27.72,0.026,6.103,0.511,11.484,"18-12-18_YC010_probe1",77,0,0,0,0,0,"MLI",1
6.13,0.121,6.58,0.57,4.091,"18-12-18_YC010_probe1",79,0,0,0,0,0,"MLI",1
36.18,0.021,6.548,0.977,120.929,"19-01-16_YC011_probe1",154,0,0,0,0,0,"GoMF",3
8.63,0.088,6.49,0.491,3.836,"19-01-16_YC011_probe1",36,0,0,0,0,0,"MLI",1
4.49,0.139,6.69,0.883,10.333,"19-01-16_YC011_probe1",39,0,0,0,0,0,"MLI",1
8.31,0.105,6.066,0.57,3.878,"19-01-16_YC011_probe1",49,0,0,0,0,0,"MLI",1
21.11,0.037,6.783,0.672,24.936,"19-01-16_YC011_probe1",53,0,0,0,0,0,"MLI",1
9.64,0.063,6.139,0.805,17.848,"19-01-16_YC011_probe1",55,0,0,0,0,0,"MLI",1
4.48,0.176,7.011,0.8,6.654,"19-01-16_YC011_probe1",67,0,0,0,0,0,"MLI",1
17.7,0.048,6.7,0.786,19.22,"19-01-16_YC011_probe1",78,0,0,0,0,0,"MLI",1
19.31,0.032,6.578,0.785,28.247,"19-01-16_YC011_probe1",85,0,0,0,0,0,"MLI",1
20.88,0.032,6.677,0.72,21.982,"19-01-16_YC011_probe1",87,0,0,0,0,0,"MLI",1
41.79,0.017,6.361,0.934,85.548,"19-01-23_YC012_probe1",246,0,0,0,0,0,"GoMF",3
33.53,0.012,5.798,0.852,76.639,"19-01-23_YC012_probe1",824,0,0,0,0,0,"GoMF",3
5.32,0.048,4.841,1.142,44.337,"19-01-23_YC012_probe1",928,0,0,0,1,0,"GoMF",3
19.34,0.044,7.03,0.483,8.762,"19-01-23_YC013_probe1",21,0,0,0,0,0,"MLI",1
5.66,0.112,6.303,0.675,5.812,"19-01-23_YC013_probe1",336,0,0,0,0,0,"MLI",1
9.82,0.056,5.79,0.752,13.077,"19-01-23_YC013_probe1",44,0,0,0,0,0,"MLI",1
10.54,0.028,4.307,1.085,66.162,"19-01-24_YC012_probe1",168,0,0,0,0,0,"GoMF",3
4.42,0.095,5.123,0.868,15.957,"19-01-24_YC012_probe1",304,0,0,0,0,0,"GoMF",3
47.84,0.008,5.303,0.806,100.634,"19-01-24_YC012_probe1",547,0,0,0,0,0,"GoMF",3
18.6,0.043,6.669,0.722,25.903,"19-01-24_YC012_probe1",554,0,0,0,0,0,"MLI",1
18.99,0.014,4.66,0.82,65.956,"19-01-24_YC012_probe1",558,0,0,0,0,0,"GoMF",3
13.02,0.046,6.218,0.862,35.802,"19-01-24_YC012_probe1",563,0,0,0,0,0,"MLI",1
8.59,0.029,4.378,0.895,39.041,"19-01-24_YC012_probe1",898,0,0,0,0,0,"GoMF",3
11.96,0.068,6.762,0.539,6.632,"19-01-24_YC013_probe1",27,0,0,0,0,0,"MLI",1
2.13,0.213,5.862,0.902,4.817,"19-01-24_YC013_probe1",30,0,0,0,0,0,"Gr",2
8.4,0.084,6.745,0.635,7.007,"19-01-24_YC013_probe1",38,0,0,0,0,0,"MLI",1
3.36,0.174,6.183,0.826,4.895,"19-01-24_YC013_probe1",46,0,0,0,0,0,"Gr",2
14.01,0.078,6.931,0.723,10.998,"19-01-24_YC013_probe1",51,0,0,0,0,0,"MLI",1
20.9,0.04,7.069,0.579,13.219,"19-01-24_YC013_probe1",58,0,0,0,0,0,"MLI",1
43.12,0.021,5.691,0.462,12.083,"19-01-24_YC013_probe1",59,0,0,0,0,0,"Unknown",4
4.29,0.162,4.708,1.696,28.328,"19-01-24_YC013_probe1",651,0,0,0,0,0,"GoMF",3
19.1,0.045,7.073,0.529,10.023,"19-01-24_YC013_probe1",7,0,0,0,0,0,"MLI",1
19.05,0.046,7.05,0.512,8.651,"19-01-24_YC013_probe1",71,0,0,0,0,0,"MLI",1
28.67,0.028,6.833,0.471,12.823,"19-08-14_YC015_probe1",23,0,0,0,0,0,"MLI",1
16.46,0.045,6.754,0.603,12.622,"19-08-14_YC015_probe1",27,0,0,0,0,0,"MLI",1
11.38,0.072,6.748,0.698,12.233,"19-08-14_YC015_probe1",31,0,0,0,0,0,"MLI",1
21.49,0.037,6.901,0.491,10.427,"19-08-14_YC015_probe1",34,0,0,0,0,0,"MLI",1
12.4,0.042,6.013,0.7,16.717,"19-08-14_YC015_probe1",53,0,0,0,0,0,"MLI",1
7.3,0.107,6.729,0.622,6.254,"19-08-14_YC015_probe2",56,0,0,0,0,0,"MLI",1
17.96,0.044,5.887,0.574,11.741,"19-08-14_YC015_probe1",60,0,0,0,0,0,"MLI",1
27.38,0.028,6.675,0.492,12.995,"19-08-14_YC015_probe2",63,0,0,0,0,0,"MLI",1
7.96,0.066,5.961,0.835,12.7,"19-08-14_YC015_probe2",68,0,0,0,0,0,"MLI",1
16.09,0.036,5.394,0.655,14.376,"19-08-14_YC015_probe2",72,0,0,0,0,0,"MLI",1
37.78,0.021,6.428,0.545,21.052,"19-08-14_YC015_probe2",73,0,0,0,0,0,"MLI",1
43.39,0.014,6.346,0.746,56.09,"19-08-14_YC015_probe1",98,0,0,0,0,0,"MLI",1
30.13,0.029,6.827,0.642,23.327,"19-08-14_YC015_probe2",129,0,0,0,0,0,"MLI",1
9.25,0.043,5.67,0.741,15.374,"19-08-14_YC015_probe1",133,0,0,0,0,0,"MLI",1
88.36,0.011,5.203,0.471,27.614,"19-08-14_YC015_probe2",142,0,0,0,0,0,"Unknown",4
17.48,0.048,5.777,0.287,2.724,"19-08-14_YC015_probe2",172,0,0,0,0,0,"MLI",1
10.52,0.078,5.796,0.426,3.368,"19-08-14_YC015_probe2",190,0,0,0,0,0,"MLI",1
17.64,0.044,6.449,0.507,9.116,"19-08-14_YC015_probe2",237,0,0,0,0,0,"MLI",1
17.04,0.037,6.252,0.867,34.759,"19-08-14_YC015_probe2",281,0,0,0,0,0,"MLI",1
11.48,0.065,6.494,0.681,13.242,"19-08-14_YC015_probe2",283,0,0,0,0,0,"MLI",1
15.47,0.045,6.784,0.586,13.634,"19-08-14_YC015_probe1",313,0,0,0,0,0,"MLI",1
20.08,0.044,7.137,0.565,12.834,"19-08-14_YC015_probe2",331,0,0,0,0,0,"MLI",1
24.33,0.024,6.022,1.09,127.191,"19-08-14_YC015_probe1",351,0,0,0,0,0,"GoMF",3
20.63,0.039,6.66,0.56,18.195,"19-08-14_YC015_probe1",363,0,0,0,0,0,"MLI",1
8.24,0.078,6.601,0.745,11.322,"19-08-14_YC015_probe1",381,0,0,0,0,0,"MLI",1
24.62,0.025,5.368,0.642,25.421,"19-08-14_YC015_probe2",439,0,0,0,0,0,"MLI",4
32.93,0.024,6.018,0.53,17.586,"19-08-14_YC015_probe2",440,0,0,0,0,0,"MLI",1
16.47,0.036,6.112,0.99,65.465,"19-08-14_YC015_probe2",452,0,0,0,0,0,"GoMF",3
28.41,0.029,6.898,0.544,14.98,"19-08-14_YC015_probe2",521,0,0,0,0,0,"MLI",1
25.71,0.024,6.078,0.738,36.503,"19-08-14_YC015_probe2",641,0,0,0,0,0,"MLI",1
31.88,0.014,5.789,0.972,97.85,"19-08-14_YC015_probe2",642,0,0,0,0,0,"GoMF",3
23.87,0.019,5.071,1.566,117.505,"19-08-14_YC015_probe2",643,0,0,0,0,0,"GoMF",3
7.3,0.066,5.803,0.855,13.752,"19-08-14_YC015_probe2",652,0,0,0,0,0,"MLI",1
13.42,0.054,6.555,0.799,25.021,"19-08-14_YC015_probe2",658,0,0,0,0,0,"MLI",1
20.1,0.032,5.804,0.71,23.758,"19-08-14_YC015_probe2",663,0,0,0,0,0,"MLI",1
2.14,0.379,7.114,0.914,5.197,"19-08-14_YC015_probe2",680,0,0,0,0,1,"Gr",2
12.01,0.055,5.926,0.63,9.17,"19-08-14_YC015_probe2",741,0,0,0,0,0,"MLI",1
32.4,0.022,6.205,0.418,12.305,"19-08-14_YC015_probe2",774,0,0,0,0,0,"MLI",1
30.78,0.028,6.905,0.802,44.41,"19-08-14_YC015_probe1",846,0,0,0,0,0,"MLI",1
23.89,0.017,5.398,0.975,87.359,"19-08-14_YC015_probe1",847,0,0,0,0,0,"GoMF",3
23.09,0.03,5.65,0.563,16.834,"19-08-14_YC015_probe1",848,0,0,0,0,0,"MLI",4
16.23,0.028,6.013,0.986,67.666,"19-08-14_YC015_probe1",850,0,0,0,0,0,"GoMF",3
23.68,0.012,5.077,0.942,90.098,"19-08-14_YC015_probe1",851,0,0,0,0,0,"GoMF",3
6.53,0.053,5.172,1.047,40.48,"19-08-14_YC015_probe1",864,0,0,0,0,0,"GoMF",3
10.27,0.061,6.329,0.814,24.084,"19-08-14_YC015_probe1",867,0,0,0,0,0,"MLI",1
3.25,0.21,5.545,0.797,4.373,"19-08-14_YC015_probe2",874,0,0,0,0,0,"MLI",1
5.73,0.113,6.314,1.183,35.504,"19-08-14_YC015_probe1",882,0,0,0,0,0,"GoMF",3
1.78,0.457,7.118,0.94,5.164,"19-08-14_YC015_probe1",912,0,0,0,0,0,"Gr",2
12.65,0.052,6.513,0.683,13.154,"19-08-14_YC015_probe1",921,0,0,0,0,0,"MLI",1
16.64,0.04,6.396,0.797,24.796,"19-08-14_YC015_probe2",931,0,0,0,0,0,"MLI",1
25.14,0.023,6.524,0.825,44.871,"19-08-14_YC015_probe1",934,0,0,0,0,0,"MLI",1
8.2,0.05,5.59,0.844,17.995,"19-08-14_YC015_probe1",975,0,0,0,0,0,"MLI",1
7.81,0.013,4.254,0.622,25.208,"19-08-14_YC016_probe1",1020,0,0,0,0,0,"GoMF",3
14.78,0.034,5.168,0.818,36.149,"19-08-14_YC016_probe1",1058,0,0,0,0,0,"GoMF",3
26.14,0.018,5.698,0.735,37.707,"19-08-14_YC016_probe1",134,0,0,0,0,0,"MLI",1
7.24,0.102,6.882,0.897,14.375,"19-08-14_YC016_probe1",136,0,0,0,0,0,"MLI",1
26.3,0.027,6.19,0.602,17.667,"19-08-14_YC016_probe2",0,0,0,0,0,0,"MLI",1
12.33,0.003,2.891,0.905,43.125,"19-08-14_YC016_probe1",162,0,0,0,0,0,"GoMF",3
25.57,0.018,5.651,0.797,46.974,"19-08-14_YC016_probe1",19,0,0,0,0,0,"MLI",1
4.2,0.19,6.4,0.713,4.578,"19-08-14_YC016_probe1",210,0,0,0,0,0,"MLI",1
2.11,0.317,6.71,0.958,6.176,"19-08-14_YC016_probe2",18,0,0,0,0,0,"Gr",2
11.26,0.058,6.427,0.625,8.738,"19-08-14_YC016_probe1",214,0,0,0,0,0,"MLI",1
11.51,0.019,4.88,0.96,45.187,"19-08-14_YC016_probe1",276,0,0,0,0,0,"GoMF",3
16.09,0.026,5.465,0.639,19.055,"19-08-14_YC016_probe1",292,0,0,0,0,0,"MLI",1
7.33,0.063,6.134,0.963,21.726,"19-08-14_YC016_probe1",296,0,0,0,0,0,"MLI",1
6.02,0.057,5.443,1.079,28.344,"19-08-14_YC016_probe1",299,0,0,0,0,0,"GoMF",3
19.69,0.034,6.353,0.828,35.377,"19-08-14_YC016_probe1",470,0,0,0,0,0,"MLI",1
15.68,0.04,6.463,0.688,17.62,"19-08-14_YC016_probe1",49,0,0,0,0,0,"MLI",1
34.93,0.017,5.731,0.668,33.971,"19-08-14_YC016_probe1",490,0,0,0,0,0,"MLI",1
8.4,0.089,6.374,0.534,4.971,"19-08-14_YC016_probe1",493,0,0,0,0,0,"MLI",1
13.2,0.039,6.011,0.871,37.372,"19-08-14_YC016_probe1",497,0,0,0,0,0,"MLI",1
38.76,0.015,5.9,0.705,53.375,"19-08-14_YC016_probe1",511,0,0,0,0,0,"MLI",1
12.2,0.058,6.521,0.728,15.19,"19-08-14_YC016_probe1",526,0,0,0,0,0,"MLI",1
12.72,0.039,5.735,0.905,45.401,"19-08-14_YC016_probe1",529,0,0,0,0,0,"GoMF",3
18.93,0.036,6.501,0.692,22.578,"19-08-14_YC016_probe1",540,0,0,0,0,0,"MLI",1
12.18,0.044,6.315,0.939,29.08,"19-08-14_YC016_probe1",772,0,0,0,0,0,"MLI",1
39.77,0.016,5.2,0.53,23.345,"19-08-14_YC016_probe2",26,0,0,0,0,0,"MLI",4
4.95,0.094,5.845,0.806,8.946,"19-08-14_YC016_probe1",871,0,0,0,0,0,"MLI",1
14.93,0.035,6.059,0.872,36.974,"19-08-14_YC016_probe1",904,0,0,0,0,0,"MLI",1
18.2,0.033,6.277,0.891,41.79,"19-08-14_YC016_probe1",906,0,0,0,0,0,"MLI",1
20.63,0.035,6.639,0.795,26.167,"19-08-14_YC016_probe1",927,0,0,0,0,0,"MLI",1
6.65,0.051,5.292,0.887,26.565,"19-08-14_YC016_probe1",944,0,0,0,0,0,"GoMF",3
7.01,0.102,6.613,0.939,15.849,"19-08-14_YC016_probe1",95,0,0,0,0,0,"MLI",1
55.79,0.009,5.437,0.775,66.005,"19-08-14_YC016_probe1",972,0,0,0,0,0,"GoMF",3
15.06,0.017,4.573,0.817,45.315,"19-08-14_YC016_probe1",99,0,0,0,0,0,"GoMF",3
48.49,0.014,5.278,0.562,25.853,"19-08-14_YC016_probe2",69,0,0,0,0,0,"Unknown",4
23.68,0.032,6.158,0.6,17.183,"19-08-14_YC016_probe2",135,0,0,0,0,0,"MLI",1
7.77,0.092,5.762,0.566,5.783,"19-08-14_YC016_probe2",136,0,0,0,0,0,"MLI",1
18.53,0.042,6.469,0.631,17.111,"19-08-14_YC016_probe2",166,0,0,0,0,0,"MLI",1
28.23,0.024,6.107,0.925,63.762,"19-08-14_YC016_probe2",167,0,0,0,0,0,"GoMF",3
5.45,0.123,6.651,0.795,9.823,"19-08-14_YC016_probe2",171,0,0,0,0,0,"MLI",1
21.69,0.036,6.379,0.672,21.344,"19-08-14_YC016_probe2",173,0,0,0,0,0,"MLI",1
11.89,0.049,5.982,0.742,17.299,"19-08-14_YC016_probe2",178,0,0,0,0,0,"MLI",1
8.28,0.092,5.893,1.1,47.471,"19-08-14_YC016_probe2",210,0,0,0,0,0,"GoMF",3
42.02,0.011,5.474,0.826,84.766,"19-08-14_YC016_probe2",211,0,0,0,0,0,"GoMF",3
25.42,0.011,4.378,0.962,92.073,"19-08-14_YC016_probe2",216,0,0,0,0,0,"GoMF",3
10.75,0.071,6.911,0.658,10.587,"19-08-14_YC016_probe2",334,0,0,0,0,0,"MLI",1
35.39,0.021,6.787,0.688,36.019,"19-08-14_YC016_probe2",404,0,0,0,0,0,"MLI",1
20.57,0.04,6.833,0.527,13.015,"19-08-14_YC016_probe2",417,0,0,0,0,0,"MLI",1
7.93,0.078,6.543,0.7,10.489,"19-08-14_YC016_probe2",427,0,0,0,0,0,"MLI",1
38.2,0.017,6.576,0.903,88.198,"19-08-14_YC016_probe2",429,0,0,0,0,0,"GoMF",3
60.16,0.011,5.472,0.447,21.903,"19-08-14_YC016_probe2",442,0,0,0,0,0,"Unknown",4
8.33,0.044,5.514,0.769,19.15,"19-08-14_YC016_probe2",511,0,0,0,0,0,"MLI",1
31.98,0.02,6.052,0.796,55.631,"19-08-14_YC016_probe2",553,0,0,0,0,0,"MLI",1
5.03,0.143,6.867,0.93,11.231,"19-08-14_YC016_probe2",586,0,0,0,0,0,"MLI",1
48.66,0.014,5.934,0.481,20.179,"19-08-14_YC016_probe2",598,0,0,0,0,0,"Unknown",4
62.1,0.013,4.605,0.351,14.251,"19-08-14_YC016_probe2",599,0,0,0,0,0,"Unknown",4
63.06,0.007,5.29,1.161,220.284,"19-08-14_YC016_probe2",825,0,0,0,0,0,"GoMF",3
17.06,0.038,6.596,1.05,57.224,"19-08-14_YC016_probe2",834,0,0,0,0,0,"GoMF",3
8.92,0.075,6.462,0.754,15.704,"19-08-14_YC016_probe2",846,0,0,0,0,0,"MLI",1
14.46,0.033,5.933,0.918,42.469,"19-08-14_YC016_probe2",849,0,0,0,0,0,"GoMF",3
39.14,0.01,4.304,0.738,90.19,"19-08-14_YC016_probe2",876,0,0,0,0,0,"GoMF",3
6.94,0.092,6.586,0.831,11.616,"19-08-14_YC016_probe2",881,0,0,0,0,0,"MLI",1
19.27,0.042,6.35,0.623,30.168,"19-08-14_YC016_probe2",884,0,0,0,0,0,"MLI",1
11.15,0.028,5.34,1.025,61.532,"19-08-15_YC016_probe1",374,0,0,0,0,0,"GoMF",3
26.45,0.017,5.556,0.912,60.951,"19-08-15_YC016_probe1",41,0,0,0,0,0,"GoMF",3
19.16,0.024,6.069,1.026,71.803,"19-08-15_YC016_probe1",485,0,0,0,0,0,"GoMF",3
91.43,0.008,5.896,0.499,41.973,"19-08-15_YC016_probe1",527,0,0,0,0,0,"Unknown",4
21.7,0.039,6.887,0.48,9.708,"19-08-15_YC016_probe1",530,0,0,0,0,0,"MLI",1
22.67,0.035,6.547,0.631,19.843,"19-08-15_YC016_probe1",72,0,0,0,0,0,"MLI",1
44.16,0.01,5.341,0.908,103.063,"19-08-15_YC016_probe1",80,0,0,0,0,0,"GoMF",3
7.45,0.022,4.446,0.989,42.276,"19-08-15_YC016_probe1",86,0,0,0,0,0,"GoMF",3
23.74,0.022,5.495,0.811,42.774,"19-08-15_YC016_probe1",90,0,0,0,0,0,"MLI",1
10.68,0.033,4.879,0.799,28.1,"19-08-15_YC016_probe1",95,0,0,0,0,0,"GoMF",3
12.62,0.057,6.618,0.679,13.296,"19-08-16_YC014_probe1",104,0,0,0,0,0,"MLI",1
14.86,0.064,5.898,0.411,4.489,"19-08-16_YC014_probe1",184,0,0,0,0,0,"MLI",1
79.85,0.011,5.467,0.533,29.974,"19-08-16_YC014_probe1",205,0,0,0,0,0,"Unknown",4
11.75,0.073,5.937,0.691,13.261,"19-08-16_YC014_probe1",221,0,0,0,0,0,"MLI",1
25.01,0.034,7.08,0.541,15.129,"19-08-16_YC014_probe1",253,0,0,0,0,0,"MLI",1
15.24,0.046,6.747,0.582,11.107,"19-08-16_YC014_probe1",258,0,0,0,0,0,"MLI",1
19.25,0.041,6.839,0.674,18.599,"19-08-16_YC014_probe1",267,0,0,0,0,0,"MLI",1
32.62,0.022,6.272,0.505,19.664,"19-08-16_YC014_probe1",273,0,0,0,0,0,"MLI",1
33,0.023,6.282,0.615,23.542,"19-08-16_YC014_probe1",281,0,0,0,0,0,"MLI",1
17.44,0.04,6.325,0.67,20.198,"19-08-16_YC014_probe1",283,0,0,0,0,0,"MLI",1
14.7,0.041,5.901,0.75,19.369,"19-08-16_YC014_probe1",285,0,0,0,0,0,"MLI",1
25.07,0.029,6.358,0.685,26.914,"19-08-16_YC014_probe1",286,0,0,0,0,0,"MLI",1
29.14,0.029,6.784,0.452,12.808,"19-08-16_YC014_probe1",323,0,0,0,0,0,"MLI",1
23.79,0.02,6.111,1.043,88.22,"19-08-16_YC014_probe1",329,0,0,0,0,0,"GoMF",3
14.85,0.055,6.986,0.737,19.608,"19-08-16_YC014_probe1",389,0,0,0,0,0,"MLI",1
14.94,0.024,5.675,1.012,71.669,"19-08-16_YC014_probe1",396,0,0,0,0,0,"GoMF",3
12.43,0.048,5.873,0.714,13.037,"19-08-16_YC014_probe1",40,0,0,0,0,0,"MLI",1
20.88,0.028,5.85,0.687,22.715,"19-08-16_YC014_probe1",41,0,0,0,0,0,"MLI",1
6.95,0.046,4.898,0.897,16.712,"19-08-16_YC014_probe1",43,0,0,0,0,0,"GoMF",3
8.72,0.071,6.358,0.841,13.524,"19-08-16_YC014_probe1",75,0,0,0,0,0,"MLI",1
14.88,0.044,5.436,0.962,33.735,"19-08-16_YC014_probe1",79,0,0,0,0,0,"GoMF",3
10.86,0.065,6.711,0.76,14.512,"19-08-16_YC014_probe1",87,0,0,0,0,0,"MLI",1
6.83,0.082,5.857,0.707,9.191,"19-08-16_YC014_probe1",98,0,0,0,0,0,"MLI",1
17.3,0.033,6.209,0.779,23.745,"19-08-16_YC015_probe1",2,0,0,0,0,0,"MLI",1
1.54,0.024,3.733,1.391,79.828,"19-08-16_YC015_probe1",27,0,0,0,0,0,"GoMF",3
7.59,0.042,4.107,0.961,32.887,"19-09-30_YC017_probe1",104,0,0,0,0,0,"GoMF",3
35.14,0.011,4.843,0.331,18.096,"19-09-30_YC017_probe1",119,0,0,0,0,0,"Unknown",4
33.04,0.022,6.794,0.747,40.546,"19-09-30_YC017_probe1",147,0,0,0,0,0,"MLI",1
34.85,0.017,6.51,0.78,53.267,"19-09-30_YC017_probe1",211,0,0,0,0,0,"MLI",1
6.37,0.026,4.507,1.001,22.726,"19-09-30_YC017_probe1",322,0,0,0,0,0,"GoMF",3
2.86,0.256,6.123,1.307,20.781,"19-09-30_YC017_probe1",328,0,0,0,0,0,"Gr",2
11.18,0.084,6.4,0.248,1.32,"19-09-30_YC017_probe1",370,0,0,0,0,0,"MLI",1
60,0.022,6.485,0.802,40.995,"19-09-30_YC017_probe1",376,0,0,0,0,0,"MLI",1
9.25,0.053,6.254,0.728,16.046,"19-09-30_YC017_probe1",391,0,0,0,0,0,"MLI",1
29.61,0.021,5.904,0.493,16.332,"19-09-30_YC017_probe1",409,0,0,0,0,0,"MLI",1
6.63,0.127,7.065,0.608,5.772,"19-09-30_YC017_probe1",417,0,0,0,0,0,"MLI",1
12.47,0.047,6.514,0.654,14.914,"19-09-30_YC017_probe1",418,0,0,0,0,0,"MLI",1
13.71,0.052,6.798,0.717,16.912,"19-09-30_YC017_probe1",441,0,0,0,0,0,"MLI",1
26.29,0.023,6.336,0.878,56.178,"19-09-30_YC017_probe1",481,0,0,0,0,0,"MLI",1
13.02,0.036,5.526,0.872,34.403,"19-09-30_YC017_probe1",532,0,0,0,0,0,"GoMF",3
76.08,0.011,5.661,0.457,26.515,"19-09-30_YC017_probe1",654,0,0,0,0,0,"Unknown",4
11.13,0.061,6.688,0.969,27.505,"19-09-30_YC017_probe1",842,0,0,0,0,0,"MLI",1
10.35,0.009,2.419,0.767,30.742,"19-09-30_YC017_probe1",867,0,0,0,0,0,"GoMF",3
19.2,0.03,6.169,0.844,42.658,"19-09-30_YC017_probe1",923,0,0,0,0,0,"MLI",1
31.3,0.02,6.068,0.783,51.683,"19-09-30_YC018_probe1",103,0,0,0,0,0,"MLI",1
67.84,0.015,5.319,0.574,22.642,"19-09-30_YC018_probe1",104,0,0,0,0,0,"Unknown",4
27.15,0.016,5.708,0.962,75.669,"19-09-30_YC018_probe1",136,0,0,0,0,0,"GoMF",3
10.21,0.026,5.144,0.969,51.156,"19-09-30_YC018_probe1",146,0,0,0,0,0,"GoMF",3
6.42,0.106,6.101,0.634,5.01,"19-09-30_YC018_probe1",153,0,0,0,0,0,"MLI",1
14.42,0.043,6.482,0.726,19.707,"19-09-30_YC018_probe1",156,0,0,0,0,0,"MLI",1
1.1,0.401,5.028,0.828,2.749,"19-09-30_YC018_probe1",160,0,0,0,0,0,"Gr",2
3.58,0.208,6.342,0.672,3.682,"19-09-30_YC018_probe1",171,0,0,0,0,0,"MLI",1
48.15,0.02,6.547,0.72,34.254,"19-09-30_YC018_probe1",270,0,0,0,0,0,"MLI",1
30.33,0.027,6.794,0.671,28.215,"19-09-30_YC018_probe1",275,0,0,0,0,0,"MLI",1
2.55,0.25,5.811,0.844,5.983,"19-09-30_YC018_probe1",421,0,0,0,0,0,"Gr",2
1.15,0.273,5.442,1.182,8.324,"19-09-30_YC018_probe1",430,0,0,0,0,0,"Gr",2
20.61,0.019,5.627,0.985,76.989,"19-09-30_YC018_probe1",451,0,0,0,0,0,"GoMF",3
38.61,0.01,5.977,0.624,45.199,"19-09-30_YC018_probe1",481,0,0,0,0,0,"MLI",1
8.88,0.048,4.135,0.673,15.276,"19-09-30_YC018_probe1",486,0,0,0,0,0,"GoMF",3
5.85,0.035,5.31,0.895,26.53,"19-09-30_YC018_probe1",5,0,0,0,0,0,"GoMF",3
37.47,0.02,6.166,0.509,17.831,"19-09-30_YC018_probe1",504,0,0,0,0,0,"MLI",1
14.07,0.028,4.928,0.699,19.866,"19-09-30_YC018_probe1",513,0,0,0,0,0,"GoMF",3
24.42,0.035,7.069,0.505,13.329,"19-09-30_YC018_probe1",515,0,0,0,0,0,"MLI",1
5.37,0.024,4.581,1.046,24.877,"19-09-30_YC018_probe1",598,0,0,0,0,0,"GoMF",3
6.38,0.077,6.386,0.708,10.908,"19-09-30_YC018_probe1",602,0,0,0,0,0,"MLI",1
13.77,0.042,5.423,0.579,16.699,"19-09-30_YC018_probe1",692,0,0,0,0,0,"MLI",1
32.13,0.023,5.33,0.409,10.395,"19-09-30_YC018_probe1",702,0,0,0,0,0,"Unknown",4
46.21,0.015,4.749,0.357,13.396,"19-09-30_YC018_probe1",732,0,0,0,0,0,"Unknown",4
82.19,0.005,4.49,0.352,18.364,"19-09-30_YC018_probe1",91,0,0,0,0,0,"Unknown",4
44.15,0.017,6.918,0.728,42.948,"19-10-01_YC017_probe1",138,0,0,0,0,0,"MLI",1
6.24,0.109,6.269,0.652,6.279,"19-10-01_YC017_probe1",145,0,0,0,0,0,"MLI",1
10.27,0.061,5.083,0.517,13.831,"19-10-01_YC017_probe1",206,0,0,0,0,0,"MLI",1
6.45,0.121,6.943,0.681,7.115,"19-10-01_YC017_probe1",213,0,0,0,0,0,"MLI",1
7.56,0.094,6.774,0.713,9.378,"19-10-01_YC017_probe1",220,0,0,0,0,0,"MLI",1
11.28,0.07,6.799,0.603,8.48,"19-10-01_YC017_probe1",222,0,0,0,0,0,"MLI",1
9.46,0.101,6.945,0.614,6.351,"19-10-01_YC017_probe1",224,0,0,0,0,0,"MLI",1
8.21,0.026,4.435,0.861,47.557,"19-10-01_YC017_probe1",233,0,0,0,0,0,"GoMF",3
34.51,0.019,5.423,0.501,20.918,"19-10-01_YC017_probe1",241,0,0,0,0,0,"MLI",4
7.96,0.016,2.839,0.849,67.854,"19-10-01_YC017_probe1",242,0,0,0,0,0,"GoMF",3
13.21,0.054,6.191,0.742,15.046,"19-10-01_YC017_probe1",243,0,0,0,0,0,"MLI",1
8.02,0.096,6.936,0.68,8.192,"19-10-01_YC017_probe1",245,0,0,0,0,0,"MLI",1
22.97,0.029,5.405,0.924,49.438,"19-10-01_YC017_probe1",249,0,0,0,0,0,"GoMF",3
13.19,0.061,7.018,0.625,10.208,"19-10-01_YC017_probe1",261,0,0,0,0,0,"MLI",1
22.08,0.041,6.378,0.491,11.516,"19-10-01_YC017_probe1",267,0,0,0,0,0,"MLI",1
13.24,0.051,6.583,0.9,30.818,"19-10-01_YC017_probe1",279,0,0,0,0,0,"MLI",1
13.41,0.06,7.025,0.606,9.49,"19-10-01_YC017_probe1",280,0,0,0,0,0,"MLI",1
33.62,0.015,6.033,0.896,93.053,"19-10-01_YC017_probe1",296,0,0,0,0,0,"GoMF",3
5.5,0.093,5.604,0.924,16.094,"19-10-01_YC017_probe1",343,0,0,0,0,0,"MLI",1
8.52,0.094,7.008,0.686,9.045,"19-10-01_YC017_probe1",438,0,0,0,0,0,"MLI",1
23.76,0.031,6.484,0.822,44.04,"19-10-01_YC017_probe1",446,0,0,0,0,0,"MLI",1
15.22,0.038,4.556,0.861,35.62,"19-10-01_YC017_probe1",448,0,0,0,0,0,"GoMF",3
12.46,0.049,5.582,0.759,20.34,"19-10-01_YC017_probe1",454,0,0,0,0,0,"MLI",1
22.2,0.031,6.141,0.727,28.96,"19-10-01_YC017_probe1",456,0,0,0,0,0,"MLI",1
26.96,0.025,6.095,0.635,22.63,"19-10-01_YC017_probe1",458,0,0,0,0,0,"MLI",1
17.37,0.03,4.303,0.722,22.766,"19-10-01_YC017_probe1",459,0,0,0,0,0,"GoMF",3
8.01,0.097,6.98,0.717,9.926,"19-10-01_YC017_probe1",462,0,0,0,0,0,"MLI",1
12.47,0.015,3.972,0.8,67.679,"19-10-01_YC017_probe1",464,0,0,0,0,0,"GoMF",3
28.63,0.023,5.084,0.755,36.494,"19-10-01_YC017_probe1",492,0,0,0,0,0,"GoMF",4
44.08,0.02,6.133,0.709,42.029,"19-10-01_YC017_probe1",493,0,0,0,0,0,"MLI",1
13.85,0.046,5.728,0.558,8.735,"19-10-01_YC017_probe1",69,0,0,0,0,0,"MLI",1
28.22,0.028,6.496,0.671,26.552,"19-10-01_YC017_probe1",91,0,0,0,0,0,"MLI",1
11.77,0.069,6.816,0.708,11.889,"19-10-02_YC019_probe1",22,0,0,0,0,0,"MLI",1
27.93,0.028,6.927,0.65,21.61,"19-10-02_YC019_probe1",7,0,0,0,0,0,"MLI",1
29.71,0.022,5.909,0.664,29.3,"19-10-02_YC020_probe1",16,0,0,0,0,0,"MLI",1
9.98,0.09,6.719,0.27,1.401,"19-10-03_YC019_probe1",1,0,0,0,0,0,"MLI",1
16.97,0.043,6.555,0.893,32.148,"19-10-03_YC019_probe1",122,0,0,0,0,0,"MLI",1
144.22,0.005,4.333,0.33,29.976,"19-10-03_YC019_probe1",129,0,0,0,0,0,"Unknown",4
33.44,0.018,6.087,0.767,43.383,"19-10-03_YC019_probe1",132,0,0,0,0,0,"MLI",1
10.52,0.071,6.025,0.581,6.77,"19-10-03_YC019_probe1",190,0,0,0,0,0,"MLI",1
21.3,0.022,5.752,0.541,31.638,"19-10-03_YC019_probe1",194,0,0,0,0,0,"MLI",4
10.43,0.068,6.614,0.661,11.817,"19-10-03_YC019_probe1",201,0,0,0,0,0,"MLI",1
10.08,0.074,6.648,0.668,8.722,"19-10-03_YC019_probe1",208,0,0,0,0,0,"MLI",1
22.34,0.039,7.071,0.512,12.447,"19-10-03_YC019_probe1",54,0,0,0,0,0,"MLI",1
5.67,0.157,6.672,0.314,1.118,"19-10-03_YC019_probe1",6,0,0,0,0,0,"MLI",1
8.07,0.099,6.669,0.48,4.142,"19-10-03_YC019_probe1",7,0,0,0,0,0,"MLI",1
5.63,0.038,3.257,0.946,37.488,"19-10-03_YC020_probe1",114,0,0,0,0,0,"GoMF",3
5.87,0.009,2.274,0.879,27.103,"19-10-03_YC020_probe1",122,0,0,0,0,0,"GoMF",3
74.77,0.008,3.967,0.349,21.342,"19-10-03_YC020_probe1",145,0,0,0,0,0,"Unknown",4
27.41,0.014,3.281,0.488,17.34,"19-10-03_YC020_probe1",151,0,0,0,0,0,"Unknown",4
7.44,0.021,4.895,1.04,31.882,"19-10-03_YC020_probe1",152,0,0,0,0,0,"GoMF",3
67.34,0.009,5.234,0.551,36.588,"19-10-03_YC020_probe1",158,0,0,0,0,0,"Unknown",4
13.95,0.048,6.562,0.862,23.825,"19-10-03_YC020_probe1",171,0,0,0,0,0,"MLI",1
13.74,0.048,6.632,0.846,23.628,"19-10-03_YC020_probe1",172,0,0,0,0,0,"MLI",1
2.66,0.034,4.013,1.828,36.364,"19-10-03_YC020_probe1",78,0,0,0,0,0,"GoMF",3
2.73,0.218,6.401,0.897,6.295,"19-10-22_YC022_probe1",103,0,0,0,0,0,"Gr",2
41.69,0.019,6.819,0.764,43.086,"19-10-22_YC022_probe1",12,0,0,0,0,0,"MLI",1
24.83,0.024,5.377,0.871,52.589,"19-10-22_YC022_probe1",155,0,0,0,0,0,"GoMF",3
11.11,0.068,6.755,0.623,8.261,"19-10-22_YC022_probe1",162,0,0,0,0,0,"MLI",1
10.68,0.067,6.747,0.697,10.181,"19-10-22_YC022_probe1",163,0,0,0,0,0,"MLI",1
18.12,0.046,7.076,0.553,10.577,"19-10-22_YC022_probe1",166,0,0,0,0,0,"MLI",1
2.6,0.165,5.214,1.008,12.865,"19-10-22_YC022_probe1",173,0,0,0,0,0,"Gr",2
9.07,0.081,6.852,0.73,10.245,"19-10-22_YC022_probe1",175,0,0,0,0,0,"MLI",1
11.8,0.063,6.818,0.666,9.953,"19-10-22_YC022_probe1",179,0,0,0,0,0,"MLI",1
12.19,0.058,6.483,0.626,9.277,"19-10-22_YC022_probe1",182,0,0,0,0,0,"MLI",1
8.47,0.047,4.561,0.952,28.662,"19-10-22_YC022_probe1",193,0,0,0,0,0,"GoMF",3
8.03,0.042,4.989,0.933,36.037,"19-10-22_YC022_probe1",284,0,0,0,0,0,"GoMF",3
3.53,0.222,6.506,0.911,7.733,"19-10-22_YC022_probe1",308,0,0,0,0,0,"Gr",2
28.79,0.025,6.121,0.671,28.162,"19-10-22_YC022_probe1",427,0,0,0,0,0,"MLI",1
35.9,0.016,5.781,0.741,67.962,"19-10-22_YC022_probe1",433,0,0,0,0,0,"GoMF",3
8.44,0.079,6.134,0.807,13.376,"19-10-22_YC022_probe1",434,0,0,0,0,0,"MLI",1
7.91,0.091,6.359,0.624,6.402,"19-10-22_YC022_probe1",449,0,0,0,0,0,"MLI",1
6.87,0.107,6.722,0.709,7.188,"19-10-22_YC022_probe1",464,0,0,0,0,0,"MLI",1
17.25,0.034,6.06,0.789,31.435,"19-10-22_YC022_probe1",466,0,0,0,0,0,"MLI",1
11.38,0.069,6.566,0.504,5.667,"19-10-22_YC022_probe1",480,0,0,0,0,0,"MLI",1
23.84,0.029,6.021,0.994,60.995,"19-10-22_YC022_probe1",481,0,0,0,0,0,"GoMF",3
21.54,0.029,5.957,0.772,32.192,"19-10-22_YC022_probe1",571,0,0,0,0,0,"MLI",1
1.14,0.055,2.665,0.951,18.525,"19-10-22_YC022_probe1",577,0,0,0,0,0,"GoMF",3
9.85,0.033,4.674,0.995,57.593,"19-10-22_YC022_probe1",602,0,0,0,0,0,"GoMF",3
12.7,0.053,6.384,0.757,23.337,"19-10-22_YC022_probe1",621,0,0,0,0,0,"MLI",1
2.87,0.075,2.496,0.452,4.182,"19-10-22_YC022_probe1",624,0,0,0,0,0,"Unknown",4
11.75,0.054,6.205,0.692,12.037,"19-10-22_YC022_probe1",687,0,0,0,0,0,"MLI",1
12.73,0.042,5.971,0.878,29.048,"19-10-22_YC022_probe1",698,0,0,0,0,0,"MLI",1
6.88,0.118,7.035,0.685,6.742,"19-10-22_YC022_probe1",736,0,0,0,0,0,"MLI",1
10.1,0.04,5.418,0.877,29.315,"19-10-22_YC022_probe1",740,0,0,0,0,0,"GoMF",3
5.03,0.091,4.8,0.869,12.482,"19-10-22_YC022_probe1",741,0,0,0,0,0,"GoMF",3
17.18,0.025,5.539,0.927,53.98,"19-10-22_YC022_probe1",754,0,0,0,0,0,"GoMF",3
18.38,0.026,5.542,0.997,62.783,"19-10-22_YC022_probe1",759,0,0,0,0,0,"GoMF",3
6.26,0.12,6.779,0.662,5.689,"19-10-22_YC022_probe1",79,0,0,0,0,0,"MLI",1
9.77,0.078,6.607,0.562,5.956,"19-10-22_YC022_probe1",806,0,0,0,0,0,"MLI",1
17.05,0.013,5.178,1.033,63.383,"19-10-22_YC022_probe1",857,0,0,0,0,0,"GoMF",3
14.78,0.025,5.579,0.836,42.677,"19-10-22_YC022_probe1",862,0,0,0,0,0,"GoMF",3
9.21,0.262,4.319,0.901,4.967,"19-10-22_YC022_probe1",874,0,0,0,0,0,"Gr",2
3.76,0.015,1.915,0.903,69.438,"19-10-22_YC022_probe1",89,0,0,0,0,0,"GoMF",3
17.88,0.051,6.98,0.508,9.304,"19-10-22_YC022_probe1",91,0,0,0,0,0,"MLI",1
4.59,0.062,5.291,0.87,14.723,"19-10-22_YC022_probe1",918,0,0,0,0,0,"GoMF",3
1.92,0.107,4.986,1.305,51.783,"19-10-22_YC022_probe1",939,0,0,0,0,0,"GoMF",3
12.58,0.083,6.226,0.258,4.681,"19-10-23_YC022_probe1",151,0,0,0,0,0,"MLI",1
11.24,0.092,6.146,0.189,2.343,"19-10-23_YC022_probe1",160,0,0,0,0,0,"MLI",1
2.56,0.111,5.108,0.664,4.062,"19-10-23_YC022_probe1",163,0,0,0,0,0,"GoMF",1
118.62,0.007,5.017,0.316,24.32,"19-10-23_YC022_probe1",165,0,0,0,0,0,"Unknown",4
1.1,0.476,6.347,1.001,5.291,"19-10-23_YC022_probe1",200,0,0,0,0,0,"Gr",2
3.45,0.206,6.835,0.916,7.969,"19-10-23_YC022_probe1",202,0,0,0,0,0,"Gr",2
0.86,0.504,6.54,0.98,4.528,"19-10-23_YC022_probe1",208,0,0,0,0,0,"Gr",2
0.98,0.547,6.513,0.953,4.107,"19-10-23_YC022_probe1",211,0,0,0,0,0,"Gr",2
4.09,0.135,6.369,0.997,23.461,"19-10-23_YC022_probe1",240,0,0,0,0,0,"MLI",1
24.32,0.017,5.437,0.931,59.217,"19-10-23_YC022_probe1",286,0,0,0,0,0,"GoMF",3
4.36,0.169,6.823,0.902,8.832,"19-10-23_YC022_probe1",287,0,0,0,0,0,"MLI",1
1.48,0.422,6.705,0.913,4.399,"19-10-23_YC022_probe1",4,0,0,0,0,0,"Gr",2
44.57,0.008,2.991,0.856,104.407,"19-10-23_YC022_probe1",55,0,0,0,0,0,"GoMF",3
34.92,0.021,6.62,0.77,41.735,"19-10-23_YC022_probe1",76,0,0,0,0,0,"MLI",1
14.9,0.043,4.961,0.94,28.46,"19-11-14_YC029_probe1",27,0,0,0,0,0,"GoMF",3
13.55,0.026,5.736,0.985,57.987,"19-11-14_YC030_probe1",19,0,0,0,0,0,"GoMF",3
16.83,0.021,4.956,1.045,70.631,"19-11-14_YC030_probe1",21,0,0,0,0,0,"GoMF",3
11.35,0.036,5.578,1.079,57.8,"19-11-14_YC030_probe1",22,0,0,0,0,0,"GoMF",3
0.53,0.151,5.311,1.047,17.586,"19-11-14_YC030_probe1",26,0,0,0,0,0,"Gr",2
32.97,0.028,6.658,0.439,10.306,"19-11-14_YC030_probe1",39,0,0,0,0,0,"MLI",1
14.31,0.048,6.341,0.519,7.838,"19-11-14_YC030_probe1",43,0,0,0,0,0,"MLI",1
18.87,0.034,3.739,0.489,9.068,"19-11-14_YC030_probe1",47,0,0,0,0,0,"Unknown",4
18.33,0.032,5.807,0.856,30.301,"19-10-28_YC031_probe1",7,0,0,0,0,0,"MLI",3
9.59,0.05,5.846,0.905,30.484,"19-11-08_YC038_probe2",101,0,0,0,0,0,"MLI",1
6.56,0.036,3.788,0.737,16.44,"19-11-08_YC038_probe2",103,0,0,0,0,0,"GoMF",3
3.12,0.043,3.758,1.217,57.895,"19-11-08_YC038_probe2",105,0,0,0,0,0,"GoMF",3
12.3,0.068,6.348,0.717,19.87,"19-11-08_YC038_probe2",106,0,0,0,0,0,"MLI",1
8.01,0.096,6.999,0.708,9.374,"19-11-08_YC038_probe2",108,0,0,0,0,0,"MLI",1
3.36,0.12,5.461,1.074,37.283,"19-11-08_YC038_probe2",111,0,0,0,0,0,"GoMF",3
8.53,0.092,6.887,0.637,7.013,"19-11-08_YC038_probe2",129,0,0,0,0,0,"MLI",1
8.5,0.021,4.189,1.19,94.387,"19-11-08_YC038_probe2",137,0,0,0,0,0,"GoMF",3
13.02,0.062,7.05,0.647,10.383,"19-11-08_YC038_probe2",146,0,0,0,0,0,"MLI",1
9.22,0.029,5.398,1.126,56.518,"19-11-08_YC038_probe2",147,0,0,0,0,0,"GoMF",3
6.56,0.061,4.705,0.888,18.278,"19-11-08_YC038_probe2",21,0,0,0,0,0,"GoMF",3
9.92,0.066,6.67,0.838,14.672,"19-11-08_YC038_probe2",257,0,0,0,0,0,"MLI",1
12.35,0.011,3.998,1.146,119.295,"19-11-08_YC038_probe2",309,0,0,0,0,0,"GoMF",3
7.93,0.048,5.347,0.912,33.357,"19-11-08_YC038_probe2",32,0,0,0,0,0,"GoMF",3
7.92,0.047,5.496,1.012,37.323,"19-11-08_YC038_probe2",33,0,0,0,0,0,"GoMF",3
6.42,0.028,4.992,1.228,52.911,"19-11-08_YC038_probe2",330,0,0,0,0,0,"GoMF",3
17.4,0.035,6.222,0.933,44.81,"19-11-08_YC038_probe2",372,0,0,0,0,0,"GoMF",3
11.33,0.03,4.886,0.875,42.236,"19-11-08_YC038_probe2",382,0,0,0,0,0,"GoMF",3
7.9,0.016,3.826,1.189,91.882,"19-11-08_YC038_probe2",389,0,0,0,0,0,"GoMF",3
9.56,0.016,3.595,1.042,84.379,"19-11-08_YC038_probe2",394,0,0,0,0,0,"GoMF",3
6.91,0.064,5.675,1.087,37.781,"19-11-08_YC038_probe2",406,0,0,0,0,0,"GoMF",3
7.35,0.028,4.739,1.129,61.049,"19-11-08_YC038_probe2",411,0,0,0,0,0,"GoMF",3
13.56,0.047,5.937,0.658,13.758,"19-11-08_YC038_probe2",414,0,0,0,0,0,"MLI",1
10.3,0.053,4.124,0.709,13.807,"19-11-08_YC038_probe2",415,0,0,0,0,0,"GoMF",3
13.2,0.008,3.958,1.167,112.142,"19-11-08_YC038_probe2",416,0,0,0,0,0,"GoMF",3
0.37,0.128,3.812,1.308,34.221,"19-11-08_YC038_probe2",417,0,0,0,0,0,"GoMF",3
2.17,0.154,4.483,0.919,8.589,"19-11-08_YC038_probe2",42,0,0,0,0,0,"Gr",2
8.77,0.048,5.529,0.884,25.665,"19-11-08_YC038_probe2",427,0,0,0,0,0,"GoMF",3
10.03,0.05,4.422,0.902,28.935,"19-11-08_YC038_probe2",428,0,0,0,0,0,"GoMF",3
7.19,0.025,4.967,1.194,85.013,"19-11-08_YC038_probe2",43,0,0,0,0,0,"GoMF",3
14.45,0.044,6.378,0.866,29.81,"19-11-08_YC038_probe2",432,0,0,0,0,0,"MLI",1
11.49,0.071,6.935,0.591,8.084,"19-11-08_YC038_probe2",436,0,0,0,0,0,"MLI",1
5,0.083,5.604,0.927,16.034,"19-11-08_YC038_probe2",437,0,0,0,0,0,"MLI",1
7.33,0.113,6.373,0.983,14.55,"19-11-08_YC038_probe2",439,0,0,0,0,0,"MLI",1
10.64,0.079,6.986,0.562,7.007,"19-11-08_YC038_probe2",473,0,0,0,0,0,"MLI",1
4.82,0.054,4.688,0.936,21.393,"19-11-08_YC038_probe2",48,0,0,0,0,0,"GoMF",3
10.65,0.023,4.764,0.805,30.177,"19-11-08_YC038_probe2",49,0,0,0,0,0,"GoMF",3
2.16,0.134,4.397,0.999,12.018,"19-11-08_YC038_probe2",535,0,0,0,0,0,"Gr",2
3.05,0.076,3.469,1.121,24.237,"19-11-08_YC038_probe2",541,0,0,0,0,0,"GoMF",3
2.09,0.046,3.011,1.037,40.804,"19-11-08_YC038_probe2",574,0,0,0,0,0,"GoMF",3
8.39,0.022,4.563,1.177,85.734,"19-11-08_YC038_probe2",579,0,0,0,0,0,"GoMF",3
22.55,0.034,6.668,0.789,32.849,"19-11-08_YC038_probe2",59,0,0,0,0,0,"MLI",1
20.55,0.031,6.393,0.63,35.558,"19-11-08_YC038_probe2",66,0,0,0,0,0,"MLI",1
32.23,0.022,6.683,0.875,58.621,"19-11-08_YC038_probe2",73,0,0,0,0,0,"MLI",1
12.54,0.066,6.984,0.564,7.656,"19-11-08_YC038_probe2",74,0,0,0,0,0,"MLI",1
10.8,0.066,6.448,0.567,7.381,"19-11-08_YC038_probe2",78,0,0,0,0,0,"MLI",1
9.37,0.083,6.88,0.672,8.784,"19-11-08_YC038_probe2",8,0,0,0,0,0,"MLI",1
10,0.01,4.229,1.14,98.344,"19-11-08_YC038_probe2",81,0,0,0,0,0,"GoMF",3
26.28,0.027,6.581,0.763,31.326,"19-11-05_YC037_probe1",10,0,0,0,0,0,"MLI",1
8.99,0.016,4.447,0.79,46.087,"19-11-05_YC037_probe1",102,0,0,0,0,0,"GoMF",3
21.19,0.02,5.887,0.943,56.702,"19-11-05_YC037_probe1",108,0,0,0,0,0,"GoMF",3
14.15,0.016,3.55,0.96,73.499,"19-11-05_YC037_probe1",115,0,0,0,0,0,"GoMF",3
4.6,0.073,6.666,0.936,22.046,"19-11-05_YC037_probe1",119,0,0,0,0,0,"MLI",1
7.01,0.059,5.447,1.06,42.812,"19-11-05_YC037_probe1",129,0,0,0,0,0,"GoMF",3
21.29,0.039,6.579,0.529,11.597,"19-11-05_YC037_probe1",142,0,0,0,0,0,"MLI",1
24.74,0.023,5.469,0.736,38.066,"19-11-05_YC037_probe1",148,0,0,0,0,0,"MLI",1
1.38,0.189,6.352,0.922,8.89,"19-11-05_YC037_probe1",17,0,0,0,0,0,"Gr",2
3.31,0.198,5.189,1.012,11.12,"19-11-05_YC037_probe1",184,0,0,0,0,0,"Gr",2
6.99,0.114,6.892,0.712,7.369,"19-11-05_YC037_probe1",185,0,0,0,0,0,"MLI",1
6.24,0.07,5.518,0.722,9.414,"19-11-05_YC037_probe1",205,0,0,0,0,0,"MLI",1
12.64,0.072,6.597,0.816,16.519,"19-11-05_YC037_probe1",219,0,0,0,0,0,"MLI",1
2.04,0.364,5.846,1.554,17.124,"19-11-05_YC037_probe1",233,0,0,0,0,0,"Gr",2
37.94,0.019,5.407,0.587,23.409,"19-11-05_YC037_probe1",241,0,0,0,0,0,"MLI",4
2.05,0.159,4.839,0.82,13.037,"19-11-05_YC037_probe1",249,0,0,0,0,0,"Gr",2
2.57,0.278,6.684,0.939,6.942,"19-11-05_YC037_probe1",25,0,0,0,0,0,"Gr",2
13.55,0.063,7.069,0.564,8.211,"19-11-05_YC037_probe1",267,0,0,0,0,0,"MLI",1
13.95,0.017,5.294,1.125,56.97,"19-11-05_YC037_probe1",273,0,0,0,0,0,"GoMF",3
9.97,0.052,5.675,0.954,34.579,"19-11-05_YC037_probe1",276,0,0,0,0,0,"GoMF",3
1.14,0.17,4.914,1.152,14.631,"19-11-05_YC037_probe1",279,0,0,0,0,0,"Gr",2
20.45,0.013,4.962,1.154,94.137,"19-11-05_YC037_probe1",294,0,0,0,0,0,"GoMF",3
9.93,0.056,5.633,1.09,33.335,"19-11-05_YC037_probe1",295,0,0,0,0,0,"GoMF",3
0.65,0.475,4.952,1.123,8.398,"19-11-05_YC037_probe1",315,0,0,0,0,0,"Gr",2
28.74,0.022,5.95,0.736,34.555,"19-11-05_YC037_probe1",317,0,0,0,0,0,"MLI",1
10.13,0.047,5.719,1.07,43.047,"19-11-05_YC037_probe1",326,0,0,0,0,0,"GoMF",3
19.08,0.019,5.679,1.114,90.155,"19-11-05_YC037_probe1",342,0,0,0,0,0,"GoMF",3
11.14,0.057,6.282,0.974,39.743,"19-11-05_YC037_probe1",343,0,0,0,0,0,"MLI",1
4.65,0.161,6.335,0.565,3.935,"19-11-05_YC037_probe1",352,0,0,0,0,0,"MLI",1
3.24,0.179,6.151,1.209,26.835,"19-11-05_YC037_probe1",358,0,0,0,0,0,"Gr",2
8.74,0.076,5.953,0.608,6.884,"19-11-05_YC037_probe1",370,0,0,0,0,0,"MLI",1
22.89,0.017,5.696,1.149,115.36,"19-11-05_YC037_probe1",382,0,0,0,0,0,"GoMF",3
13.48,0.02,4.715,1.584,97.408,"19-11-05_YC037_probe1",390,0,0,0,0,0,"GoMF",3
36.86,0.016,4.169,0.399,12.906,"19-11-05_YC037_probe1",41,0,0,0,0,0,"Unknown",4
26.94,0.022,6.739,0.926,45.717,"19-11-05_YC037_probe1",411,0,0,0,0,0,"MLI",1
9.68,0.047,6.082,1.086,49.334,"19-11-05_YC037_probe1",417,0,0,0,0,0,"GoMF",3
14.58,0.049,6.369,0.743,18.525,"19-11-05_YC037_probe1",424,0,0,0,0,0,"MLI",1
9,0.116,6.659,0.786,9.659,"19-11-05_YC037_probe1",434,0,0,0,0,0,"MLI",1
8.32,0.065,5.912,1.006,36.865,"19-11-05_YC037_probe1",439,0,0,0,0,0,"MLI",1
14.47,0.034,5.977,1.11,63.327,"19-11-05_YC037_probe1",440,0,0,0,0,0,"GoMF",3
3.31,0.118,4.945,0.809,8.571,"19-11-05_YC037_probe1",441,0,0,0,0,0,"GoMF",1
14.72,0.016,5.068,1.127,99.907,"19-11-05_YC037_probe1",442,0,0,0,0,0,"GoMF",3
8.05,0.103,6.659,0.546,5.488,"19-11-05_YC037_probe1",456,0,0,0,0,0,"MLI",1
29.14,0.017,3.79,0.429,12.292,"19-11-05_YC037_probe1",546,0,0,0,0,0,"Unknown",4
28.16,0.036,5.841,0.344,4.761,"19-11-05_YC037_probe1",554,0,0,0,0,0,"MLI",1
2.03,0.422,6.93,1.026,8.991,"19-11-05_YC037_probe1",564,0,0,0,0,0,"Gr",2
10.26,0.075,6.879,0.632,8.913,"19-11-05_YC037_probe1",568,0,0,0,0,0,"MLI",1
11.85,0.073,7.106,0.584,7.541,"19-11-05_YC037_probe1",577,0,0,0,0,0,"MLI",1
8.49,0.067,6.359,1.017,29.117,"19-11-05_YC037_probe1",635,0,0,0,0,0,"MLI",1
31.46,0.029,5.542,0.723,26.118,"19-11-05_YC037_probe1",66,0,0,0,0,0,"MLI",4
6.93,0.079,1.812,0.917,15.662,"19-11-05_YC037_probe1",68,0,0,0,0,0,"GoMF",3
9.03,0.088,6.765,0.55,6.205,"19-11-05_YC037_probe1",87,0,0,0,0,0,"MLI",1
11.27,0.064,5.909,0.695,9.657,"19-11-05_YC037_probe1",94,0,0,0,0,0,"MLI",1
4.88,0.184,6.046,1.019,24.473,"19-11-05_YC036_probe1",102,0,0,0,0,0,"Gr",2
10.12,0.033,5.445,0.957,43.566,"19-11-05_YC036_probe1",103,0,0,0,0,0,"GoMF",3
15.12,0.057,6.384,0.559,8.842,"19-11-05_YC036_probe1",150,0,0,0,0,0,"MLI",1
23.62,0.59,4.282,0.906,7.026,"19-11-05_YC036_probe1",165,0,0,0,0,0,"Gr",2
0.55,0.713,5.4,1.271,13.365,"19-11-05_YC036_probe1",17,0,0,0,0,0,"Gr",2
6.64,0.135,6.732,0.78,7.207,"19-11-05_YC036_probe1",210,0,0,0,0,0,"MLI",1
33.18,0.02,6.181,0.765,34.413,"19-11-05_YC036_probe1",218,0,0,0,0,0,"MLI",1
11.97,0.054,6.089,0.86,20.078,"19-11-05_YC036_probe1",233,0,0,0,0,0,"MLI",1
12.74,0.039,4.743,0.822,23.656,"19-11-05_YC036_probe1",237,0,0,0,0,0,"GoMF",3
9.31,0.077,6.733,0.687,9.29,"19-11-05_YC036_probe1",24,0,0,0,0,0,"MLI",1
7.15,0.065,4.101,0.988,30.114,"19-11-05_YC036_probe1",28,0,0,0,0,0,"GoMF",3
107.71,0.007,4.505,0.318,20.91,"19-11-05_YC036_probe1",306,0,0,0,0,0,"Unknown",4
17.89,0.038,5.921,0.651,17.38,"19-11-05_YC036_probe1",31,0,0,0,0,0,"MLI",1
57.11,0.015,6.129,0.413,17.615,"19-11-05_YC036_probe1",323,0,0,0,0,0,"Unknown",4
58.34,0.014,4.401,0.446,20.218,"19-11-05_YC036_probe1",324,0,0,0,0,0,"Unknown",4
55.07,0.015,4.694,0.454,19.638,"19-11-05_YC036_probe1",329,0,0,0,0,0,"Unknown",4
26.76,0.026,6.366,0.674,25.603,"19-11-05_YC036_probe1",33,0,0,0,0,0,"MLI",1
36.02,0.015,3.804,0.525,21.307,"19-11-05_YC036_probe1",330,0,0,0,0,0,"Unknown",4
36.67,0.013,3.026,0.408,16.071,"19-11-05_YC036_probe1",353,0,0,0,0,0,"Unknown",4
63.96,0.013,4.495,0.311,14.219,"19-11-05_YC036_probe1",354,0,0,0,0,0,"Unknown",4
61.05,0.008,3.931,0.356,16.572,"19-11-05_YC036_probe1",356,0,0,0,0,0,"Unknown",4
5.13,0.106,6.384,0.825,9.582,"19-11-05_YC036_probe1",37,0,0,0,0,0,"MLI",1
8.03,0.061,4.812,0.978,29.819,"19-11-05_YC036_probe1",389,0,0,0,0,0,"GoMF",3
10.13,0.047,5.797,0.806,21.994,"19-11-05_YC036_probe1",402,0,0,0,0,0,"MLI",1
10.75,0.048,4.378,0.801,18.332,"19-11-05_YC036_probe1",429,0,0,0,0,0,"GoMF",3
1.39,0.224,5.235,0.949,8.762,"19-11-04_YC037_probe1",13,0,0,0,0,0,"Gr",2
1.82,0.416,6.032,0.781,2.656,"19-11-04_YC037_probe1",165,0,0,0,0,0,"Gr",2
12.88,0.056,6.686,0.85,19.815,"19-11-04_YC037_probe1",175,0,0,0,0,0,"MLI",1
17.13,0.043,6.491,0.791,25.496,"19-11-04_YC037_probe1",176,0,0,0,0,0,"MLI",1
5.36,0.122,6.363,0.788,7.902,"19-11-04_YC037_probe1",184,0,0,0,0,0,"MLI",1
10.14,0.082,6.952,0.589,6.862,"19-11-04_YC037_probe1",185,0,0,0,0,0,"MLI",1
11.26,0.004,2.746,0.89,125.343,"19-11-04_YC037_probe1",186,0,0,0,0,0,"GoMF",3
12.41,0.061,5.962,0.48,5.82,"19-11-04_YC037_probe1",187,0,0,0,0,0,"MLI",1
10.27,0.079,6.959,0.596,7.392,"19-11-04_YC037_probe1",188,0,0,0,0,0,"MLI",1
8.6,0.05,5.661,1.064,41.464,"19-11-04_YC037_probe1",190,0,0,0,0,0,"GoMF",3
7.28,0.108,6.418,0.572,14.612,"19-11-04_YC037_probe1",199,0,0,0,0,0,"MLI",1
10.97,0.067,6.458,0.593,9.552,"19-11-04_YC037_probe1",200,0,0,0,0,0,"MLI",1
22.82,0.039,6.887,0.695,22.963,"19-11-04_YC037_probe1",202,0,0,0,0,0,"MLI",1
9.93,0.038,5.454,1.033,40.816,"19-11-04_YC037_probe1",228,0,0,0,0,0,"GoMF",3
15.72,0.013,3.657,0.894,73.773,"19-11-04_YC037_probe1",232,0,0,0,0,0,"GoMF",3
5.74,0.042,4.507,1.108,42.925,"19-11-04_YC037_probe1",29,0,0,0,0,0,"GoMF",3
35.16,0.011,5.185,1.053,136.901,"19-11-04_YC037_probe1",30,0,0,0,0,0,"GoMF",3
29.02,0.018,5.976,0.811,41.13,"19-11-04_YC037_probe1",31,0,0,0,0,0,"MLI",1
17.94,0.041,6.726,0.875,32.082,"19-11-04_YC037_probe1",34,0,0,0,0,0,"MLI",1
7.21,0.114,6.816,0.858,14.935,"19-11-04_YC037_probe1",35,0,0,0,0,0,"MLI",1
21.67,0.026,5.745,0.935,65.452,"19-11-04_YC037_probe1",36,0,0,0,0,0,"GoMF",3
9.61,0.047,4.197,0.899,27.847,"19-11-04_YC037_probe1",41,0,0,0,0,0,"GoMF",3
11.05,0.053,6.324,0.799,21.309,"19-11-04_YC037_probe1",42,0,0,0,0,0,"MLI",1
1.5,0.144,5.705,1.092,16.083,"19-11-04_YC037_probe1",52,0,0,0,0,0,"Gr",2
43.66,0.017,6.433,0.744,54.669,"19-11-04_YC037_probe1",56,0,0,0,0,0,"MLI",1
2.32,0.198,5.404,0.731,3.155,"19-11-04_YC037_probe1",61,0,0,0,0,0,"MLI",1
12.57,0.067,6.514,0.819,14.95,"19-11-04_YC037_probe1",75,0,0,0,0,0,"MLI",1
6.24,0.09,5.927,1.012,24.803,"19-11-04_YC036_probe1",104,0,0,0,0,0,"MLI",1
10.21,0.058,5.562,0.771,15.74,"19-11-04_YC036_probe1",106,0,0,0,0,0,"MLI",1
6.62,0.098,6.314,0.723,7.965,"19-11-04_YC036_probe1",109,0,0,0,0,0,"MLI",1
19.11,0.035,6.176,0.932,44.218,"19-11-04_YC036_probe1",115,0,0,0,0,0,"GoMF",3
6.53,0.097,6.102,0.71,7.762,"19-11-04_YC036_probe1",123,0,0,0,0,0,"MLI",1
1.39,0.042,4.044,1.244,24.443,"19-11-04_YC036_probe1",13,0,0,0,0,0,"GoMF",3
30.21,0.041,6.656,0.788,22.698,"19-11-04_YC036_probe1",145,0,0,0,0,0,"MLI",1
10.05,0.046,5.342,0.666,19.704,"19-11-04_YC036_probe1",185,0,0,0,0,0,"MLI",1
40.94,0.018,6.66,0.931,83.578,"19-11-04_YC036_probe1",197,0,0,0,0,0,"GoMF",3
23.07,0.031,4.879,0.904,43.835,"19-11-04_YC036_probe1",202,0,0,0,0,0,"GoMF",3
10.49,0.073,6.933,0.685,10.63,"19-11-04_YC036_probe1",203,0,0,0,0,0,"MLI",1
17.08,0.046,6.984,0.628,15.448,"19-11-04_YC036_probe1",205,0,0,0,0,0,"MLI",1
31.25,0.032,5.875,0.828,37.533,"19-11-04_YC036_probe1",209,0,0,0,0,0,"MLI",1
37.8,0.018,6.173,0.827,61.488,"19-11-04_YC036_probe1",212,0,0,0,0,0,"MLI",1
11.19,0.065,5.794,0.734,14.637,"19-11-04_YC036_probe1",213,0,0,0,0,0,"MLI",1
25.92,0.061,6.249,0.92,25.68,"19-11-04_YC036_probe1",215,0,0,0,0,0,"MLI",1
0.55,0.424,4.829,1.241,7.061,"19-11-04_YC036_probe1",223,0,0,0,0,0,"Gr",2
3.77,0.047,4.504,0.833,32.444,"19-11-04_YC036_probe1",226,0,0,0,0,0,"GoMF",3
0.57,0.085,5.271,0.887,14.632,"19-11-04_YC036_probe1",227,0,0,0,0,0,"GoMF",3
53.7,0.017,5.361,0.593,28.489,"19-11-04_YC036_probe1",228,0,0,0,0,0,"Unknown",4
5.67,0.09,6.223,0.981,26.304,"19-11-04_YC036_probe1",237,0,0,0,0,0,"MLI",1
17.83,0.042,6.809,0.749,20.906,"19-11-04_YC036_probe1",250,0,0,0,0,0,"MLI",1
16.15,0.05,6.018,0.781,20.852,"19-11-04_YC036_probe1",255,0,0,0,0,0,"MLI",1
15.94,0.033,5.719,1.11,59.223,"19-11-04_YC036_probe1",257,0,0,0,0,0,"GoMF",3
14.42,0.057,6.05,0.837,18.914,"19-11-04_YC036_probe1",258,0,0,0,0,0,"MLI",1
29.68,0.03,6.731,0.618,24.006,"19-11-04_YC036_probe1",259,0,0,0,0,0,"MLI",1
18.92,0.023,5.824,1.05,75.535,"19-11-04_YC036_probe1",273,0,0,0,0,0,"GoMF",3
8.93,0.065,5.486,0.619,8.632,"19-11-04_YC036_probe1",287,0,0,0,0,0,"MLI",1
7.14,0.104,6.303,0.672,5.96,"19-11-04_YC036_probe1",289,0,0,0,0,0,"MLI",1
16.68,0.054,6.222,0.463,14.654,"19-11-04_YC036_probe1",293,0,0,0,0,0,"MLI",1
4.15,0.034,3.879,1.156,53.116,"19-11-04_YC036_probe1",295,0,0,0,0,0,"GoMF",3
36.75,0.028,4.946,0.692,19.852,"19-11-04_YC036_probe1",301,0,0,0,0,0,"MLI",4
38.71,0.027,5.22,0.606,16.395,"19-11-04_YC036_probe1",305,0,0,0,0,0,"MLI",4
23.34,0.031,5.516,0.67,22.432,"19-11-04_YC036_probe1",32,0,0,0,0,0,"MLI",4
0.36,0.145,4.684,1.026,17.138,"19-11-04_YC036_probe1",327,0,0,0,0,0,"Gr",2
14.53,0.037,5.17,0.891,38.205,"19-11-04_YC036_probe1",339,0,0,0,0,0,"GoMF",3
6.59,0.058,4.97,0.969,24.94,"19-11-04_YC036_probe1",345,0,0,0,0,0,"GoMF",3
24.53,0.018,5.552,1.074,83.978,"19-11-04_YC036_probe1",348,0,0,0,0,0,"GoMF",3
13.02,0.04,4.496,0.886,32.953,"19-11-04_YC036_probe1",349,0,0,0,0,0,"GoMF",3
12.29,0.041,5.515,0.957,34.333,"19-11-04_YC036_probe1",351,0,0,0,0,0,"GoMF",3
21.64,0.033,6.534,0.942,49.345,"19-11-04_YC036_probe1",352,0,0,0,0,0,"GoMF",3
16.09,0.035,5.906,0.97,46.895,"19-11-04_YC036_probe1",355,0,0,0,0,0,"GoMF",3
36.89,0.021,6.477,0.683,38.181,"19-11-04_YC036_probe1",358,0,0,0,0,0,"MLI",1
22.62,0.032,6.517,0.835,49.762,"19-11-04_YC036_probe1",371,0,0,0,0,0,"MLI",1
16.17,0.074,5.852,0.997,28.062,"19-11-04_YC036_probe1",377,0,0,0,0,0,"MLI",1
9.18,0.067,5.739,0.791,13.483,"19-11-04_YC036_probe1",38,0,0,0,0,0,"MLI",1
23.78,0.035,6.936,0.534,12.051,"19-11-04_YC036_probe1",4,0,0,0,0,0,"MLI",1
1.27,0.197,5.239,1.188,16.199,"19-11-04_YC036_probe1",417,0,0,0,0,0,"Gr",2
4.25,0.07,4.204,0.826,16.477,"19-11-04_YC036_probe1",433,0,0,0,0,0,"GoMF",3
19.91,0.035,6.209,0.835,38.235,"19-11-04_YC036_probe1",434,0,0,0,0,0,"MLI",1
14.5,0.04,4.604,0.879,34.866,"19-11-04_YC036_probe1",435,0,0,0,0,0,"GoMF",3
11.93,0.063,5.202,0.612,9.109,"19-11-04_YC036_probe1",447,0,0,0,0,0,"MLI",1
2.28,0.154,4.846,1.464,17.362,"19-11-04_YC036_probe1",45,0,0,0,0,0,"GoMF",3
4.44,0.071,4.21,0.981,20.423,"19-11-04_YC036_probe1",452,0,0,0,0,0,"GoMF",3
11.96,0.041,5.44,0.892,33.34,"19-11-04_YC036_probe1",454,0,0,0,0,0,"GoMF",3
9.34,0.04,4.148,0.902,34.43,"19-11-04_YC036_probe1",471,0,0,0,0,0,"GoMF",3
1.79,0.322,6.283,1.025,8.884,"19-11-04_YC036_probe1",65,0,0,0,0,0,"Gr",2
69.86,0.014,5.687,0.479,21.44,"19-11-04_YC036_probe1",68,0,0,0,0,0,"Unknown",4
29.53,0.013,4.972,0.948,84.864,"19-11-04_YC036_probe1",70,0,0,0,0,0,"GoMF",3
7,0.066,4.691,0.588,6.326,"19-11-04_YC036_probe1",74,0,0,0,0,0,"MLI",1
12.42,0.054,6.055,0.695,14.564,"19-11-04_YC036_probe1",78,0,0,0,0,0,"MLI",1
5.42,0.078,5.92,1.25,55.605,"19-11-04_YC036_probe1",81,0,0,0,0,0,"GoMF",3
14.73,0.045,5.776,1.017,50.099,"19-11-04_YC036_probe1",83,0,0,0,0,0,"GoMF",3
9.58,0.044,5.938,0.666,11.242,"19-11-04_YC036_probe1",9,0,0,0,0,0,"MLI",1
3.36,0.134,5.526,0.743,5.162,"19-11-04_YC036_probe1",96,0,0,0,0,0,"GoMF",1
3.36,0.134,5.526,0.743,5.162,"19-11-04_YC036_probe1",97,0,0,0,0,0,"GoMF",1
3.77,0.151,6.177,1.063,16.975,"19-11-11_YC040_probe1",107,0,0,0,0,0,"Gr",2
99.55,0.005,1.987,0.348,27.357,"19-11-11_YC040_probe1",130,0,0,0,0,0,"Unknown",4
124.16,0.005,4.24,0.335,28.946,"19-11-11_YC040_probe1",133,0,0,0,0,0,"Unknown",4
101.83,0.005,3.191,0.326,26.355,"19-11-11_YC040_probe1",150,0,0,0,0,0,"Unknown",4
34.85,0.006,2.674,0.433,23.714,"19-11-11_YC040_probe1",151,0,0,0,0,0,"Unknown",4
25.1,0.025,6.005,0.807,42.241,"19-11-11_YC040_probe1",155,0,0,0,0,0,"MLI",1
21.8,0.027,5.879,0.808,38.089,"19-11-11_YC040_probe1",157,0,0,0,0,0,"MLI",1
80.42,0.006,2.886,0.371,22.752,"19-11-11_YC040_probe1",169,0,0,0,0,0,"Unknown",4
28.81,0.025,6.508,0.71,33.979,"19-11-11_YC040_probe1",17,0,0,0,0,0,"MLI",1
32.01,0.009,3.022,0.577,27.368,"19-11-11_YC040_probe1",182,0,0,0,0,0,"Unknown",4
105.28,0.005,3.034,0.278,17.843,"19-11-11_YC040_probe1",183,0,0,0,0,0,"Unknown",4
54.13,0.009,3.441,0.506,26.811,"19-11-11_YC040_probe1",188,0,0,0,0,0,"Unknown",4
90.06,0.007,3.522,0.35,20.815,"19-11-11_YC040_probe1",194,0,0,0,0,0,"Unknown",4
15,0.017,4.244,0.852,49.356,"19-11-11_YC040_probe1",196,0,0,0,0,0,"GoMF",3
93.44,0.006,4.03,0.382,27.514,"19-11-11_YC040_probe1",203,0,0,0,0,0,"Unknown",4
105.39,0.006,4.784,0.484,47.197,"19-11-11_YC040_probe1",205,0,0,0,0,0,"Unknown",4
63.14,0.008,4.006,0.639,56.563,"19-11-11_YC040_probe1",208,0,0,0,0,0,"Unknown",4
56.22,0.005,3.035,0.457,31.389,"19-11-11_YC040_probe1",212,0,0,0,0,0,"Unknown",4
77.76,0.007,4.764,0.572,47.589,"19-11-11_YC040_probe1",218,0,0,0,0,0,"Unknown",4
74.9,0.006,4.353,0.521,40.073,"19-11-11_YC040_probe1",219,0,0,0,0,0,"Unknown",4
26.6,0.016,5.189,0.745,39.253,"19-11-11_YC040_probe1",220,0,0,0,0,0,"GoMF",4
7.31,0.087,4.27,0.51,4.244,"19-11-11_YC040_probe1",23,0,0,0,0,0,"MLI",1
66.7,0.01,5.714,0.63,46.524,"19-11-11_YC040_probe1",230,0,0,0,0,0,"Unknown",4
31.67,0.011,4.776,0.728,45.437,"19-11-11_YC040_probe1",231,0,0,0,0,0,"GoMF",4
81.86,0.008,5.441,0.578,50.89,"19-11-11_YC040_probe1",232,0,0,0,0,0,"Unknown",4
1.33,0.125,2.573,0.973,9.351,"19-11-11_YC040_probe1",234,0,0,0,0,0,"GoMF",3
43.7,0.016,5.551,0.466,17.406,"19-11-11_YC040_probe1",237,0,0,0,0,0,"Unknown",4
55.29,0.007,4.312,0.579,42.804,"19-11-11_YC040_probe1",239,0,0,0,0,0,"Unknown",4
45.54,0.012,4.394,0.522,24.017,"19-11-11_YC040_probe1",242,0,0,0,0,0,"Unknown",4
56.1,0.01,4.774,0.468,23.097,"19-11-11_YC040_probe1",246,0,0,0,0,0,"Unknown",4
53.51,0.01,5.178,0.641,45.924,"19-11-11_YC040_probe1",248,0,0,0,0,0,"Unknown",4
22.07,0.016,5.149,0.711,30.561,"19-11-11_YC040_probe1",249,0,0,0,0,0,"GoMF",3
19.05,0.017,4.906,0.734,30.652,"19-11-11_YC040_probe1",250,0,0,0,0,0,"GoMF",3
38.32,0.01,3.952,0.645,43.339,"19-11-11_YC040_probe1",251,0,0,0,0,0,"Unknown",4
18.29,0.018,5.06,0.733,25.859,"19-11-11_YC040_probe1",253,0,0,0,0,0,"GoMF",3
13.24,0.057,6.891,0.643,10.662,"19-11-11_YC040_probe1",27,0,0,0,0,0,"MLI",1
104.2,0.005,4.774,0.395,32.161,"19-11-11_YC040_probe1",272,0,0,0,0,0,"Unknown",4
81.39,0.005,4.974,0.484,40.277,"19-11-11_YC040_probe1",273,0,0,0,0,0,"Unknown",4
26.82,0.014,5.168,0.571,25.987,"19-11-11_YC040_probe1",30,0,0,0,0,0,"MLI",4
14.09,0.056,6.941,0.649,11.866,"19-11-11_YC040_probe1",36,0,0,0,0,0,"MLI",1
19.38,0.044,6.995,0.522,10.63,"19-11-11_YC040_probe1",43,0,0,0,0,0,"MLI",1
28.87,0.024,6.677,0.852,46.116,"19-11-11_YC040_probe1",46,0,0,0,0,0,"MLI",1
17.76,0.045,7.063,0.617,13.159,"19-11-11_YC040_probe1",52,0,0,0,0,0,"MLI",1
7.35,0.028,4.441,0.988,43.801,"19-11-11_YC040_probe1",6,0,0,0,0,0,"GoMF",3
0.77,0.13,3.08,1.562,25.305,"19-11-11_YC040_probe1",62,0,0,0,0,0,"GoMF",3
17.29,0.004,1.8,0.432,28.257,"19-11-11_YC040_probe1",69,0,0,0,0,0,"Unknown",4
19,0.015,5.271,1.235,87.586,"19-11-11_YC040_probe1",7,0,0,0,0,0,"GoMF",3
13.99,0.025,4.751,0.957,57.814,"19-11-11_YC040_probe1",228,0,1,0,0,0,"GoMF",3
1.35,0.477,6.569,0.963,4.914,"18-08-31_YC003_probe1",247,0,0,0,0,1,"Gr",2
3.62,0.163,6.008,0.71,5.908,"19-08-14_YC015_probe1",1799,0,0,0,0,0,"MLI",1
10.31,0.062,6.486,0.66,9.7,"19-01-23_YC012_probe1",371,0,0,0,1,0,"MLI",1
21.55,0.029,6.112,0.709,25.628,"19-11-11_YC040_probe1",280,0,1,0,0,0,"MLI",1
11.09,0.069,6.711,0.613,10.239,"19-01-24_YC013_probe1",361,0,0,0,1,0,"MLI",1
1,0.467,4.576,1.142,8.251,"19-01-24_YC013_probe1",370,0,0,0,1,0,"Gr",2
6.64,0.096,5.375,0.611,5.767,"19-01-24_YC013_probe1",378,0,0,0,1,0,"MLI",1
7.69,0.088,6.747,0.789,10.51,"19-01-24_YC013_probe1",498,0,0,0,1,0,"MLI",1
18.71,0.02,5.173,0.701,23.336,"19-01-23_YC012_probe1",472,0,0,0,1,0,"GoMF",3
6.69,0.035,4.711,1.023,56.363,"19-01-23_YC012_probe1",438,0,0,0,1,0,"GoMF",3
15.87,0.036,6.117,1.003,50.586,"19-01-23_YC012_probe1",400,0,0,0,1,0,"GoMF",3
103.7,0.006,4.963,0.795,161.223,"18-09-03_YC005_probe1",43,0,0,0,1,0,"GoMF",3
10.77,0.084,6.122,0.511,17.07,"19-12-13_YC007_probe1",334,0,0,1,0,0,"MLI",1
4.42,0.129,6.313,0.851,10.298,"19-12-13_YC007_probe1",294,0,0,1,0,0,"MLI",1
27.03,0.031,7.048,0.712,26.688,"19-12-13_YC007_probe1",240,0,0,1,0,0,"MLI",1
4.85,0.126,6.442,0.888,10.899,"19-12-13_YC007_probe1",237,0,0,1,0,0,"MLI",1
12.83,0.059,6.954,0.733,13.952,"20-15-06_DK186_probe1",425,0,1,0,0,0,"",1
94.67,0.009,6.866,0.344,19.334,"20-15-06_DK186_probe1",488,0,1,0,0,0,"",4
4.64,0.169,6.721,0.622,3.611,"20-15-06_DK186_probe1",535,0,1,0,0,0,"",1
5.31,0.149,6.769,0.624,4.26,"20-15-06_DK186_probe1",540,0,1,0,0,0,"",1
8.72,0.079,5.296,1.246,35.158,"20-15-06_DK186_probe1",571,0,1,0,0,0,"",3
6.43,0.112,6.876,0.841,10.586,"20-15-06_DK186_probe1",825,0,1,0,0,0,"",1
