MFRBlockHz,tf_MedIsi,tf_Entropy,tf_CV2Mean,tf_LvR,Sample,Unit,Cluster
72.98,0.012,6.677,0.471,27.203,18-08-30_YC001_probe1,166,Pk
197.42,0.004,4.321,0.26,32.027,18-08-30_YC001_probe1,177,Pk
159.05,0.006,6.06,0.221,14.909,18-08-30_YC001_probe1,263,Pk
168.96,0.005,6.164,0.202,13.339,18-08-30_YC001_probe1,266,Pk
25.04,0.037,7.071,0.414,8.388,18-08-30_YC001_probe1,272,Pk
51.53,0.018,7.263,0.48,21.558,18-08-30_YC001_probe1,281,Pk
70.34,0.011,6.551,0.61,43.708,18-08-30_YC001_probe1,296,Pk
64.02,0.014,7.041,0.384,16.877,18-08-30_YC001_probe1,298,Pk
69.85,0.014,7.308,0.251,8.315,18-08-30_YC001_probe1,303,Pk
109.22,0.008,6.712,0.321,19.848,18-08-30_YC001_probe1,304,Pk
49.26,0.019,7.085,0.309,8.796,18-08-30_YC001_probe1,315,Pk
184.93,0.005,6.385,0.282,27.193,18-08-30_YC001_probe1,357,Pk
139.05,0.006,6.557,0.333,26.856,18-08-30_YC001_probe1,358,Pk
177.94,0.005,5.831,0.259,25.794,18-08-30_YC001_probe1,359,Pk
61.61,0.015,7.205,0.335,12.743,18-08-30_YC001_probe1,362,Pk
101.95,0.008,6.857,0.419,30.414,18-08-30_YC001_probe1,376,Pk
34.64,0.023,6.613,0.63,29.141,18-08-30_YC001_probe1,377,Pk
137.18,0.006,6.659,0.325,25.737,18-08-30_YC001_probe1,54,Pk
167.26,0.005,5.502,0.235,21.519,18-08-30_YC001_probe1,565,Pk
35.17,0.025,6.992,0.483,17.051,18-08-30_YC001_probe1,83,Pk
84.76,0.01,6.937,0.482,32.95,18-08-30_YC002_probe1,111,Pk
27.03,0.035,7.045,0.41,10.829,18-08-30_YC002_probe1,142,Pk
69.28,0.016,6.11,0.601,28.099,18-08-30_YC002_probe1,205,Pk
72.89,0.011,6.768,0.485,29.097,18-08-30_YC002_probe1,210,Pk
22.14,0.036,6.742,0.386,6.766,18-08-30_YC002_probe1,31,Pk
74.39,0.01,6.062,0.456,26.437,18-08-30_YC002_probe1,327,Pk
55.53,0.013,6.405,0.761,60.971,18-08-31_YC003_probe1,102,Pk
87.02,0.008,6.379,0.453,30.123,18-08-31_YC003_probe1,201,Pk
87.62,0.009,5.916,0.374,21.559,18-08-31_YC003_probe1,231,Pk
70.98,0.012,6.126,0.375,17.329,18-08-31_YC003_probe1,257,Pk
126.49,0.006,5.866,0.367,28.923,18-08-31_YC003_probe1,292,Pk
78.13,0.012,6.826,0.393,21.988,18-08-31_YC003_probe1,311,Pk
52.91,0.015,6.421,0.514,24.129,18-08-31_YC003_probe1,485,Pk
33.01,0.025,6.956,0.643,29.512,18-08-31_YC003_probe1,57,Pk
148.15,0.006,6.731,0.243,15.956,18-08-31_YC004_probe1,128,Pk
116.53,0.009,6.343,0.584,45.279,18-08-31_YC004_probe1,130,Pk
71.81,0.012,6.696,0.388,19.121,18-08-31_YC004_probe1,200,Pk
39.19,0.022,7.066,0.517,19.084,18-08-31_YC004_probe1,60,Pk
63.57,0.015,6.961,0.31,11.266,18-08-31_YC004_probe1,83,Pk
160.95,0.005,6.442,0.272,22.191,18-09-03_YC005_probe1,177,Pk
123.89,0.007,6.498,0.39,33.431,18-09-03_YC005_probe1,52,Pk
18.83,0.049,7.158,0.345,4.192,18-12-13_YC008_probe1,11,Pk
26.59,0.033,7.01,0.447,9.402,18-12-13_YC008_probe1,12,Pk
55.63,0.017,7.16,0.346,12.409,18-12-13_YC008_probe1,15,Pk
35.31,0.024,6.817,0.579,20.614,18-12-13_YC008_probe1,212,Pk
26.09,0.039,6.683,0.297,3.892,18-12-13_YC008_probe1,24,Pk
61.37,0.012,6.523,0.509,26.848,18-12-13_YC008_probe1,268,Pk
96.33,0.009,7.038,0.355,20.635,18-12-13_YC008_probe1,303,Pk
46.69,0.019,6.945,0.493,20.033,18-12-13_YC008_probe1,313,Pk
79.94,0.01,6.751,0.501,32.985,18-12-13_YC008_probe1,317,Pk
48.53,0.02,7.286,0.346,10.91,18-12-13_YC008_probe1,320,Pk
147.97,0.005,5.138,0.297,26.747,18-12-13_YC008_probe1,338,Pk
102.15,0.008,6.718,0.382,25.369,18-12-13_YC008_probe1,346,Pk
46.75,0.017,6.748,0.617,29.992,18-12-13_YC008_probe1,371,Pk
58.08,0.015,6.72,0.392,16.238,18-12-13_YC008_probe1,375,Pk
31.34,0.027,6.938,0.569,18.68,18-12-13_YC008_probe1,386,Pk
15.08,0.064,6.966,0.389,6.021,18-12-17_YC009_probe1,125,Pk
11.41,0.076,6.672,0.412,3.7,18-12-17_YC009_probe1,15,Pk
79.39,0.01,6.356,0.463,29.871,18-12-17_YC009_probe1,297,Pk
73.47,0.012,6.784,0.421,23.374,18-12-17_YC009_probe1,298,Pk
47.97,0.018,6.862,0.464,18.087,18-12-17_YC009_probe1,301,Pk
214.71,0.004,6.275,0.213,20.72,18-12-17_YC009_probe1,420,Pk
137.16,0.006,5.993,0.371,34.151,18-12-17_YC009_probe1,437,Pk
113.17,0.007,5.841,0.405,32.429,18-12-17_YC009_probe1,439,Pk
86.12,0.011,7.048,0.359,20.437,18-12-17_YC009_probe1,441,Pk
105.15,0.008,6.575,0.307,17.852,18-12-17_YC009_probe1,453,Pk
110.58,0.007,5.598,0.328,22.435,18-12-17_YC009_probe1,455,Pk
112.7,0.007,6.385,0.317,19.898,18-12-17_YC009_probe1,473,Pk
73.16,0.012,6.96,0.445,26.508,18-12-17_YC009_probe1,519,Pk
62.72,0.014,6.772,0.487,25.707,18-12-17_YC009_probe1,524,Pk
78.13,0.009,6.406,0.478,31.543,18-12-17_YC009_probe1,564,Pk
103.5,0.009,6.98,0.354,22.538,18-12-17_YC009_probe1,569,Pk
48.08,0.016,6.471,0.585,29.108,18-12-17_YC009_probe1,619,Pk
75.38,0.011,6.766,0.416,22.811,18-12-17_YC009_probe1,625,Pk
154.77,0.005,5.425,0.301,26.054,18-12-17_YC009_probe1,633,Pk
170.54,0.005,5.454,0.234,19.169,18-12-17_YC009_probe1,635,Pk
9.34,0.096,6.99,0.429,3.297,18-12-17_YC010_probe1,104,Pk
100.62,0.008,6.75,0.512,49.37,18-12-17_YC010_probe1,117,Pk
75.24,0.011,6.986,0.517,37.563,18-12-17_YC010_probe1,121,Pk
107.42,0.008,6.99,0.45,39.823,18-12-17_YC010_probe1,133,Pk
47.36,0.024,6.692,0.673,26.865,18-12-17_YC010_probe1,140,Pk
97.28,0.009,6.961,0.497,44.589,18-12-17_YC010_probe1,144,Pk
63.99,0.012,6.483,0.631,48.101,18-12-17_YC010_probe1,151,Pk
51.6,0.015,6.657,0.542,25.668,18-12-17_YC010_probe1,152,Pk
132.8,0.006,5.681,0.367,30.35,18-12-17_YC010_probe1,153,Pk
150.97,0.006,6.819,0.216,13.521,18-12-17_YC010_probe1,198,Pk
76.74,0.01,6.634,0.438,24.949,18-12-17_YC010_probe1,276,Pk
50.57,0.017,7.069,0.743,57.142,18-12-17_YC010_probe1,277,Pk
65.65,0.013,6.521,0.392,19.349,18-12-17_YC010_probe1,319,Pk
100.87,0.007,6.483,0.49,40.201,18-12-17_YC010_probe1,394,Pk
100.49,0.009,6.815,0.269,13.255,18-12-17_YC010_probe1,426,Pk
65.53,0.013,6.658,0.49,24.924,18-12-18_YC010_probe1,102,Pk
82.74,0.011,7.037,0.475,31.893,18-12-18_YC010_probe1,158,Pk
6.14,0.158,7.271,0.189,0.449,18-12-18_YC010_probe1,167,Pk
23.57,0.038,7.115,0.39,6.172,18-12-18_YC010_probe1,169,Pk
103.4,0.009,7.214,0.325,20.044,18-12-18_YC010_probe1,241,Pk
92.87,0.01,7.286,0.172,5.628,18-12-18_YC010_probe1,243,Pk
70.1,0.013,7.189,0.333,15.809,18-12-18_YC010_probe1,244,Pk
110.11,0.008,6.498,0.226,10.925,18-12-18_YC010_probe1,245,Pk
43.33,0.021,6.915,0.322,8.478,18-12-18_YC010_probe1,253,Pk
34.75,0.025,6.821,0.577,24.453,18-12-18_YC010_probe1,257,Pk
73.38,0.013,7.179,0.437,26.947,18-12-18_YC010_probe1,330,Pk
121,0.008,6.764,0.232,11.907,18-12-18_YC010_probe1,356,Pk
96.66,0.009,5.978,0.311,16.733,18-12-18_YC010_probe1,364,Pk
33.5,0.026,6.902,0.408,10.496,18-12-18_YC010_probe1,49,Pk
83.44,0.011,7.244,0.27,11.47,18-12-18_YC010_probe1,69,Pk
72.83,0.013,7.024,0.281,10.71,18-12-18_YC010_probe1,74,Pk
13.3,0.076,6.714,0.379,3.206,18-12-18_YC010_probe1,78,Pk
83.83,0.011,7.18,0.329,16.195,18-12-18_YC010_probe1,94,Pk
50.43,0.015,6.94,0.744,54.897,19-01-16_YC011_probe1,121,Pk
42.3,0.019,6.712,0.62,27.131,19-01-16_YC011_probe1,160,Pk
125.77,0.007,6.403,0.332,25.007,19-01-16_YC011_probe1,192,Pk
58.13,0.014,6.807,0.538,31.56,19-01-16_YC011_probe1,20,Pk
160.75,0.006,6.883,0.197,12.171,19-01-16_YC011_probe1,234,Pk
79,0.011,6.946,0.609,51.011,19-01-16_YC011_probe1,26,Pk
116.12,0.008,7.157,0.393,33.223,19-01-16_YC011_probe1,27,Pk
40.99,0.019,6.693,0.644,30.948,19-01-16_YC011_probe1,31,Pk
70.21,0.013,6.993,0.413,21.192,19-01-16_YC011_probe1,33,Pk
44.51,0.018,6.724,0.462,15.276,19-01-16_YC011_probe1,35,Pk
55.78,0.015,6.899,0.544,28.385,19-01-16_YC011_probe1,43,Pk
38.45,0.021,6.99,0.641,30.641,19-01-16_YC011_probe1,73,Pk
48.74,0.018,7.158,0.539,26.65,19-01-16_YC011_probe1,95,Pk
63.42,0.013,7.071,0.674,56.995,19-01-23_YC013_probe1,17,Pk
26.33,0.034,6.979,0.401,7.969,19-01-23_YC013_probe1,214,Pk
16,0.057,7.077,0.342,3.509,19-01-23_YC013_probe1,270,Pk
44,0.019,6.915,0.54,22.523,19-01-23_YC013_probe1,30,Pk
61.62,0.014,6.975,0.469,24.2,19-01-23_YC013_probe1,60,Pk
31.53,0.03,7.05,0.271,4.329,19-01-24_YC013_probe1,17,Pk
22.53,0.04,6.908,0.366,5.555,19-01-24_YC013_probe1,34,Pk
43.84,0.023,7.297,0.093,0.712,19-01-24_YC013_probe1,57,Pk
45.25,0.021,7.264,0.514,26.924,19-01-24_YC013_probe1,575,Pk
32,0.028,7.13,0.233,3.657,19-01-24_YC013_probe1,62,Pk
72.43,0.014,7.224,0.14,2.687,19-01-24_YC013_probe1,64,Pk
15.37,0.062,7.066,0.276,2.278,19-08-14_YC015_probe1,35,Pk
64.51,0.015,7.195,0.433,22.404,19-08-14_YC015_probe1,48,Pk
40.45,0.019,6.488,0.575,25.172,19-08-14_YC015_probe2,67,Pk
75.54,0.011,6.819,0.707,66.811,19-08-14_YC015_probe2,71,Pk
37.51,0.021,6.538,0.562,23.201,19-08-14_YC015_probe2,79,Pk
73.62,0.013,7.103,0.366,18.658,19-08-14_YC015_probe2,84,Pk
100.05,0.009,6.934,0.364,23.524,19-08-14_YC015_probe1,88,Pk
66.56,0.014,6.821,0.378,16.289,19-08-14_YC015_probe1,94,Pk
170.76,0.005,5.76,0.222,17.506,19-08-14_YC015_probe1,97,Pk
38.63,0.025,7.414,0.148,1.632,19-08-14_YC015_probe2,100,Pk
62.65,0.015,7.209,0.357,15.238,19-08-14_YC015_probe2,119,Pk
51.68,0.016,6.944,0.496,22.547,19-08-14_YC015_probe2,128,Pk
54.28,0.027,6.692,0.695,25.101,19-08-14_YC015_probe2,140,Pk
49.53,0.013,6.508,0.604,32.344,19-08-14_YC015_probe2,141,Pk
69.21,0.013,7.018,0.408,20.821,19-08-14_YC015_probe2,147,Pk
67.27,0.013,7.133,0.367,16.728,19-08-14_YC015_probe2,176,Pk
67.46,0.014,6.868,0.41,21.529,19-08-14_YC015_probe2,204,Pk
47.76,0.018,7.024,0.54,24.902,19-08-14_YC015_probe2,290,Pk
93.06,0.01,6.925,0.304,16.192,19-08-14_YC015_probe1,354,Pk
59.03,0.015,7.006,0.466,22.486,19-08-14_YC015_probe1,392,Pk
50.43,0.017,7.041,0.48,20.557,19-08-14_YC015_probe1,393,Pk
128.81,0.007,7.131,0.208,10.429,19-08-14_YC015_probe1,401,Pk
89.19,0.01,7.126,0.289,13.338,19-08-14_YC015_probe2,436,Pk
63.23,0.014,6.94,0.358,15.298,19-08-14_YC015_probe1,590,Pk
37.27,0.025,7.162,0.347,8.462,19-08-14_YC015_probe1,606,Pk
92.46,0.009,6.334,0.351,19.609,19-08-14_YC015_probe1,608,Pk
42.77,0.02,6.88,0.418,13.922,19-08-14_YC015_probe1,610,Pk
63.21,0.011,6.278,0.541,47.933,19-08-14_YC015_probe2,631,Pk
35.37,0.025,7.135,0.463,13.877,19-08-14_YC015_probe2,794,Pk
66.19,0.013,6.997,0.418,20.695,19-08-14_YC015_probe1,857,Pk
54.26,0.017,7.117,0.345,12,19-08-14_YC015_probe1,881,Pk
45.34,0.019,6.945,0.441,15.132,19-08-14_YC015_probe1,929,Pk
65.97,0.014,6.981,0.362,16.175,19-08-14_YC015_probe1,967,Pk
143.82,0.006,6.323,0.235,17.226,19-08-14_YC015_probe1,1026,Pk
15.35,0.062,6.967,0.35,4.031,19-08-14_YC015_probe1,1030,Pk
85.25,0.01,6.856,0.503,35.926,19-08-14_YC015_probe1,1081,Pk
60.78,0.01,6.239,0.7,62.456,19-08-14_YC016_probe1,100,Pk
99.1,0.01,6.75,0.214,8.702,19-08-14_YC016_probe1,102,Pk
104.91,0.009,7.092,0.214,9.46,19-08-14_YC016_probe1,142,Pk
98.42,0.009,7.088,0.266,14.163,19-08-14_YC016_probe1,161,Pk
61.96,0.015,7.134,0.268,8.749,19-08-14_YC016_probe2,17,Pk
33.1,0.025,6.904,0.558,21.905,19-08-14_YC016_probe1,211,Pk
64.21,0.013,6.977,0.453,23.03,19-08-14_YC016_probe1,268,Pk
56.4,0.016,6.877,0.379,15.21,19-08-14_YC016_probe1,274,Pk
89.89,0.011,7.306,0.307,15.621,19-08-14_YC016_probe1,298,Pk
101.4,0.009,7.18,0.292,15.648,19-08-14_YC016_probe1,301,Pk
12.05,0.076,7.215,0.373,3.706,19-08-14_YC016_probe1,314,Pk
44.5,0.021,7.076,0.355,11.131,19-08-14_YC016_probe2,20,Pk
75.02,0.013,7.122,0.348,17.071,19-08-14_YC016_probe2,22,Pk
27.34,0.033,6.974,0.333,6.455,19-08-14_YC016_probe1,527,Pk
69.65,0.014,6.879,0.294,11.627,19-08-14_YC016_probe1,59,Pk
71.48,0.014,7.195,0.181,4.427,19-08-14_YC016_probe1,605,Pk
82,0.012,7.038,0.292,13.53,19-08-14_YC016_probe1,65,Pk
61.31,0.015,6.883,0.412,18.499,19-08-14_YC016_probe2,25,Pk
149.06,0.004,5.391,0.315,32.171,19-08-14_YC016_probe1,67,Pk
124.67,0.007,6.406,0.269,18.479,19-08-14_YC016_probe1,714,Pk
174.24,0.005,6.598,0.162,10.152,19-08-14_YC016_probe1,83,Pk
62.75,0.014,6.947,0.367,15.825,19-08-14_YC016_probe1,895,Pk
142.33,0.007,6.766,0.212,15.309,19-08-14_YC016_probe1,953,Pk
92.37,0.01,7.205,0.409,28.926,19-08-14_YC016_probe2,47,Pk
24.59,0.04,6.96,0.181,1.529,19-08-14_YC016_probe2,50,Pk
43.06,0.02,7.023,0.469,17.718,19-08-14_YC016_probe2,56,Pk
126.97,0.007,7.205,0.386,35.176,19-08-14_YC016_probe2,65,Pk
77.5,0.012,7.116,0.429,27.34,19-08-14_YC016_probe2,66,Pk
57.16,0.014,7.014,0.603,37.483,19-08-14_YC016_probe2,68,Pk
84.5,0.011,7.103,0.421,27.915,19-08-14_YC016_probe2,74,Pk
86.13,0.011,7.092,0.353,19.908,19-08-14_YC016_probe2,83,Pk
70.7,0.012,6.994,0.48,29.113,19-08-14_YC016_probe2,91,Pk
81.32,0.012,7.063,0.423,29.522,19-08-14_YC016_probe2,101,Pk
129.2,0.006,6.428,0.337,27.418,19-08-14_YC016_probe2,119,Pk
57.16,0.015,6.62,0.508,26.294,19-08-14_YC016_probe2,126,Pk
63.85,0.014,7.217,0.458,24.777,19-08-14_YC016_probe2,131,Pk
42.21,0.018,6.189,0.251,5.824,19-08-14_YC016_probe2,132,Pk
78.31,0.011,7.113,0.482,41.463,19-08-14_YC016_probe2,154,Pk
130.07,0.008,7.113,0.213,10.707,19-08-14_YC016_probe2,218,Pk
73.97,0.01,6.558,0.309,16.609,19-08-14_YC016_probe2,224,Pk
79.57,0.011,6.914,0.442,26.573,19-08-14_YC016_probe2,227,Pk
156.61,0.006,6.22,0.209,14.848,19-08-14_YC016_probe2,239,Pk
79.81,0.012,6.954,0.415,25.908,19-08-14_YC016_probe2,243,Pk
81.22,0.012,7.123,0.352,17.56,19-08-14_YC016_probe2,377,Pk
28.84,0.034,7.246,0.446,15.807,19-08-14_YC016_probe2,378,Pk
104.15,0.009,6.867,0.34,23.007,19-08-14_YC016_probe2,418,Pk
102.04,0.009,7.038,0.303,16.955,19-08-14_YC016_probe2,437,Pk
57.15,0.014,6.669,0.456,20.559,19-08-14_YC016_probe2,443,Pk
148.23,0.006,6.687,0.265,19.433,19-08-14_YC016_probe2,490,Pk
86.69,0.011,7.072,0.293,13.894,19-08-14_YC016_probe2,501,Pk
43.89,0.017,6.648,0.587,26.651,19-08-14_YC016_probe2,509,Pk
73.84,0.012,7.143,0.382,19.233,19-08-14_YC016_probe2,539,Pk
86.19,0.01,5.978,0.323,16.229,19-08-14_YC016_probe2,544,Pk
81.51,0.011,6.852,0.366,18.783,19-08-14_YC016_probe2,549,Pk
81.36,0.01,6.132,0.37,21.7,19-08-14_YC016_probe2,558,Pk
98.97,0.007,5.639,0.373,25.469,19-08-14_YC016_probe2,666,Pk
54.58,0.016,7.013,0.479,23.2,19-08-14_YC016_probe2,716,Pk
84.29,0.011,7.02,0.381,21.579,19-08-14_YC016_probe2,812,Pk
73.65,0.013,6.878,0.367,18.574,19-08-14_YC016_probe2,814,Pk
55.76,0.013,6.566,0.692,47.692,19-08-14_YC016_probe2,815,Pk
74.07,0.013,7.128,0.309,13.246,19-08-14_YC016_probe2,848,Pk
99.43,0.01,6.905,0.228,10.667,19-08-14_YC016_probe2,910,Pk
93.75,0.01,7.025,0.295,14.848,19-08-14_YC016_probe2,938,Pk
135.21,0.007,6.768,0.209,11.308,19-08-14_YC016_probe2,959,Pk
100.33,0.009,7.026,0.332,19.548,19-08-14_YC016_probe2,964,Pk
77.09,0.012,6.077,0.2,6.314,19-08-14_YC016_probe2,979,Pk
85.56,0.011,7.053,0.418,27.655,19-08-14_YC016_probe2,993,Pk
82.22,0.012,7.235,0.292,13.064,19-08-15_YC016_probe1,59,Pk
176.58,0.005,6.424,0.196,14.151,19-08-15_YC016_probe1,65,Pk
94.46,0.01,7.198,0.247,11.336,19-08-15_YC016_probe1,66,Pk
55.2,0.014,6.736,0.733,61.122,19-08-15_YC016_probe1,85,Pk
54.3,0.018,7.292,0.28,8.25,19-08-15_YC016_probe1,9,Pk
29.06,0.03,6.544,0.358,8.067,19-08-15_YC016_probe1,92,Pk
73.8,0.012,6.721,0.501,29.955,19-08-16_YC014_probe1,147,Pk
31.55,0.029,6.888,0.587,26.778,19-08-16_YC014_probe1,150,Pk
50.67,0.018,6.726,0.52,22.739,19-08-16_YC014_probe1,187,Pk
55.12,0.016,7.102,0.471,23.59,19-08-16_YC014_probe1,188,Pk
32.73,0.027,6.772,0.485,24.301,19-08-16_YC014_probe1,201,Pk
35.95,0.025,7.132,0.364,14.055,19-08-16_YC014_probe1,203,Pk
45.87,0.021,7.145,0.438,20.174,19-08-16_YC014_probe1,208,Pk
21.98,0.043,7.058,0.389,11.326,19-08-16_YC014_probe1,209,Pk
41.2,0.018,6.49,0.694,46.015,19-08-16_YC014_probe1,325,Pk
16.75,0.058,7.054,0.418,7.939,19-08-16_YC014_probe1,342,Pk
41.13,0.023,7.086,0.442,17.966,19-08-16_YC014_probe1,344,Pk
39.18,0.026,7.398,0.279,15.915,19-08-16_YC014_probe1,346,Pk
79.42,0.013,6.927,0.108,4.644,19-08-16_YC014_probe1,350,Pk
35.97,0.024,7.006,0.524,19.174,19-08-16_YC014_probe1,36,Pk
45.51,0.023,6.626,0.567,23.103,19-08-16_YC014_probe1,39,Pk
37.68,0.02,6.486,0.586,26.304,19-08-16_YC014_probe1,46,Pk
48.07,0.019,7.004,0.431,17.082,19-08-16_YC014_probe1,462,Pk
45.56,0.017,6.683,0.525,27.427,19-08-16_YC014_probe1,49,Pk
78.61,0.012,7.225,0.341,17.512,19-08-16_YC014_probe1,61,Pk
71.46,0.012,6.809,0.492,34.455,19-08-16_YC015_probe1,18,Pk
69.03,0.012,6.754,0.491,34.358,19-08-16_YC015_probe1,19,Pk
71.59,0.012,6.981,0.478,32.209,19-08-16_YC015_probe1,6,Pk
61.5,0.013,6.93,0.538,30.725,19-09-30_YC017_probe1,111,Pk
107.1,0.008,6.751,0.468,39.758,19-09-30_YC017_probe1,124,Pk
139.7,0.006,6.859,0.294,21.953,19-09-30_YC017_probe1,127,Pk
108.43,0.008,7.154,0.444,38.668,19-09-30_YC017_probe1,16,Pk
227.13,0.004,6.548,0.236,23.648,19-09-30_YC017_probe1,163,Pk
72.97,0.013,7.022,0.368,17.707,19-09-30_YC017_probe1,17,Pk
128,0.006,6.431,0.514,56.477,19-09-30_YC017_probe1,177,Pk
82.51,0.011,7.115,0.33,16.537,19-09-30_YC017_probe1,19,Pk
58.06,0.015,6.978,0.551,30.263,19-09-30_YC017_probe1,2,Pk
82.71,0.01,6.676,0.405,26.076,19-09-30_YC017_probe1,21,Pk
107.8,0.008,7.027,0.329,21.089,19-09-30_YC017_probe1,235,Pk
134.18,0.006,6.661,0.381,33.675,19-09-30_YC017_probe1,243,Pk
170.48,0.005,6.764,0.279,24.225,19-09-30_YC017_probe1,247,Pk
191.69,0.004,6.493,0.305,32.901,19-09-30_YC017_probe1,259,Pk
145.61,0.006,6.904,0.308,24.448,19-09-30_YC017_probe1,268,Pk
98.71,0.009,6.955,0.385,26.547,19-09-30_YC017_probe1,278,Pk
37.88,0.021,6.932,0.598,24.094,19-09-30_YC017_probe1,3,Pk
116.63,0.008,6.823,0.333,22.697,19-09-30_YC017_probe1,302,Pk
59.94,0.014,7.009,0.531,29.059,19-09-30_YC017_probe1,35,Pk
108.73,0.009,7.276,0.414,38.592,19-09-30_YC017_probe1,37,Pk
41.48,0.02,6.998,0.678,48.862,19-09-30_YC017_probe1,381,Pk
63.57,0.013,6.882,0.383,21.252,19-09-30_YC017_probe1,393,Pk
36.88,0.023,6.674,0.323,11.029,19-09-30_YC017_probe1,529,Pk
69.5,0.012,6.9,0.5,29.653,19-09-30_YC017_probe1,596,Pk
69.72,0.012,6.686,0.496,29.695,19-09-30_YC017_probe1,600,Pk
60.91,0.015,7.215,0.597,46.141,19-09-30_YC017_probe1,605,Pk
127.66,0.007,7.031,0.282,18.672,19-09-30_YC017_probe1,652,Pk
44,0.019,7.028,0.61,29.544,19-09-30_YC017_probe1,666,Pk
156.41,0.005,6.702,0.355,34.048,19-09-30_YC017_probe1,670,Pk
89.66,0.01,7.053,0.455,32.056,19-09-30_YC017_probe1,74,Pk
172.32,0.005,6.562,0.334,34.031,19-09-30_YC017_probe1,745,Pk
64.05,0.011,6.212,0.516,29.67,19-09-30_YC017_probe1,773,Pk
139.15,0.006,6.566,0.443,46.463,19-09-30_YC017_probe1,844,Pk
51.75,0.015,6.883,0.555,27.176,19-09-30_YC017_probe1,889,Pk
73.18,0.012,7.048,0.443,25.55,19-09-30_YC017_probe1,950,Pk
60.09,0.015,6.82,0.304,10.061,19-09-30_YC018_probe1,226,Pk
67.19,0.013,6.543,0.456,21.742,19-09-30_YC018_probe1,232,Pk
74.18,0.012,7.024,0.287,11.471,19-09-30_YC018_probe1,241,Pk
84.39,0.011,7.134,0.26,11.057,19-09-30_YC018_probe1,242,Pk
89.49,0.01,6.83,0.333,17.901,19-09-30_YC018_probe1,249,Pk
74.6,0.012,7.015,0.321,14.143,19-09-30_YC018_probe1,251,Pk
116.54,0.008,6.982,0.207,9.426,19-09-30_YC018_probe1,252,Pk
70.55,0.013,6.915,0.393,19.241,19-09-30_YC018_probe1,254,Pk
50.12,0.017,6.745,0.38,12.667,19-09-30_YC018_probe1,256,Pk
48.65,0.018,6.813,0.594,27.153,19-09-30_YC018_probe1,281,Pk
8.55,0.104,7.268,0.395,3.573,19-09-30_YC018_probe1,53,Pk
126.24,0.007,6.714,0.242,13.831,19-09-30_YC018_probe1,725,Pk
111.68,0.008,6.873,0.238,12.542,19-09-30_YC018_probe1,728,Pk
166.01,0.005,6.711,0.207,13.401,19-09-30_YC018_probe1,729,Pk
138.52,0.007,6.855,0.199,11.16,19-09-30_YC018_probe1,730,Pk
24,0.04,6.632,0.193,1.823,19-09-30_YC018_probe1,735,Pk
232.05,0.004,6.043,0.065,2.251,19-09-30_YC018_probe1,85,Pk
159.56,0.006,6.59,0.139,5.879,19-09-30_YC018_probe1,94,Pk
86.06,0.013,6.492,0.711,49.972,19-10-01_YC017_probe1,151,Pk
156.75,0.005,6.418,0.294,26.313,19-10-01_YC017_probe1,156,Pk
127.27,0.007,7.008,0.329,24.633,19-10-01_YC017_probe1,161,Pk
23.67,0.038,6.997,0.313,5.206,19-10-01_YC017_probe1,175,Pk
34.14,0.025,6.791,0.37,11.495,19-10-01_YC017_probe1,186,Pk
52.66,0.016,6.623,0.482,22.279,19-10-01_YC017_probe1,192,Pk
18.8,0.043,6.391,0.375,6.802,19-10-01_YC017_probe1,204,Pk
48.8,0.019,6.6,0.516,24.299,19-10-01_YC017_probe1,238,Pk
29.74,0.03,7.06,0.44,10.622,19-10-01_YC017_probe1,49,Pk
69.47,0.013,7.127,0.46,27.908,19-10-01_YC017_probe1,58,Pk
59.53,0.015,7.002,0.564,30.996,19-10-01_YC017_probe1,60,Pk
79.67,0.012,7.203,0.437,29.414,19-10-01_YC017_probe1,62,Pk
85.89,0.009,6.847,0.652,65.735,19-10-01_YC017_probe1,64,Pk
25.56,0.036,6.878,0.284,3.958,19-10-01_YC017_probe1,74,Pk
59.53,0.015,7.274,0.621,50.609,19-10-01_YC017_probe1,83,Pk
81.61,0.01,6.667,0.5,29.964,19-10-02_YC019_probe1,19,Pk
62.14,0.015,7.026,0.402,18.815,19-10-02_YC019_probe1,23,Pk
160.31,0.005,6.853,0.439,50.857,19-10-02_YC019_probe1,26,Pk
172.02,0.005,7.043,0.456,58.063,19-10-02_YC019_probe1,27,Pk
53.01,0.016,6.908,0.671,49.186,19-10-02_YC019_probe1,28,Pk
73,0.012,6.985,0.393,21.435,19-10-02_YC019_probe1,29,Pk
102.02,0.01,7.301,0.178,6.313,19-10-02_YC019_probe1,3,Pk
89.48,0.01,7.117,0.474,38.503,19-10-02_YC019_probe1,30,Pk
60.56,0.015,7.245,0.384,16.981,19-10-02_YC019_probe1,32,Pk
68.37,0.012,7.037,0.642,51.848,19-10-02_YC019_probe1,37,Pk
43.44,0.021,7.143,0.429,17.819,19-10-02_YC019_probe1,47,Pk
89.27,0.011,7.241,0.361,21.044,19-10-02_YC019_probe1,6,Pk
117.65,0.008,7.313,0.198,8.944,19-10-02_YC019_probe1,8,Pk
141.82,0.007,7.061,0.27,18.517,19-10-02_YC019_probe1,86,Pk
74.86,0.013,7.203,0.357,18.197,19-10-02_YC020_probe1,19,Pk
75.69,0.011,6.83,0.644,68.43,19-10-02_YC020_probe1,23,Pk
41.18,0.021,6.142,0.322,7.97,19-10-02_YC020_probe1,85,Pk
57.79,0.016,6.894,0.406,22.073,19-10-02_YC020_probe1,88,Pk
37.08,0.024,6.986,0.392,10.146,19-10-02_YC020_probe1,97,Pk
215.09,0.004,6.684,0.192,15.207,19-10-03_YC019_probe1,106,Pk
139.27,0.006,6.416,0.377,34.568,19-10-03_YC019_probe1,121,Pk
138.72,0.005,6.299,0.424,42.669,19-10-03_YC019_probe1,131,Pk
77.1,0.012,6.89,0.349,16.844,19-10-03_YC019_probe1,136,Pk
12.24,0.064,6.721,0.361,3.8,19-10-03_YC019_probe1,14,Pk
182.66,0.004,6.258,0.369,45.485,19-10-03_YC019_probe1,142,Pk
139.53,0.007,6.933,0.255,16.886,19-10-03_YC019_probe1,148,Pk
200.59,0.004,6.279,0.218,18.988,19-10-03_YC019_probe1,162,Pk
100.32,0.009,7.109,0.326,19.278,19-10-03_YC019_probe1,172,Pk
93.54,0.009,6.725,0.402,26.278,19-10-03_YC019_probe1,175,Pk
76.49,0.011,6.826,0.506,33.225,19-10-03_YC019_probe1,176,Pk
153.97,0.005,5.653,0.333,33.295,19-10-03_YC019_probe1,180,Pk
72.16,0.011,6.85,0.538,35.737,19-10-03_YC019_probe1,183,Pk
46.97,0.021,7.192,0.286,8.259,19-10-03_YC019_probe1,2,Pk
64.32,0.014,7.017,0.55,36.93,19-10-03_YC019_probe1,28,Pk
32.24,0.031,7.334,0.177,1.987,19-10-03_YC019_probe1,3,Pk
10.81,0.074,6.819,0.412,3.889,19-10-03_YC019_probe1,304,Pk
164.96,0.005,6.735,0.293,25.521,19-10-03_YC019_probe1,329,Pk
85.94,0.01,6.973,0.577,51.923,19-10-03_YC019_probe1,33,Pk
144.39,0.005,6.382,0.534,65.026,19-10-03_YC019_probe1,330,Pk
90.9,0.009,6.913,0.435,28.796,19-10-03_YC019_probe1,331,Pk
119,0.008,7.216,0.528,63.152,19-10-03_YC019_probe1,39,Pk
71.78,0.012,7.036,0.514,34.281,19-10-03_YC019_probe1,41,Pk
188.04,0.005,6.344,0.233,19.065,19-10-03_YC019_probe1,68,Pk
114.27,0.007,6.887,0.442,37.598,19-10-03_YC019_probe1,69,Pk
81.01,0.01,6.967,0.467,30.318,19-10-03_YC019_probe1,71,Pk
144.24,0.006,6.552,0.363,32.97,19-10-03_YC019_probe1,72,Pk
135.47,0.007,7.056,0.299,21.412,19-10-03_YC019_probe1,73,Pk
80.69,0.012,7.22,0.36,18.767,19-10-03_YC019_probe1,81,Pk
54.48,0.015,6.947,0.579,30.739,19-10-03_YC019_probe1,86,Pk
88.13,0.011,7.184,0.306,15.019,19-10-03_YC019_probe1,89,Pk
93.99,0.008,6.736,0.498,39.279,19-10-03_YC019_probe1,97,Pk
157.08,0.005,6.34,0.297,25.7,19-10-03_YC020_probe1,104,Pk
78.43,0.011,7.048,0.554,47.717,19-10-03_YC020_probe1,11,Pk
61.04,0.014,6.937,0.573,35.232,19-10-03_YC020_probe1,12,Pk
101.93,0.009,6.864,0.326,18.838,19-10-03_YC020_probe1,121,Pk
89.95,0.01,7.062,0.476,38.346,19-10-03_YC020_probe1,13,Pk
84.4,0.011,6.468,0.328,17.713,19-10-03_YC020_probe1,144,Pk
102.17,0.008,6.191,0.35,22.367,19-10-03_YC020_probe1,157,Pk
118.09,0.008,7.17,0.519,59.63,19-10-03_YC020_probe1,16,Pk
173.8,0.005,6.351,0.448,49.426,19-10-03_YC020_probe1,169,Pk
111.92,0.008,6.744,0.287,16.823,19-10-03_YC020_probe1,180,Pk
65.2,0.014,6.833,0.652,43.908,19-10-03_YC020_probe1,19,Pk
88.56,0.01,6.394,0.477,36.334,19-10-03_YC020_probe1,20,Pk
68.46,0.012,6,0.443,26.348,19-10-03_YC020_probe1,206,Pk
85.92,0.009,6.846,0.446,30.918,19-10-03_YC020_probe1,278,Pk
83.66,0.011,6.137,0.492,27.106,19-10-03_YC020_probe1,280,Pk
58.57,0.015,7.005,0.426,19.922,19-10-03_YC020_probe1,3,Pk
77.74,0.012,7.127,0.437,29.152,19-10-03_YC020_probe1,6,Pk
80.49,0.013,6.779,0.605,38.32,19-10-03_YC020_probe1,65,Pk
80.03,0.011,7.094,0.455,32.143,19-10-03_YC020_probe1,7,Pk
120.31,0.007,6.535,0.348,25.655,19-10-03_YC020_probe1,71,Pk
115.97,0.008,7.207,0.311,19.652,19-10-03_YC020_probe1,75,Pk
119,0.008,7.081,0.237,12.458,19-10-03_YC020_probe1,81,Pk
53.28,0.018,6.839,0.315,12.444,19-10-03_YC020_probe1,94,Pk
94.67,0.01,7.034,0.248,10.988,19-10-22_YC022_probe1,101,Pk
142.29,0.007,6.955,0.222,12.956,19-10-22_YC022_probe1,140,Pk
152.29,0.005,6.313,0.257,21.014,19-10-22_YC022_probe1,19,Pk
90.85,0.01,7.011,0.346,19.639,19-10-22_YC022_probe1,200,Pk
135.06,0.007,6.888,0.294,20.241,19-10-22_YC022_probe1,210,Pk
90.91,0.01,6.953,0.358,20.752,19-10-22_YC022_probe1,219,Pk
140.9,0.006,5.702,0.231,16.834,19-10-22_YC022_probe1,227,Pk
118.55,0.007,6.334,0.404,33.979,19-10-22_YC022_probe1,25,Pk
98.89,0.009,6.369,0.29,15.977,19-10-22_YC022_probe1,261,Pk
93.34,0.008,6.734,0.509,41.304,19-10-22_YC022_probe1,270,Pk
204.18,0.004,5.71,0.317,43.882,19-10-22_YC022_probe1,276,Pk
130.12,0.007,6.82,0.271,18.09,19-10-22_YC022_probe1,29,Pk
219.56,0.004,5.201,0.162,16.005,19-10-22_YC022_probe1,290,Pk
103.48,0.01,6.981,0.288,14.847,19-10-22_YC022_probe1,319,Pk
163.21,0.005,6.172,0.222,16.827,19-10-22_YC022_probe1,368,Pk
140.46,0.007,6.82,0.259,17.483,19-10-22_YC022_probe1,37,Pk
187.62,0.005,6.526,0.17,11.573,19-10-22_YC022_probe1,373,Pk
124.1,0.007,6.731,0.299,20.271,19-10-22_YC022_probe1,398,Pk
131.71,0.007,6.968,0.288,20.603,19-10-22_YC022_probe1,4,Pk
140.09,0.006,6.547,0.249,16.985,19-10-22_YC022_probe1,403,Pk
72.14,0.011,6.865,0.543,35.825,19-10-22_YC022_probe1,444,Pk
15.79,0.058,7.066,0.367,3.984,19-10-22_YC022_probe1,450,Pk
40.42,0.022,6.849,0.689,30.037,19-10-22_YC022_probe1,451,Pk
52.93,0.019,6.532,0.193,8.025,19-10-22_YC022_probe1,553,Pk
194.82,0.005,6.602,0.17,13.548,19-10-22_YC022_probe1,57,Pk
140.94,0.006,6.73,0.358,31.419,19-10-22_YC022_probe1,61,Pk
142.44,0.006,6.903,0.269,19.672,19-10-22_YC022_probe1,66,Pk
61.67,0.012,6.632,0.606,38.613,19-10-22_YC022_probe1,718,Pk
135.77,0.007,6.891,0.299,21.536,19-10-22_YC022_probe1,796,Pk
80.32,0.011,6.906,0.437,26.558,19-10-22_YC022_probe1,802,Pk
145.34,0.006,6.124,0.332,31.358,19-10-22_YC022_probe1,819,Pk
98.27,0.009,6.913,0.417,29.241,19-10-22_YC022_probe1,831,Pk
102.64,0.008,6.696,0.354,22.84,19-10-22_YC022_probe1,833,Pk
164.77,0.005,6.128,0.284,27.416,19-10-22_YC022_probe1,839,Pk
107.85,0.009,6.851,0.23,10.801,19-10-22_YC022_probe1,84,Pk
73.09,0.012,6.852,0.397,19.797,19-10-22_YC022_probe1,841,Pk
143.49,0.005,4.968,0.313,28.979,19-10-22_YC022_probe1,842,Pk
58.2,0.016,7.261,0.467,24.499,19-10-22_YC022_probe1,971,Pk
51.1,0.018,6.397,0.226,6.719,19-10-23_YC022_probe1,140,Pk
32.56,0.03,6.621,0.312,11.974,19-10-23_YC022_probe1,141,Pk
36.64,0.028,6.757,0.243,9.532,19-10-23_YC022_probe1,142,Pk
48.68,0.021,6.598,0.269,16.694,19-10-23_YC022_probe1,253,Pk
98.88,0.008,6.73,0.469,37.159,19-10-23_YC022_probe1,277,Pk
116.13,0.006,5.906,0.488,48.445,19-10-23_YC022_probe1,278,Pk
80.69,0.01,6.812,0.538,39.774,19-10-23_YC022_probe1,280,Pk
101.91,0.008,6.425,0.566,51.876,19-10-23_YC022_probe1,284,Pk
49.96,0.019,7.09,0.387,14.145,19-10-23_YC022_probe1,48,Pk
53.91,0.017,7.181,0.389,15.945,19-10-23_YC022_probe1,53,Pk
76.23,0.013,7.286,0.342,17.694,19-10-23_YC022_probe1,59,Pk
170.92,0.005,6.566,0.27,22.582,19-10-23_YC022_probe1,67,Pk
145.67,0.006,6.656,0.295,22.791,19-10-23_YC022_probe1,71,Pk
93.96,0.01,6.915,0.312,16.251,19-11-08_YC038_probe2,197,Pk
78.53,0.012,7.045,0.233,7.915,19-11-08_YC038_probe2,209,Pk
68,0.015,7.295,0.211,6.111,19-11-08_YC038_probe2,217,Pk
72.65,0.013,7.207,0.325,13.966,19-11-08_YC038_probe2,220,Pk
47.88,0.019,6.807,0.328,9.446,19-11-08_YC038_probe2,263,Pk
119.95,0.008,6.798,0.266,15.427,19-11-08_YC038_probe2,470,Pk
80.26,0.012,6.992,0.187,5.522,19-11-08_YC038_probe2,478,Pk
46.17,0.018,6.427,0.637,32.529,19-11-05_YC037_probe1,121,Pk
41.55,0.021,6.986,0.564,23.447,19-11-05_YC037_probe1,15,Pk
160.31,0.006,6.017,0.324,26.647,19-11-05_YC037_probe1,175,Pk
39.08,0.021,6.691,0.56,23.803,19-11-05_YC037_probe1,18,Pk
71.2,0.012,7.001,0.512,36.499,19-11-05_YC037_probe1,19,Pk
97.6,0.01,7.174,0.367,24.646,19-11-05_YC037_probe1,191,Pk
77.24,0.012,7.066,0.42,25.166,19-11-05_YC037_probe1,20,Pk
102.86,0.009,7.16,0.406,30.928,19-11-05_YC037_probe1,21,Pk
86.38,0.011,6.702,0.512,30.619,19-11-05_YC037_probe1,218,Pk
66.16,0.014,7.165,0.374,17.362,19-11-05_YC037_probe1,23,Pk
44.85,0.019,7.011,0.527,22.304,19-11-05_YC037_probe1,28,Pk
57.26,0.016,6.672,0.423,16.449,19-11-05_YC037_probe1,31,Pk
10.25,0.081,6.898,0.474,4.424,19-11-05_YC037_probe1,314,Pk
41.46,0.021,6.655,0.493,19.865,19-11-05_YC037_probe1,346,Pk
74.09,0.013,6.062,0.313,12.576,19-11-05_YC037_probe1,36,Pk
76.4,0.013,7.293,0.265,10.175,19-11-05_YC037_probe1,376,Pk
73.42,0.013,7.304,0.315,14.909,19-11-05_YC037_probe1,445,Pk
98.78,0.009,7.172,0.406,30.89,19-11-05_YC037_probe1,48,Pk
46.33,0.018,6.764,0.54,23.969,19-11-05_YC037_probe1,549,Pk
54.08,0.016,6.919,0.495,23.536,19-11-05_YC037_probe1,622,Pk
86.56,0.013,6.826,0.749,63.861,19-11-05_YC037_probe1,81,Pk
46.34,0.019,6.992,0.586,34.45,19-11-05_YC037_probe1,92,Pk
66.78,0.014,7.171,0.331,13.554,19-11-05_YC036_probe1,213,Pk
132.23,0.007,5.23,0.112,5.558,19-11-05_YC036_probe1,361,Pk
38.61,0.022,7.099,0.608,27.813,19-11-05_YC036_probe1,60,Pk
67.84,0.013,7.07,0.508,33.064,19-11-05_YC036_probe1,93,Pk
46.54,0.017,6.986,0.613,32.616,19-11-04_YC037_probe1,10,Pk
129.19,0.006,6.449,0.323,24,19-11-04_YC037_probe1,115,Pk
157.61,0.006,6.57,0.18,9.928,19-11-04_YC037_probe1,123,Pk
62.6,0.015,7.074,0.407,18.44,19-11-04_YC037_probe1,128,Pk
85.04,0.01,7.029,0.429,26.882,19-11-04_YC037_probe1,133,Pk
71.16,0.012,7.02,0.46,25.711,19-11-04_YC037_probe1,142,Pk
196.82,0.005,6.679,0.147,8.37,19-11-04_YC037_probe1,144,Pk
68.53,0.013,7.012,0.398,19.382,19-11-04_YC037_probe1,15,Pk
92.8,0.01,7.076,0.272,12.223,19-11-04_YC037_probe1,150,Pk
96.01,0.009,6.925,0.334,18.802,19-11-04_YC037_probe1,154,Pk
140.67,0.007,6.921,0.194,9.898,19-11-04_YC037_probe1,157,Pk
51.3,0.018,7.186,0.354,12.068,19-11-04_YC037_probe1,167,Pk
21.63,0.043,7.066,0.34,4.723,19-11-04_YC037_probe1,191,Pk
22.85,0.043,7.048,0.217,2.061,19-11-04_YC037_probe1,192,Pk
83.57,0.011,6.08,0.5,30.427,19-11-04_YC037_probe1,32,Pk
68.75,0.014,6.679,0.43,20.933,19-11-04_YC037_probe1,40,Pk
52.77,0.017,6.986,0.522,27.511,19-11-04_YC037_probe1,46,Pk
112.01,0.007,6.879,0.689,98.142,19-11-04_YC037_probe1,7,Pk
99.32,0.008,6.625,0.437,32.415,19-11-04_YC037_probe1,85,Pk
120.61,0.008,5.679,0.305,22.953,19-11-04_YC037_probe1,89,Pk
111.33,0.008,6.73,0.562,66.506,19-11-04_YC037_probe1,9,Pk
180.67,0.005,6.511,0.238,19.17,19-11-04_YC037_probe1,98,Pk
60.73,0.015,6.338,0.551,31.521,19-11-04_YC036_probe1,162,Pk
68.25,0.014,6.683,0.282,10.334,19-11-04_YC036_probe1,178,Pk
79.39,0.012,7.118,0.368,19.448,19-11-04_YC036_probe1,280,Pk
95.26,0.01,7.175,0.367,23.361,19-11-04_YC036_probe1,29,Pk
69.86,0.014,5.831,0.357,15.966,19-11-04_YC036_probe1,51,Pk
90.76,0.01,6.411,0.411,26.606,19-11-04_YC036_probe1,8,Pk
155.13,0.006,6.431,0.217,14.465,19-11-11_YC040_probe1,113,Pk
170.71,0.005,5.07,0.232,18.008,19-11-11_YC040_probe1,120,Pk
163.23,0.005,5.307,0.249,21.506,19-11-11_YC040_probe1,132,Pk
79.33,0.011,6.927,0.421,27.138,19-11-11_YC040_probe1,134,Pk
171.96,0.005,5.681,0.316,33.362,19-11-11_YC040_probe1,156,Pk
189.75,0.005,5.271,0.158,10.729,19-11-11_YC040_probe1,162,Pk
115.19,0.007,6.462,0.309,20.084,19-11-11_YC040_probe1,173,Pk
68.32,0.01,6.118,0.668,55.091,19-11-11_YC040_probe1,192,Pk
155.27,0.005,5.22,0.263,21.116,19-11-11_YC040_probe1,224,Pk
87.9,0.01,6.396,0.359,21.165,19-11-11_YC040_probe1,241,Pk
98.82,0.008,6.541,0.539,47.691,19-11-11_YC040_probe1,47,Pk
54.12,0.016,7.016,0.538,27.974,19-11-11_YC040_probe1,51,Pk
165.74,0.005,5.759,0.317,31.322,19-11-11_YC040_probe1,81,Pk
1.37,0.632,7.245,0.909,3.751,18-08-30_YC001_probe1,129,CS
1.53,0.562,7.223,0.823,2.824,18-08-30_YC001_probe1,130,CS
1.43,0.614,7.245,0.819,2.626,18-08-30_YC001_probe1,133,CS
1.38,0.634,7.273,0.81,2.528,18-08-30_YC001_probe1,135,CS
1.64,0.545,7.263,0.801,2.81,18-08-30_YC001_probe1,137,CS
1.49,0.565,7.184,0.868,3.287,18-08-30_YC001_probe1,139,CS
1.65,0.524,7.216,0.81,2.842,18-08-30_YC001_probe1,149,CS
1.4,0.625,7.216,0.812,2.567,18-08-30_YC001_probe1,154,CS
1.2,0.723,7.175,0.796,2.185,18-08-30_YC001_probe1,156,CS
1.46,0.598,7.26,0.778,2.447,18-08-30_YC001_probe1,158,CS
1.3,0.686,7.266,0.81,2.385,18-08-30_YC001_probe1,162,CS
1.41,0.614,7.192,0.813,2.637,18-08-30_YC001_probe1,163,CS
0.81,0.771,5.924,0.893,2.474,18-08-30_YC001_probe1,193,CS
1.22,0.7,7.212,0.832,2.401,18-08-30_YC001_probe1,20,CS
1.49,0.577,7.221,0.774,2.4,18-08-30_YC001_probe1,230,CS
1.92,0.446,7.176,0.756,2.77,18-08-30_YC001_probe1,233,CS
1.47,0.595,7.23,0.742,2.161,18-08-30_YC001_probe1,234,CS
1.08,0.786,7.111,0.782,1.889,18-08-30_YC001_probe1,235,CS
1.41,0.613,7.211,0.756,2.144,18-08-30_YC001_probe1,238,CS
1.58,0.513,7.111,0.797,2.637,18-08-30_YC001_probe1,239,CS
1.54,0.544,7.204,0.77,2.33,18-08-30_YC001_probe1,240,CS
1.23,0.699,7.153,0.768,2.019,18-08-30_YC001_probe1,242,CS
1.11,0.778,7.157,0.783,1.959,18-08-30_YC001_probe1,245,CS
1.43,0.6,7.239,0.822,2.571,18-08-30_YC001_probe1,254,CS
1.21,0.703,7.122,0.746,1.891,18-08-30_YC001_probe1,256,CS
1.47,0.577,7.113,0.826,2.7,18-08-30_YC001_probe1,26,CS
1.43,0.603,7.231,0.772,2.292,18-08-30_YC001_probe1,261,CS
1.02,0.832,7.179,0.829,2.07,18-08-30_YC001_probe1,27,CS
0.4,1.622,5.538,0.981,1.795,18-08-30_YC001_probe1,44,CS
1.49,0.559,7.1,0.782,2.428,18-08-30_YC001_probe1,465,CS
1.33,0.657,7.256,0.822,2.542,18-08-30_YC001_probe1,494,CS
1.3,0.656,7.167,0.768,2.163,18-08-30_YC001_probe1,69,CS
1.02,0.867,7.202,0.845,2.501,18-08-30_YC001_probe1,71,CS
1.5,0.579,7.187,0.82,2.781,18-08-30_YC001_probe1,82,CS
1.6,0.538,7.208,0.779,2.589,18-08-30_YC001_probe1,86,CS
1.34,0.633,7.084,0.805,2.328,18-08-30_YC001_probe1,89,CS
1.61,0.525,7.147,0.814,2.808,18-08-30_YC001_probe1,93,CS
0.35,1.801,5.281,0.983,2.709,18-08-30_YC002_probe1,21,CS
1.37,0.661,7.206,0.599,1.329,18-08-30_YC002_probe1,272,CS
1.75,0.505,7.254,0.722,2.253,18-08-30_YC002_probe1,275,CS
1.94,0.458,7.23,0.719,2.439,18-08-30_YC002_probe1,39,CS
1.6,0.561,7.237,0.708,2.041,18-08-30_YC002_probe1,41,CS
2.13,0.419,7.22,0.698,2.485,18-08-30_YC002_probe1,51,CS
2,0.446,7.223,0.716,2.434,18-08-30_YC002_probe1,59,CS
1.63,0.552,7.233,0.754,2.483,18-08-30_YC002_probe1,60,CS
1.46,0.583,7.183,0.787,2.441,18-08-31_YC003_probe1,122,CS
1.77,0.504,7.286,0.786,2.834,18-08-31_YC003_probe1,124,CS
1.7,0.489,7.2,0.819,2.957,18-08-31_YC003_probe1,127,CS
1.44,0.636,7.291,0.771,2.325,18-08-31_YC003_probe1,133,CS
1.65,0.54,7.304,0.757,2.483,18-08-31_YC003_probe1,134,CS
1.84,0.479,7.269,0.746,2.658,18-08-31_YC003_probe1,135,CS
1.52,0.578,7.225,0.806,2.62,18-08-31_YC003_probe1,137,CS
1.03,0.898,7.342,0.739,1.752,18-08-31_YC003_probe1,139,CS
1.49,0.578,7.196,0.77,2.402,18-08-31_YC003_probe1,187,CS
0.87,0.857,4.882,1.122,3.226,18-08-31_YC003_probe1,224,CS
1.83,0.438,7.077,0.791,2.942,18-08-31_YC003_probe1,232,CS
1.4,0.605,7.151,0.771,2.273,18-08-31_YC003_probe1,277,CS
0.38,1.868,6.013,1.182,4.614,18-08-31_YC003_probe1,343,CS
0.94,0.796,6.655,0.976,3.658,18-08-31_YC003_probe1,355,CS
1,0.841,7.112,0.837,2.191,18-08-31_YC003_probe1,381,CS
0.74,0.857,6.408,1.1,4.8,18-08-31_YC003_probe1,457,CS
1.17,0.76,7.194,0.769,2.106,18-08-31_YC003_probe1,560,CS
0.5,1.132,5.753,1.012,3.726,18-08-31_YC004_probe1,102,CS
0.85,0.848,5.723,1.06,6.368,18-08-31_YC004_probe1,28,CS
0.48,1.736,4.107,0.896,1.937,18-08-31_YC004_probe1,63,CS
1.3,0.629,7.096,0.797,2.346,18-08-31_YC004_probe1,90,CS
1.02,0.878,7.045,0.815,1.998,18-08-31_YC004_probe1,92,CS
1.22,0.721,7.24,0.774,2.141,18-09-03_YC005_probe1,115,CS
1.58,0.552,7.185,0.783,2.643,18-09-03_YC005_probe1,117,CS
1.28,0.66,7.167,0.842,2.704,18-09-03_YC005_probe1,120,CS
1.32,0.677,7.212,0.786,2.26,18-09-03_YC005_probe1,121,CS
1.29,0.681,7.156,0.821,2.436,18-09-03_YC005_probe1,123,CS
1.07,0.81,7.177,0.827,2.198,18-09-03_YC005_probe1,126,CS
1.45,0.568,7.036,0.854,3.189,18-09-03_YC005_probe1,169,CS
1.3,0.699,7.245,0.767,2.191,18-09-03_YC005_probe1,36,CS
1.44,0.628,7.272,0.792,2.466,18-09-03_YC005_probe1,67,CS
1.45,0.635,7.357,0.752,2.249,18-09-03_YC005_probe1,68,CS
1.47,0.604,7.244,0.767,2.331,18-09-03_YC005_probe1,70,CS
1.48,0.611,7.316,0.744,2.237,18-09-03_YC005_probe1,71,CS
1.7,0.517,7.285,0.767,2.539,18-09-03_YC005_probe1,73,CS
1.41,0.63,7.29,0.769,2.254,18-09-03_YC005_probe1,77,CS
1.03,0.784,5.585,0.921,4.294,18-09-03_YC005_probe1,78,CS
1.38,0.667,7.348,0.697,1.927,18-09-03_YC005_probe1,79,CS
1.43,0.586,7.205,0.856,3.589,18-09-03_YC005_probe1,80,CS
1.52,0.569,7.272,0.799,2.522,18-09-03_YC005_probe1,81,CS
1.16,0.811,7.252,0.75,1.944,18-09-03_YC005_probe1,84,CS
1.08,0.806,7.224,0.822,2.251,18-09-03_YC005_probe1,93,CS
1.57,0.543,7.17,0.766,2.415,18-09-03_YC005_probe1,96,CS
0.79,0.767,5.204,1.007,3.742,18-09-03_YC006_probe1,258,CS
0.74,1.178,7.031,0.858,1.998,18-12-13_YC008_probe1,25,CS
0.97,0.796,5.999,0.824,2.445,18-12-13_YC008_probe1,366,CS
1.06,0.837,7.261,0.686,1.394,18-12-13_YC008_probe1,445,CS
0.23,2.922,4.591,0.835,1.06,18-12-13_YC008_probe1,447,CS
0.72,1.295,7.192,0.882,1.84,18-12-13_YC008_probe1,5,CS
0.54,1.729,7.133,0.9,1.671,18-12-13_YC008_probe1,7,CS
0.25,2.635,4.364,0.936,1.775,18-12-17_YC009_probe1,102,CS
1.35,0.62,7.163,0.809,2.563,18-12-17_YC009_probe1,131,CS
0.54,1.067,4.757,0.968,3.299,18-12-17_YC009_probe1,354,CS
1.2,0.753,7.182,0.772,2.159,18-12-17_YC009_probe1,45,CS
1.26,0.655,7.009,0.81,2.346,18-12-17_YC009_probe1,48,CS
1.44,0.599,7.229,0.778,2.353,18-12-17_YC009_probe1,61,CS
1.39,0.617,7.234,0.793,2.384,18-12-17_YC009_probe1,85,CS
1.43,0.616,7.268,0.789,2.473,18-12-17_YC009_probe1,86,CS
1.6,0.555,7.237,0.768,2.482,19-01-16_YC011_probe1,69,CS
1.5,0.582,7.242,0.769,2.413,19-01-16_YC011_probe1,81,CS
1.95,0.449,7.291,0.787,2.993,19-01-16_YC011_probe1,83,CS
1.23,0.697,7.205,0.764,2.158,19-01-16_YC011_probe1,93,CS
1.6,0.572,7.265,0.707,2.36,19-01-24_YC013_probe1,1324,CS
1.11,0.721,6.802,0.684,1.634,19-01-24_YC013_probe1,14,CS
1.34,0.675,7.275,0.704,1.841,19-01-24_YC013_probe1,6,CS
2.24,0.413,7.332,0.626,2.284,19-01-24_YC013_probe1,654,CS
1.65,0.532,7.071,0.827,4.903,19-01-24_YC013_probe1,684,CS
2.16,0.42,7.329,0.656,2.606,19-01-24_YC013_probe1,797,CS
1.78,0.507,7.3,0.698,2.668,19-01-24_YC013_probe1,814,CS
1.28,0.674,7.184,0.851,2.639,19-08-14_YC015_probe1,425,CS
0.85,0.964,7.072,0.868,2.108,19-08-14_YC015_probe1,427,CS
0.98,0.895,7.191,0.776,1.839,19-08-14_YC015_probe1,536,CS
1.32,0.623,7.106,0.904,3.19,19-08-14_YC015_probe2,865,CS
0.98,0.826,6.969,0.822,2.086,19-08-14_YC015_probe2,887,CS
0.91,0.839,6.971,0.94,2.819,19-08-14_YC015_probe2,905,CS
1.88,0.477,7.275,0.738,2.523,19-08-14_YC016_probe1,104,CS
0.68,1.192,7.169,0.864,1.927,19-08-14_YC016_probe1,1047,CS
1.82,0.492,7.26,0.769,2.738,19-08-14_YC016_probe1,127,CS
1.88,0.485,7.256,0.757,2.744,19-08-14_YC016_probe1,3,CS
1.52,0.581,7.235,0.773,2.366,19-08-14_YC016_probe1,85,CS
1.74,0.512,7.225,0.775,2.657,19-08-14_YC016_probe1,9,CS
1.76,0.508,7.301,0.768,2.598,19-08-14_YC016_probe1,977,CS
1.58,0.56,7.219,0.781,2.664,19-09-30_YC017_probe1,141,CS
1.4,0.592,7.079,0.869,2.944,19-09-30_YC017_probe1,186,CS
1.48,0.604,7.19,0.77,2.365,19-09-30_YC017_probe1,305,CS
1.2,0.686,7.014,0.836,2.443,19-09-30_YC017_probe1,539,CS
1.56,0.565,7.233,0.78,2.436,19-09-30_YC018_probe1,20,CS
1.39,0.635,7.045,0.798,2.245,19-09-30_YC018_probe1,22,CS
1.08,0.766,7.108,0.908,2.915,19-09-30_YC018_probe1,400,CS
1.15,0.765,7.133,0.874,3.309,19-09-30_YC018_probe1,472,CS
1.23,0.709,7.176,0.779,2.099,19-09-30_YC018_probe1,6,CS
1.02,0.799,7.03,0.843,2.414,19-10-22_YC022_probe1,203,CS
0.46,1.474,6.308,1.121,3.55,19-10-22_YC022_probe1,949,CS
0.33,1.911,6.354,0.974,1.951,19-10-23_YC022_probe1,241,CS
0.54,1.055,6.233,0.996,2.871,19-11-05_YC037_probe1,30,CS
0.56,0.727,5.115,1.048,5.37,19-11-05_YC037_probe1,586,CS
0.71,0.931,5.834,1.033,4.224,19-11-05_YC037_probe1,588,CS
1.16,0.697,6.979,0.827,2.276,19-11-04_YC037_probe1,126,CS
13.35,3.92,2.807,0.731,0.616,19-11-04_YC036_probe1,63,CS
0.58,0.996,6.273,1.038,3.378,19-11-04_YC036_probe1,64,CS
0.05,1.011,5.024,0.956,2.561,19-11-04_YC036_probe1,86,CS
0.27,0.986,3.859,1.095,2.794,19-11-11_YC040_probe1,25,CS
1.44,0.58,7.16,0.91,4.457,18-08-31_YC003_probe1,246,CS
14.92,0.058,7.11,0.543,9.805,18-08-30_YC001_probe1,115,MLI
8.06,0.1,6.974,0.686,7.559,18-08-30_YC001_probe1,125,MLI
1.78,0.497,7.225,0.901,4.79,18-08-30_YC001_probe1,134,Gr
8.85,0.082,6.876,0.843,13.871,18-08-30_YC001_probe1,155,MLI
22.12,0.035,6.945,0.743,25.792,18-08-30_YC001_probe1,159,MLI
53.54,0.017,7.223,0.78,78.921,18-08-30_YC001_probe1,188,GoMF
13.45,0.064,6.446,0.434,4.762,18-08-30_YC001_probe1,189,MLI
10.02,0.067,6.553,0.648,10.408,18-08-30_YC001_probe1,190,MLI
7.67,0.085,6.399,0.903,19.027,18-08-30_YC001_probe1,194,MLI
1.55,0.459,6.02,0.855,3.288,18-08-30_YC001_probe1,195,Gr
11.5,0.031,5.746,1.129,44.549,18-08-30_YC001_probe1,198,GoMF
19.86,0.045,7.056,0.737,37.53,18-08-30_YC001_probe1,200,MLI
1.48,0.059,3.643,1.024,16.324,18-08-30_YC001_probe1,201,GoMF
2.93,0.201,6.342,0.837,6.863,18-08-30_YC001_probe1,204,Gr
24.44,0.029,6.495,0.68,33.107,18-08-30_YC001_probe1,205,MLI
6.17,0.113,6.537,0.701,6.992,18-08-30_YC001_probe1,206,MLI
27.64,0.026,6.758,0.681,31.789,18-08-30_YC001_probe1,209,MLI
14.95,0.046,6.3,1.04,54.981,18-08-30_YC001_probe1,221,GoMF
69.27,0.012,5.349,0.355,14.971,18-08-30_YC001_probe1,227,Unknown
0.72,0.697,4.75,0.772,3.562,18-08-30_YC001_probe1,24,Gr
23.35,0.033,6.899,0.62,16.726,18-08-30_YC001_probe1,241,MLI
14.97,0.049,6.624,0.738,17.273,18-08-30_YC001_probe1,258,MLI
93.24,0.007,5.304,0.466,34.026,18-08-30_YC001_probe1,267,Unknown
18.64,0.048,7.182,0.48,8.673,18-08-30_YC001_probe1,288,MLI
16,0.033,6.099,0.965,37.243,18-08-30_YC001_probe1,291,MLI
11.64,0.067,6.977,0.661,12.547,18-08-30_YC001_probe1,292,MLI
11.77,0.063,6.839,0.676,13.386,18-08-30_YC001_probe1,302,MLI
27.51,0.03,6.623,0.513,16.924,18-08-30_YC001_probe1,369,MLI
2.62,0.135,5.924,1.213,23.25,18-08-30_YC001_probe1,396,Gr
48.43,0.009,4.303,0.685,77.102,18-08-30_YC001_probe1,398,GoMF
15.01,0.055,7.053,0.505,8.559,18-08-30_YC001_probe1,399,MLI
24.47,0.037,7.173,0.579,16.792,18-08-30_YC001_probe1,45,MLI
12.06,0.068,6.948,0.61,8.421,18-08-30_YC001_probe1,46,MLI
7.33,0.055,5.999,1.076,27.626,18-08-30_YC001_probe1,48,MLI
10.27,0.065,6.867,0.838,17.094,18-08-30_YC001_probe1,70,MLI
11.47,0.065,7.006,0.778,13.986,18-08-30_YC001_probe1,76,MLI
16.92,0.044,6.767,0.728,19.012,18-08-30_YC001_probe1,78,MLI
15.15,0.046,6.763,0.702,15.846,18-08-30_YC001_probe1,99,MLI
2.21,0.152,5.2,1.1,17.934,18-08-30_YC002_probe1,10,Gr
4.51,0.12,6.048,0.79,26.107,18-08-30_YC002_probe1,103,MLI
25.25,0.027,6.425,0.761,39.484,18-08-30_YC002_probe1,106,MLI
4.58,0.15,6.738,0.853,9.388,18-08-30_YC002_probe1,12,MLI
9.31,0.089,7.029,0.596,6.381,18-08-30_YC002_probe1,123,MLI
7.35,0.101,6.486,0.676,8.197,18-08-30_YC002_probe1,129,MLI
11.26,0.075,6.811,0.763,16.099,18-08-30_YC002_probe1,140,MLI
15.77,0.047,6.782,0.95,40.301,18-08-30_YC002_probe1,144,MLI
21.15,0.029,6.298,0.687,23.013,18-08-30_YC002_probe1,147,MLI
6.44,0.064,5.247,0.832,12.822,18-08-30_YC002_probe1,149,GoMF
22.62,0.029,6.513,1.004,61.462,18-08-30_YC002_probe1,153,GoMF
7.81,0.08,6.145,0.758,10.724,18-08-30_YC002_probe1,157,MLI
10.73,0.045,6.361,0.923,33.882,18-08-30_YC002_probe1,158,MLI
31.52,0.023,6.71,0.778,41.08,18-08-30_YC002_probe1,16,MLI
7.3,0.134,6.517,0.879,10.124,18-08-30_YC002_probe1,163,MLI
11.81,0.063,6.626,0.834,23.021,18-08-30_YC002_probe1,169,MLI
16.54,0.021,5.566,1.01,57.429,18-08-30_YC002_probe1,170,GoMF
7.98,0.1,6.478,0.48,3.431,18-08-30_YC002_probe1,173,MLI
3.52,0.224,6.927,0.713,4.184,18-08-30_YC002_probe1,180,MLI
13.76,0.051,6.56,0.511,7.929,18-08-30_YC002_probe1,22,MLI
10.28,0.031,5.026,1.016,34.707,18-08-30_YC002_probe1,255,GoMF
27.72,0.031,6.977,0.532,14.185,18-08-30_YC002_probe1,26,MLI
4.78,0.151,6.796,0.772,6.325,18-08-30_YC002_probe1,330,MLI
30.79,0.026,7.003,0.768,49.832,18-08-30_YC002_probe1,35,MLI
12.05,0.066,7.043,0.614,10.603,18-08-30_YC002_probe1,36,MLI
77.28,0.008,5.101,0.402,22.992,18-08-30_YC002_probe1,37,Unknown
11.27,0.056,6.653,0.697,16.854,18-08-30_YC002_probe1,72,MLI
8.07,0.079,6.806,0.775,9.464,18-08-30_YC002_probe1,86,MLI
10.69,0.063,6.763,0.95,24.615,18-08-30_YC002_probe1,94,MLI
6.75,0.064,6.121,0.73,12.292,18-08-30_YC002_probe1,95,MLI
15.04,0.051,6.12,1.465,65.158,18-08-31_YC003_probe1,0,GoMF
17.63,0.049,7.041,0.572,15.594,18-08-31_YC003_probe1,101,MLI
3.91,0.117,6.072,0.989,15.58,18-08-31_YC003_probe1,132,MLI
11.85,0.022,3.429,0.644,14.609,18-08-31_YC003_probe1,152,GoMF
8.2,0.078,6.351,0.769,11.322,18-08-31_YC003_probe1,160,MLI
2.96,0.224,6.78,0.938,7.497,18-08-31_YC003_probe1,162,Gr
11.62,0.065,6.937,0.759,14.061,18-08-31_YC003_probe1,169,MLI
23.47,0.034,5.255,0.923,26.012,18-08-31_YC003_probe1,170,GoMF
2.07,0.104,6.241,0.857,10.877,18-08-31_YC003_probe1,173,MLI
17.6,0.048,6.556,0.577,13.036,18-08-31_YC003_probe1,175,MLI
15.79,0.037,6.554,0.981,40.142,18-08-31_YC003_probe1,181,MLI
77.85,0.008,5.419,0.394,22.482,18-08-31_YC003_probe1,184,Unknown
62.17,0.01,4.68,0.412,19.931,18-08-31_YC003_probe1,186,Unknown
14.93,0.039,6.495,0.926,33.433,18-08-31_YC003_probe1,189,MLI
9.5,0.074,6.7,0.87,26.206,18-08-31_YC003_probe1,190,MLI
73.25,0.008,5.337,0.533,35.364,18-08-31_YC003_probe1,194,Unknown
28.66,0.024,6.696,0.744,33.235,18-08-31_YC003_probe1,196,MLI
7.92,0.093,6.73,0.725,9.259,18-08-31_YC003_probe1,208,MLI
5.48,0.119,6.376,0.761,8.42,18-08-31_YC003_probe1,209,MLI
27.74,0.027,6.573,0.716,31.866,18-08-31_YC003_probe1,218,MLI
11.9,0.055,6.282,0.681,12.718,18-08-31_YC003_probe1,222,MLI
9.78,0.076,6.719,0.83,16.364,18-08-31_YC003_probe1,223,MLI
9.68,0.078,6.669,0.71,11.006,18-08-31_YC003_probe1,229,MLI
5.81,0.072,5.761,1.018,24.034,18-08-31_YC003_probe1,230,MLI
29.54,0.025,5.241,0.85,31.314,18-08-31_YC003_probe1,239,GoMF
35.03,0.013,4.666,0.709,36.991,18-08-31_YC003_probe1,295,GoMF
68.49,0.01,5.886,0.607,41.436,18-08-31_YC003_probe1,298,Unknown
18.69,0.02,4.383,0.663,22.486,18-08-31_YC003_probe1,300,GoMF
21.99,0.032,6.487,0.793,32.097,18-08-31_YC003_probe1,332,MLI
15.75,0.04,6.588,0.889,29.062,18-08-31_YC003_probe1,377,MLI
12.52,0.063,6.995,0.712,13.35,18-08-31_YC003_probe1,393,MLI
22.7,0.032,7.074,0.942,85.525,18-08-31_YC003_probe1,54,GoMF
10.42,0.042,5.192,0.785,18.967,18-08-31_YC003_probe1,58,MLI
14.3,0.047,6.742,0.876,26.951,18-08-31_YC003_probe1,641,MLI
21.17,0.042,6.747,0.56,12.649,18-08-31_YC003_probe1,78,MLI
23.88,0.036,6.871,0.494,10.503,18-08-31_YC003_probe1,80,MLI
22.28,0.023,5.919,0.844,42.077,18-08-31_YC003_probe1,81,MLI
37.11,0.014,5.21,0.822,94.357,18-08-31_YC003_probe1,92,GoMF
21.73,0.039,7.034,0.552,16.862,18-08-31_YC003_probe1,97,MLI
10.04,0.077,6.784,0.595,7.512,18-08-31_YC004_probe1,107,MLI
1.72,0.505,6.484,1.315,12.038,18-08-31_YC004_probe1,164,Gr
5.47,0.128,6.609,0.705,6.795,18-08-31_YC004_probe1,22,MLI
28.16,0.018,3.972,0.466,13.29,18-08-31_YC004_probe1,26,Unknown
2.17,0.233,5.889,0.837,4.542,18-08-31_YC004_probe1,65,Gr
8.39,0.087,6.658,0.66,7.277,18-08-31_YC004_probe1,69,MLI
5.82,0.134,6.817,0.63,5.064,18-08-31_YC004_probe1,73,MLI
16.21,0.022,5.08,1.013,79.179,18-08-31_YC004_probe1,74,GoMF
2.81,0.192,6.159,1.141,14.419,18-09-03_YC005_probe1,0,Gr
9.74,0.074,6.43,0.852,13.645,18-09-03_YC005_probe1,107,MLI
18.22,0.035,5.615,0.785,33.97,18-09-03_YC005_probe1,130,MLI
6.87,0.103,6.733,0.656,6.519,18-09-03_YC005_probe1,133,MLI
10.27,0.068,6.562,0.733,12.045,18-09-03_YC005_probe1,150,MLI
9.97,0.066,6.466,0.821,15.21,18-09-03_YC005_probe1,210,MLI
10.6,0.037,5.567,0.94,21.715,18-09-03_YC005_probe1,35,GoMF
25.82,0.016,3.332,0.485,16.565,18-09-03_YC005_probe1,37,Unknown
0.97,0.311,5.213,1.046,6.508,18-09-03_YC005_probe1,50,Gr
15.79,0.021,4.409,0.83,35.148,18-09-03_YC006_probe1,104,GoMF
90.49,0.005,3.515,0.234,11.765,18-09-03_YC006_probe1,119,Unknown
32.64,0.026,6.469,0.644,25.985,18-09-03_YC006_probe1,159,MLI
0.97,0.137,4.615,1.429,37.779,18-09-03_YC006_probe1,19,GoMF
0.94,0.142,4.686,1.456,36.285,18-09-03_YC006_probe1,20,GoMF
21.36,0.035,6.502,0.588,19.02,18-09-03_YC006_probe1,225,MLI
22.82,0.034,6.837,0.783,41.477,18-09-03_YC006_probe1,31,MLI
1.92,0.053,4.396,1.107,44.825,18-09-03_YC006_probe1,373,GoMF
22.2,0.029,6.791,0.823,35.292,18-09-03_YC006_probe1,388,MLI
10.07,0.08,6.726,1.143,41.19,18-09-03_YC006_probe1,41,GoMF
53.91,0.013,5.296,0.392,16.788,18-09-03_YC006_probe1,62,Unknown
4,0.126,5.177,0.78,6.437,18-09-03_YC006_probe1,66,GoMF
11.62,0.069,7.037,0.831,18.238,18-09-03_YC006_probe1,8,MLI
4.33,0.085,5.01,0.898,11.987,18-09-03_YC006_probe1,82,GoMF
4.13,0.087,4.765,0.915,12.278,18-09-03_YC006_probe1,83,GoMF
22.97,0.019,5.285,0.909,78.473,18-09-03_YC006_probe1,86,GoMF
47.32,0.015,6.261,0.774,55.197,18-09-03_YC006_probe1,98,MLI
15.85,0.053,6.773,0.776,19.295,19-12-13_YC007_probe1,84,MLI
5.2,0.161,6.461,0.433,2.201,18-12-13_YC008_probe1,120,MLI
9.05,0.067,6.338,1.212,48.132,18-12-13_YC008_probe1,134,GoMF
11.67,0.061,6.822,0.629,11.038,18-12-13_YC008_probe1,149,MLI
27.69,0.023,6.147,0.627,36.556,18-12-13_YC008_probe1,152,MLI
23.48,0.031,5.894,0.425,9.86,18-12-13_YC008_probe1,170,MLI
3.11,0.236,6.958,0.928,7.55,18-12-13_YC008_probe1,184,Gr
6.8,0.102,5.791,0.544,4.114,18-12-13_YC008_probe1,196,MLI
36.77,0.021,6.918,0.782,45.122,18-12-13_YC008_probe1,240,MLI
85.39,0.008,4.409,0.327,18.291,18-12-13_YC008_probe1,243,Unknown
43.73,0.012,5.147,0.748,81.585,18-12-13_YC008_probe1,244,GoMF
20.07,0.033,6.706,0.921,35.445,18-12-13_YC008_probe1,247,MLI
17.2,0.048,6.578,0.676,14.979,18-12-13_YC008_probe1,248,MLI
28.05,0.027,5.671,0.528,16.573,18-12-13_YC008_probe1,272,MLI
123.99,0.007,4.324,0.232,13.668,18-12-13_YC008_probe1,278,Unknown
12.86,0.072,7.183,0.494,5.912,18-12-13_YC008_probe1,28,MLI
4.97,0.109,5.97,0.89,10.937,18-12-13_YC008_probe1,30,MLI
24.12,0.032,6.905,0.751,27.829,18-12-13_YC008_probe1,329,MLI
28.5,0.025,6.709,0.714,31.33,18-12-13_YC008_probe1,344,MLI
4.46,0.137,5.957,0.669,5.247,18-12-13_YC008_probe1,376,MLI
10.39,0.035,5.656,1.011,48.606,18-12-13_YC008_probe1,42,GoMF
17.12,0.049,6.92,0.574,11.547,18-12-13_YC008_probe1,49,MLI
8.38,0.082,6.741,0.726,9.917,18-12-13_YC008_probe1,54,MLI
21.37,0.04,6.06,0.808,25.821,18-12-13_YC008_probe1,81,MLI
12.14,0.064,6.727,0.661,13.919,18-12-13_YC008_probe1,95,MLI
14.37,0.053,6.913,0.646,12.045,18-12-17_YC009_probe1,103,MLI
6.46,0.086,5.924,0.836,13.09,18-12-17_YC009_probe1,105,MLI
2.78,0.28,6.106,0.92,5.919,18-12-17_YC009_probe1,110,Gr
48.56,0.009,6.439,1.028,119.646,18-12-17_YC009_probe1,111,GoMF
39.52,0.012,5.661,0.703,52.958,18-12-17_YC009_probe1,113,MLI
13.36,0.059,5.917,0.71,12.953,18-12-17_YC009_probe1,124,MLI
0.25,0.265,5.668,0.94,6.258,18-12-17_YC009_probe1,126,Gr
46.67,0.019,6.635,0.748,40.489,18-12-17_YC009_probe1,127,MLI
4.52,0.138,6.567,0.985,13.349,18-12-17_YC009_probe1,129,MLI
14.37,0.051,6.671,0.694,15.221,18-12-17_YC009_probe1,13,MLI
15.57,0.041,6.691,0.928,32.905,18-12-17_YC009_probe1,139,MLI
7.43,0.096,5.965,0.68,8.465,18-12-17_YC009_probe1,14,MLI
16.8,0.038,6.603,0.694,22.265,18-12-17_YC009_probe1,17,MLI
19.56,0.037,6.831,0.822,28.834,18-12-17_YC009_probe1,180,MLI
30.34,0.025,6.323,0.574,19.03,18-12-17_YC009_probe1,215,MLI
40.1,0.012,4.654,0.592,41.023,18-12-17_YC009_probe1,22,Unknown
7.75,0.1,6.871,0.7,7.705,18-12-17_YC009_probe1,234,MLI
14.15,0.05,6.677,0.649,14.163,18-12-17_YC009_probe1,240,MLI
13.56,0.049,6.699,0.644,19.358,18-12-17_YC009_probe1,25,MLI
17.78,0.02,5.487,0.953,78.803,18-12-17_YC009_probe1,26,GoMF
11.83,0.053,6.463,0.657,11.657,18-12-17_YC009_probe1,272,MLI
17.83,0.038,6.638,0.99,51.314,18-12-17_YC009_probe1,280,GoMF
40.59,0.018,6.607,0.636,39.708,18-12-17_YC009_probe1,281,MLI
14.25,0.057,6.972,0.571,9.423,18-12-17_YC009_probe1,283,MLI
13.38,0.029,5.454,0.823,33.078,18-12-17_YC009_probe1,286,GoMF
2.98,0.2,6.406,0.947,9.678,18-12-17_YC009_probe1,287,Gr
30.63,0.021,6.194,0.68,37.495,18-12-17_YC009_probe1,288,MLI
7.09,0.079,6.485,0.751,12.44,18-12-17_YC009_probe1,29,MLI
17.22,0.047,6.82,0.567,11.248,18-12-17_YC009_probe1,290,MLI
60.42,0.021,5.615,0.742,31.263,18-12-17_YC009_probe1,311,Unknown
43.1,0.013,5.758,0.606,32.603,18-12-17_YC009_probe1,329,MLI
24.12,0.027,6.24,0.631,21.129,18-12-17_YC009_probe1,336,MLI
35.54,0.014,4.657,0.608,27.235,18-12-17_YC009_probe1,352,Unknown
14.14,0.029,4.677,0.758,28.202,18-12-17_YC009_probe1,364,GoMF
7.12,0.07,5.287,0.725,12.603,18-12-17_YC009_probe1,373,MLI
28.91,0.021,6.502,0.853,51.67,18-12-17_YC009_probe1,39,MLI
82.87,0.008,5.957,0.557,43.213,18-12-17_YC009_probe1,487,Unknown
87.92,0.008,4.499,0.456,31.333,18-12-17_YC009_probe1,501,Unknown
42.13,0.018,6.301,0.51,19.223,18-12-17_YC009_probe1,566,MLI
35.5,0.016,5.375,0.633,26.939,18-12-17_YC009_probe1,570,MLI
59.06,0.01,4.975,0.324,15.429,18-12-17_YC009_probe1,590,Unknown
25.51,0.025,6.617,0.826,41.146,18-12-17_YC009_probe1,594,MLI
28.23,0.026,6.756,0.687,30.531,18-12-17_YC009_probe1,611,MLI
41.27,0.015,5.356,0.581,25.756,18-12-17_YC009_probe1,617,MLI
26.08,0.022,4.767,0.502,14.035,18-12-17_YC009_probe1,627,Unknown
7.01,0.108,6.815,0.86,18.11,18-12-17_YC009_probe1,65,MLI
8.24,0.08,6.561,0.914,16.875,18-12-17_YC009_probe1,75,MLI
22.75,0.031,6.741,0.749,29.231,18-12-17_YC009_probe1,88,MLI
19.66,0.596,5.525,0.957,4.849,18-12-17_YC009_probe1,94,Gr
21.32,0.025,5.618,0.975,64.521,18-12-17_YC009_probe1,95,GoMF
12.1,0.079,6.538,0.227,1.138,18-12-17_YC010_probe1,102,MLI
25.7,0.024,6,0.819,40.302,18-12-17_YC010_probe1,113,MLI
10.25,0.085,6.675,0.521,7.921,18-12-17_YC010_probe1,191,MLI
36.53,0.019,6.308,0.774,50.463,18-12-17_YC010_probe1,193,MLI
10.27,0.073,5.912,0.377,2.784,18-12-17_YC010_probe1,2,MLI
43.72,0.017,6.647,0.807,66.127,18-12-17_YC010_probe1,272,GoMF
6.03,0.121,6.602,0.664,5.747,18-12-17_YC010_probe1,297,MLI
28.08,0.019,6.285,0.961,64.123,18-12-17_YC010_probe1,314,GoMF
30.8,0.022,6.021,0.661,25.599,18-12-17_YC010_probe1,402,MLI
10.07,0.087,6.379,0.552,4.604,18-12-17_YC010_probe1,50,MLI
14.19,0.071,5.947,0.633,7.571,18-12-17_YC010_probe1,86,MLI
4.29,0.197,6.88,0.525,2.491,18-12-17_YC010_probe1,97,MLI
2.68,0.035,3.373,0.799,10.109,18-12-17_YC010_probe1,99,GoMF
8.08,0.054,5.074,0.822,12.783,18-12-18_YC010_probe1,0,GoMF
2.34,0.181,5.436,0.9,6.68,18-12-18_YC010_probe1,1,Gr
5.77,0.139,6.788,0.711,5.869,18-12-18_YC010_probe1,163,MLI
14.72,0.053,6.232,0.457,5.435,18-12-18_YC010_probe1,174,MLI
3.63,0.024,4.019,1.174,57.447,18-12-18_YC010_probe1,2,GoMF
1.4,0.218,4.769,0.958,7.233,18-12-18_YC010_probe1,22,Gr
83.53,0.009,5.266,0.344,17.8,18-12-18_YC010_probe1,310,Unknown
43.84,0.015,6.742,0.879,69.975,18-12-18_YC010_probe1,34,GoMF
6.22,0.083,5.617,0.586,5.309,18-12-18_YC010_probe1,76,MLI
27.72,0.026,6.103,0.511,11.484,18-12-18_YC010_probe1,77,MLI
6.13,0.121,6.58,0.57,4.091,18-12-18_YC010_probe1,79,MLI
36.18,0.021,6.548,0.977,120.929,19-01-16_YC011_probe1,154,GoMF
8.63,0.088,6.49,0.491,3.836,19-01-16_YC011_probe1,36,MLI
4.49,0.139,6.69,0.883,10.333,19-01-16_YC011_probe1,39,MLI
8.31,0.105,6.066,0.57,3.878,19-01-16_YC011_probe1,49,MLI
21.11,0.037,6.783,0.672,24.936,19-01-16_YC011_probe1,53,MLI
9.64,0.063,6.139,0.805,17.848,19-01-16_YC011_probe1,55,MLI
4.48,0.176,7.011,0.8,6.654,19-01-16_YC011_probe1,67,MLI
17.7,0.048,6.7,0.786,19.22,19-01-16_YC011_probe1,78,MLI
19.31,0.032,6.578,0.785,28.247,19-01-16_YC011_probe1,85,MLI
20.88,0.032,6.677,0.72,21.982,19-01-16_YC011_probe1,87,MLI
41.79,0.017,6.361,0.934,85.548,19-01-23_YC012_probe1,246,GoMF
33.53,0.012,5.798,0.852,76.639,19-01-23_YC012_probe1,824,GoMF
5.32,0.048,4.841,1.142,44.337,19-01-23_YC012_probe1,928,GoMF
19.34,0.044,7.03,0.483,8.762,19-01-23_YC013_probe1,21,MLI
5.66,0.112,6.303,0.675,5.812,19-01-23_YC013_probe1,336,MLI
9.82,0.056,5.79,0.752,13.077,19-01-23_YC013_probe1,44,MLI
10.54,0.028,4.307,1.085,66.162,19-01-24_YC012_probe1,168,GoMF
4.42,0.095,5.123,0.868,15.957,19-01-24_YC012_probe1,304,GoMF
47.84,0.008,5.303,0.806,100.634,19-01-24_YC012_probe1,547,GoMF
18.6,0.043,6.669,0.722,25.903,19-01-24_YC012_probe1,554,MLI
18.99,0.014,4.66,0.82,65.956,19-01-24_YC012_probe1,558,GoMF
13.02,0.046,6.218,0.862,35.802,19-01-24_YC012_probe1,563,MLI
8.59,0.029,4.378,0.895,39.041,19-01-24_YC012_probe1,898,GoMF
11.96,0.068,6.762,0.539,6.632,19-01-24_YC013_probe1,27,MLI
2.13,0.213,5.862,0.902,4.817,19-01-24_YC013_probe1,30,Gr
8.4,0.084,6.745,0.635,7.007,19-01-24_YC013_probe1,38,MLI
3.36,0.174,6.183,0.826,4.895,19-01-24_YC013_probe1,46,Gr
14.01,0.078,6.931,0.723,10.998,19-01-24_YC013_probe1,51,MLI
20.9,0.04,7.069,0.579,13.219,19-01-24_YC013_probe1,58,MLI
43.12,0.021,5.691,0.462,12.083,19-01-24_YC013_probe1,59,Unknown
4.29,0.162,4.708,1.696,28.328,19-01-24_YC013_probe1,651,GoMF
19.1,0.045,7.073,0.529,10.023,19-01-24_YC013_probe1,7,MLI
19.05,0.046,7.05,0.512,8.651,19-01-24_YC013_probe1,71,MLI
28.67,0.028,6.833,0.471,12.823,19-08-14_YC015_probe1,23,MLI
16.46,0.045,6.754,0.603,12.622,19-08-14_YC015_probe1,27,MLI
11.38,0.072,6.748,0.698,12.233,19-08-14_YC015_probe1,31,MLI
21.49,0.037,6.901,0.491,10.427,19-08-14_YC015_probe1,34,MLI
12.4,0.042,6.013,0.7,16.717,19-08-14_YC015_probe1,53,MLI
7.3,0.107,6.729,0.622,6.254,19-08-14_YC015_probe2,56,MLI
17.96,0.044,5.887,0.574,11.741,19-08-14_YC015_probe1,60,MLI
27.38,0.028,6.675,0.492,12.995,19-08-14_YC015_probe2,63,MLI
7.96,0.066,5.961,0.835,12.7,19-08-14_YC015_probe2,68,MLI
16.09,0.036,5.394,0.655,14.376,19-08-14_YC015_probe2,72,MLI
37.78,0.021,6.428,0.545,21.052,19-08-14_YC015_probe2,73,MLI
43.39,0.014,6.346,0.746,56.09,19-08-14_YC015_probe1,98,MLI
30.13,0.029,6.827,0.642,23.327,19-08-14_YC015_probe2,129,MLI
9.25,0.043,5.67,0.741,15.374,19-08-14_YC015_probe1,133,MLI
88.36,0.011,5.203,0.471,27.614,19-08-14_YC015_probe2,142,Unknown
17.48,0.048,5.777,0.287,2.724,19-08-14_YC015_probe2,172,MLI
10.52,0.078,5.796,0.426,3.368,19-08-14_YC015_probe2,190,MLI
17.64,0.044,6.449,0.507,9.116,19-08-14_YC015_probe2,237,MLI
17.04,0.037,6.252,0.867,34.759,19-08-14_YC015_probe2,281,MLI
11.48,0.065,6.494,0.681,13.242,19-08-14_YC015_probe2,283,MLI
15.47,0.045,6.784,0.586,13.634,19-08-14_YC015_probe1,313,MLI
20.08,0.044,7.137,0.565,12.834,19-08-14_YC015_probe2,331,MLI
24.33,0.024,6.022,1.09,127.191,19-08-14_YC015_probe1,351,GoMF
20.63,0.039,6.66,0.56,18.195,19-08-14_YC015_probe1,363,MLI
8.24,0.078,6.601,0.745,11.322,19-08-14_YC015_probe1,381,MLI
24.62,0.025,5.368,0.642,25.421,19-08-14_YC015_probe2,439,MLI
32.93,0.024,6.018,0.53,17.586,19-08-14_YC015_probe2,440,MLI
16.47,0.036,6.112,0.99,65.465,19-08-14_YC015_probe2,452,GoMF
28.41,0.029,6.898,0.544,14.98,19-08-14_YC015_probe2,521,MLI
25.71,0.024,6.078,0.738,36.503,19-08-14_YC015_probe2,641,MLI
31.88,0.014,5.789,0.972,97.85,19-08-14_YC015_probe2,642,GoMF
23.87,0.019,5.071,1.566,117.505,19-08-14_YC015_probe2,643,GoMF
7.3,0.066,5.803,0.855,13.752,19-08-14_YC015_probe2,652,MLI
13.42,0.054,6.555,0.799,25.021,19-08-14_YC015_probe2,658,MLI
20.1,0.032,5.804,0.71,23.758,19-08-14_YC015_probe2,663,MLI
2.14,0.379,7.114,0.914,5.197,19-08-14_YC015_probe2,680,Gr
12.01,0.055,5.926,0.63,9.17,19-08-14_YC015_probe2,741,MLI
32.4,0.022,6.205,0.418,12.305,19-08-14_YC015_probe2,774,MLI
30.78,0.028,6.905,0.802,44.41,19-08-14_YC015_probe1,846,MLI
23.89,0.017,5.398,0.975,87.359,19-08-14_YC015_probe1,847,GoMF
23.09,0.03,5.65,0.563,16.834,19-08-14_YC015_probe1,848,MLI
16.23,0.028,6.013,0.986,67.666,19-08-14_YC015_probe1,850,GoMF
23.68,0.012,5.077,0.942,90.098,19-08-14_YC015_probe1,851,GoMF
6.53,0.053,5.172,1.047,40.48,19-08-14_YC015_probe1,864,GoMF
10.27,0.061,6.329,0.814,24.084,19-08-14_YC015_probe1,867,MLI
3.25,0.21,5.545,0.797,4.373,19-08-14_YC015_probe2,874,MLI
5.73,0.113,6.314,1.183,35.504,19-08-14_YC015_probe1,882,GoMF
1.78,0.457,7.118,0.94,5.164,19-08-14_YC015_probe1,912,Gr
12.65,0.052,6.513,0.683,13.154,19-08-14_YC015_probe1,921,MLI
16.64,0.04,6.396,0.797,24.796,19-08-14_YC015_probe2,931,MLI
25.14,0.023,6.524,0.825,44.871,19-08-14_YC015_probe1,934,MLI
8.2,0.05,5.59,0.844,17.995,19-08-14_YC015_probe1,975,MLI
7.81,0.013,4.254,0.622,25.208,19-08-14_YC016_probe1,1020,GoMF
14.78,0.034,5.168,0.818,36.149,19-08-14_YC016_probe1,1058,GoMF
26.14,0.018,5.698,0.735,37.707,19-08-14_YC016_probe1,134,MLI
7.24,0.102,6.882,0.897,14.375,19-08-14_YC016_probe1,136,MLI
26.3,0.027,6.19,0.602,17.667,19-08-14_YC016_probe2,0,MLI
12.33,0.003,2.891,0.905,43.125,19-08-14_YC016_probe1,162,GoMF
25.57,0.018,5.651,0.797,46.974,19-08-14_YC016_probe1,19,MLI
4.2,0.19,6.4,0.713,4.578,19-08-14_YC016_probe1,210,MLI
2.11,0.317,6.71,0.958,6.176,19-08-14_YC016_probe2,18,Gr
11.26,0.058,6.427,0.625,8.738,19-08-14_YC016_probe1,214,MLI
11.51,0.019,4.88,0.96,45.187,19-08-14_YC016_probe1,276,GoMF
16.09,0.026,5.465,0.639,19.055,19-08-14_YC016_probe1,292,MLI
7.33,0.063,6.134,0.963,21.726,19-08-14_YC016_probe1,296,MLI
6.02,0.057,5.443,1.079,28.344,19-08-14_YC016_probe1,299,GoMF
19.69,0.034,6.353,0.828,35.377,19-08-14_YC016_probe1,470,MLI
15.68,0.04,6.463,0.688,17.62,19-08-14_YC016_probe1,49,MLI
34.93,0.017,5.731,0.668,33.971,19-08-14_YC016_probe1,490,MLI
8.4,0.089,6.374,0.534,4.971,19-08-14_YC016_probe1,493,MLI
13.2,0.039,6.011,0.871,37.372,19-08-14_YC016_probe1,497,MLI
38.76,0.015,5.9,0.705,53.375,19-08-14_YC016_probe1,511,MLI
12.2,0.058,6.521,0.728,15.19,19-08-14_YC016_probe1,526,MLI
12.72,0.039,5.735,0.905,45.401,19-08-14_YC016_probe1,529,GoMF
18.93,0.036,6.501,0.692,22.578,19-08-14_YC016_probe1,540,MLI
12.18,0.044,6.315,0.939,29.08,19-08-14_YC016_probe1,772,MLI
39.77,0.016,5.2,0.53,23.345,19-08-14_YC016_probe2,26,MLI
4.95,0.094,5.845,0.806,8.946,19-08-14_YC016_probe1,871,MLI
14.93,0.035,6.059,0.872,36.974,19-08-14_YC016_probe1,904,MLI
18.2,0.033,6.277,0.891,41.79,19-08-14_YC016_probe1,906,MLI
20.63,0.035,6.639,0.795,26.167,19-08-14_YC016_probe1,927,MLI
6.65,0.051,5.292,0.887,26.565,19-08-14_YC016_probe1,944,GoMF
7.01,0.102,6.613,0.939,15.849,19-08-14_YC016_probe1,95,MLI
55.79,0.009,5.437,0.775,66.005,19-08-14_YC016_probe1,972,GoMF
15.06,0.017,4.573,0.817,45.315,19-08-14_YC016_probe1,99,GoMF
48.49,0.014,5.278,0.562,25.853,19-08-14_YC016_probe2,69,Unknown
23.68,0.032,6.158,0.6,17.183,19-08-14_YC016_probe2,135,MLI
7.77,0.092,5.762,0.566,5.783,19-08-14_YC016_probe2,136,MLI
18.53,0.042,6.469,0.631,17.111,19-08-14_YC016_probe2,166,MLI
28.23,0.024,6.107,0.925,63.762,19-08-14_YC016_probe2,167,GoMF
5.45,0.123,6.651,0.795,9.823,19-08-14_YC016_probe2,171,MLI
21.69,0.036,6.379,0.672,21.344,19-08-14_YC016_probe2,173,MLI
11.89,0.049,5.982,0.742,17.299,19-08-14_YC016_probe2,178,MLI
8.28,0.092,5.893,1.1,47.471,19-08-14_YC016_probe2,210,GoMF
42.02,0.011,5.474,0.826,84.766,19-08-14_YC016_probe2,211,GoMF
25.42,0.011,4.378,0.962,92.073,19-08-14_YC016_probe2,216,GoMF
10.75,0.071,6.911,0.658,10.587,19-08-14_YC016_probe2,334,MLI
35.39,0.021,6.787,0.688,36.019,19-08-14_YC016_probe2,404,MLI
20.57,0.04,6.833,0.527,13.015,19-08-14_YC016_probe2,417,MLI
7.93,0.078,6.543,0.7,10.489,19-08-14_YC016_probe2,427,MLI
38.2,0.017,6.576,0.903,88.198,19-08-14_YC016_probe2,429,GoMF
60.16,0.011,5.472,0.447,21.903,19-08-14_YC016_probe2,442,Unknown
8.33,0.044,5.514,0.769,19.15,19-08-14_YC016_probe2,511,MLI
31.98,0.02,6.052,0.796,55.631,19-08-14_YC016_probe2,553,MLI
5.03,0.143,6.867,0.93,11.231,19-08-14_YC016_probe2,586,MLI
48.66,0.014,5.934,0.481,20.179,19-08-14_YC016_probe2,598,Unknown
62.1,0.013,4.605,0.351,14.251,19-08-14_YC016_probe2,599,Unknown
63.06,0.007,5.29,1.161,220.284,19-08-14_YC016_probe2,825,GoMF
17.06,0.038,6.596,1.05,57.224,19-08-14_YC016_probe2,834,GoMF
8.92,0.075,6.462,0.754,15.704,19-08-14_YC016_probe2,846,MLI
14.46,0.033,5.933,0.918,42.469,19-08-14_YC016_probe2,849,GoMF
39.14,0.01,4.304,0.738,90.19,19-08-14_YC016_probe2,876,GoMF
6.94,0.092,6.586,0.831,11.616,19-08-14_YC016_probe2,881,MLI
19.27,0.042,6.35,0.623,30.168,19-08-14_YC016_probe2,884,MLI
11.15,0.028,5.34,1.025,61.532,19-08-15_YC016_probe1,374,GoMF
26.45,0.017,5.556,0.912,60.951,19-08-15_YC016_probe1,41,GoMF
19.16,0.024,6.069,1.026,71.803,19-08-15_YC016_probe1,485,GoMF
91.43,0.008,5.896,0.499,41.973,19-08-15_YC016_probe1,527,Unknown
21.7,0.039,6.887,0.48,9.708,19-08-15_YC016_probe1,530,MLI
22.67,0.035,6.547,0.631,19.843,19-08-15_YC016_probe1,72,MLI
44.16,0.01,5.341,0.908,103.063,19-08-15_YC016_probe1,80,GoMF
7.45,0.022,4.446,0.989,42.276,19-08-15_YC016_probe1,86,GoMF
23.74,0.022,5.495,0.811,42.774,19-08-15_YC016_probe1,90,MLI
10.68,0.033,4.879,0.799,28.1,19-08-15_YC016_probe1,95,GoMF
12.62,0.057,6.618,0.679,13.296,19-08-16_YC014_probe1,104,MLI
14.86,0.064,5.898,0.411,4.489,19-08-16_YC014_probe1,184,MLI
79.85,0.011,5.467,0.533,29.974,19-08-16_YC014_probe1,205,Unknown
11.75,0.073,5.937,0.691,13.261,19-08-16_YC014_probe1,221,MLI
25.01,0.034,7.08,0.541,15.129,19-08-16_YC014_probe1,253,MLI
15.24,0.046,6.747,0.582,11.107,19-08-16_YC014_probe1,258,MLI
19.25,0.041,6.839,0.674,18.599,19-08-16_YC014_probe1,267,MLI
32.62,0.022,6.272,0.505,19.664,19-08-16_YC014_probe1,273,MLI
33,0.023,6.282,0.615,23.542,19-08-16_YC014_probe1,281,MLI
17.44,0.04,6.325,0.67,20.198,19-08-16_YC014_probe1,283,MLI
14.7,0.041,5.901,0.75,19.369,19-08-16_YC014_probe1,285,MLI
25.07,0.029,6.358,0.685,26.914,19-08-16_YC014_probe1,286,MLI
29.14,0.029,6.784,0.452,12.808,19-08-16_YC014_probe1,323,MLI
23.79,0.02,6.111,1.043,88.22,19-08-16_YC014_probe1,329,GoMF
14.85,0.055,6.986,0.737,19.608,19-08-16_YC014_probe1,389,MLI
14.94,0.024,5.675,1.012,71.669,19-08-16_YC014_probe1,396,GoMF
12.43,0.048,5.873,0.714,13.037,19-08-16_YC014_probe1,40,MLI
20.88,0.028,5.85,0.687,22.715,19-08-16_YC014_probe1,41,MLI
6.95,0.046,4.898,0.897,16.712,19-08-16_YC014_probe1,43,GoMF
8.72,0.071,6.358,0.841,13.524,19-08-16_YC014_probe1,75,MLI
14.88,0.044,5.436,0.962,33.735,19-08-16_YC014_probe1,79,GoMF
10.86,0.065,6.711,0.76,14.512,19-08-16_YC014_probe1,87,MLI
6.83,0.082,5.857,0.707,9.191,19-08-16_YC014_probe1,98,MLI
17.3,0.033,6.209,0.779,23.745,19-08-16_YC015_probe1,2,MLI
1.54,0.024,3.733,1.391,79.828,19-08-16_YC015_probe1,27,GoMF
7.59,0.042,4.107,0.961,32.887,19-09-30_YC017_probe1,104,GoMF
35.14,0.011,4.843,0.331,18.096,19-09-30_YC017_probe1,119,Unknown
33.04,0.022,6.794,0.747,40.546,19-09-30_YC017_probe1,147,MLI
34.85,0.017,6.51,0.78,53.267,19-09-30_YC017_probe1,211,MLI
6.37,0.026,4.507,1.001,22.726,19-09-30_YC017_probe1,322,GoMF
2.86,0.256,6.123,1.307,20.781,19-09-30_YC017_probe1,328,Gr
11.18,0.084,6.4,0.248,1.32,19-09-30_YC017_probe1,370,MLI
60,0.022,6.485,0.802,40.995,19-09-30_YC017_probe1,376,MLI
9.25,0.053,6.254,0.728,16.046,19-09-30_YC017_probe1,391,MLI
29.61,0.021,5.904,0.493,16.332,19-09-30_YC017_probe1,409,MLI
6.63,0.127,7.065,0.608,5.772,19-09-30_YC017_probe1,417,MLI
12.47,0.047,6.514,0.654,14.914,19-09-30_YC017_probe1,418,MLI
13.71,0.052,6.798,0.717,16.912,19-09-30_YC017_probe1,441,MLI
26.29,0.023,6.336,0.878,56.178,19-09-30_YC017_probe1,481,MLI
13.02,0.036,5.526,0.872,34.403,19-09-30_YC017_probe1,532,GoMF
76.08,0.011,5.661,0.457,26.515,19-09-30_YC017_probe1,654,Unknown
11.13,0.061,6.688,0.969,27.505,19-09-30_YC017_probe1,842,MLI
10.35,0.009,2.419,0.767,30.742,19-09-30_YC017_probe1,867,GoMF
19.2,0.03,6.169,0.844,42.658,19-09-30_YC017_probe1,923,MLI
31.3,0.02,6.068,0.783,51.683,19-09-30_YC018_probe1,103,MLI
67.84,0.015,5.319,0.574,22.642,19-09-30_YC018_probe1,104,Unknown
27.15,0.016,5.708,0.962,75.669,19-09-30_YC018_probe1,136,GoMF
10.21,0.026,5.144,0.969,51.156,19-09-30_YC018_probe1,146,GoMF
6.42,0.106,6.101,0.634,5.01,19-09-30_YC018_probe1,153,MLI
14.42,0.043,6.482,0.726,19.707,19-09-30_YC018_probe1,156,MLI
1.1,0.401,5.028,0.828,2.749,19-09-30_YC018_probe1,160,Gr
3.58,0.208,6.342,0.672,3.682,19-09-30_YC018_probe1,171,MLI
48.15,0.02,6.547,0.72,34.254,19-09-30_YC018_probe1,270,MLI
30.33,0.027,6.794,0.671,28.215,19-09-30_YC018_probe1,275,MLI
2.55,0.25,5.811,0.844,5.983,19-09-30_YC018_probe1,421,Gr
1.15,0.273,5.442,1.182,8.324,19-09-30_YC018_probe1,430,Gr
20.61,0.019,5.627,0.985,76.989,19-09-30_YC018_probe1,451,GoMF
38.61,0.01,5.977,0.624,45.199,19-09-30_YC018_probe1,481,MLI
8.88,0.048,4.135,0.673,15.276,19-09-30_YC018_probe1,486,GoMF
5.85,0.035,5.31,0.895,26.53,19-09-30_YC018_probe1,5,GoMF
37.47,0.02,6.166,0.509,17.831,19-09-30_YC018_probe1,504,MLI
14.07,0.028,4.928,0.699,19.866,19-09-30_YC018_probe1,513,GoMF
24.42,0.035,7.069,0.505,13.329,19-09-30_YC018_probe1,515,MLI
5.37,0.024,4.581,1.046,24.877,19-09-30_YC018_probe1,598,GoMF
6.38,0.077,6.386,0.708,10.908,19-09-30_YC018_probe1,602,MLI
13.77,0.042,5.423,0.579,16.699,19-09-30_YC018_probe1,692,MLI
32.13,0.023,5.33,0.409,10.395,19-09-30_YC018_probe1,702,Unknown
46.21,0.015,4.749,0.357,13.396,19-09-30_YC018_probe1,732,Unknown
82.19,0.005,4.49,0.352,18.364,19-09-30_YC018_probe1,91,Unknown
44.15,0.017,6.918,0.728,42.948,19-10-01_YC017_probe1,138,MLI
6.24,0.109,6.269,0.652,6.279,19-10-01_YC017_probe1,145,MLI
10.27,0.061,5.083,0.517,13.831,19-10-01_YC017_probe1,206,MLI
6.45,0.121,6.943,0.681,7.115,19-10-01_YC017_probe1,213,MLI
7.56,0.094,6.774,0.713,9.378,19-10-01_YC017_probe1,220,MLI
11.28,0.07,6.799,0.603,8.48,19-10-01_YC017_probe1,222,MLI
9.46,0.101,6.945,0.614,6.351,19-10-01_YC017_probe1,224,MLI
8.21,0.026,4.435,0.861,47.557,19-10-01_YC017_probe1,233,GoMF
34.51,0.019,5.423,0.501,20.918,19-10-01_YC017_probe1,241,MLI
7.96,0.016,2.839,0.849,67.854,19-10-01_YC017_probe1,242,GoMF
13.21,0.054,6.191,0.742,15.046,19-10-01_YC017_probe1,243,MLI
8.02,0.096,6.936,0.68,8.192,19-10-01_YC017_probe1,245,MLI
22.97,0.029,5.405,0.924,49.438,19-10-01_YC017_probe1,249,GoMF
13.19,0.061,7.018,0.625,10.208,19-10-01_YC017_probe1,261,MLI
22.08,0.041,6.378,0.491,11.516,19-10-01_YC017_probe1,267,MLI
13.24,0.051,6.583,0.9,30.818,19-10-01_YC017_probe1,279,MLI
13.41,0.06,7.025,0.606,9.49,19-10-01_YC017_probe1,280,MLI
33.62,0.015,6.033,0.896,93.053,19-10-01_YC017_probe1,296,GoMF
5.5,0.093,5.604,0.924,16.094,19-10-01_YC017_probe1,343,MLI
8.52,0.094,7.008,0.686,9.045,19-10-01_YC017_probe1,438,MLI
23.76,0.031,6.484,0.822,44.04,19-10-01_YC017_probe1,446,MLI
15.22,0.038,4.556,0.861,35.62,19-10-01_YC017_probe1,448,GoMF
12.46,0.049,5.582,0.759,20.34,19-10-01_YC017_probe1,454,MLI
22.2,0.031,6.141,0.727,28.96,19-10-01_YC017_probe1,456,MLI
26.96,0.025,6.095,0.635,22.63,19-10-01_YC017_probe1,458,MLI
17.37,0.03,4.303,0.722,22.766,19-10-01_YC017_probe1,459,GoMF
8.01,0.097,6.98,0.717,9.926,19-10-01_YC017_probe1,462,MLI
12.47,0.015,3.972,0.8,67.679,19-10-01_YC017_probe1,464,GoMF
28.63,0.023,5.084,0.755,36.494,19-10-01_YC017_probe1,492,GoMF
44.08,0.02,6.133,0.709,42.029,19-10-01_YC017_probe1,493,MLI
13.85,0.046,5.728,0.558,8.735,19-10-01_YC017_probe1,69,MLI
28.22,0.028,6.496,0.671,26.552,19-10-01_YC017_probe1,91,MLI
11.77,0.069,6.816,0.708,11.889,19-10-02_YC019_probe1,22,MLI
27.93,0.028,6.927,0.65,21.61,19-10-02_YC019_probe1,7,MLI
29.71,0.022,5.909,0.664,29.3,19-10-02_YC020_probe1,16,MLI
9.98,0.09,6.719,0.27,1.401,19-10-03_YC019_probe1,1,MLI
16.97,0.043,6.555,0.893,32.148,19-10-03_YC019_probe1,122,MLI
144.22,0.005,4.333,0.33,29.976,19-10-03_YC019_probe1,129,Unknown
33.44,0.018,6.087,0.767,43.383,19-10-03_YC019_probe1,132,MLI
10.52,0.071,6.025,0.581,6.77,19-10-03_YC019_probe1,190,MLI
21.3,0.022,5.752,0.541,31.638,19-10-03_YC019_probe1,194,MLI
10.43,0.068,6.614,0.661,11.817,19-10-03_YC019_probe1,201,MLI
10.08,0.074,6.648,0.668,8.722,19-10-03_YC019_probe1,208,MLI
22.34,0.039,7.071,0.512,12.447,19-10-03_YC019_probe1,54,MLI
5.67,0.157,6.672,0.314,1.118,19-10-03_YC019_probe1,6,MLI
8.07,0.099,6.669,0.48,4.142,19-10-03_YC019_probe1,7,MLI
5.63,0.038,3.257,0.946,37.488,19-10-03_YC020_probe1,114,GoMF
5.87,0.009,2.274,0.879,27.103,19-10-03_YC020_probe1,122,GoMF
74.77,0.008,3.967,0.349,21.342,19-10-03_YC020_probe1,145,Unknown
27.41,0.014,3.281,0.488,17.34,19-10-03_YC020_probe1,151,Unknown
7.44,0.021,4.895,1.04,31.882,19-10-03_YC020_probe1,152,GoMF
67.34,0.009,5.234,0.551,36.588,19-10-03_YC020_probe1,158,Unknown
13.95,0.048,6.562,0.862,23.825,19-10-03_YC020_probe1,171,MLI
13.74,0.048,6.632,0.846,23.628,19-10-03_YC020_probe1,172,MLI
2.66,0.034,4.013,1.828,36.364,19-10-03_YC020_probe1,78,GoMF
2.73,0.218,6.401,0.897,6.295,19-10-22_YC022_probe1,103,Gr
41.69,0.019,6.819,0.764,43.086,19-10-22_YC022_probe1,12,MLI
24.83,0.024,5.377,0.871,52.589,19-10-22_YC022_probe1,155,GoMF
11.11,0.068,6.755,0.623,8.261,19-10-22_YC022_probe1,162,MLI
10.68,0.067,6.747,0.697,10.181,19-10-22_YC022_probe1,163,MLI
18.12,0.046,7.076,0.553,10.577,19-10-22_YC022_probe1,166,MLI
2.6,0.165,5.214,1.008,12.865,19-10-22_YC022_probe1,173,Gr
9.07,0.081,6.852,0.73,10.245,19-10-22_YC022_probe1,175,MLI
11.8,0.063,6.818,0.666,9.953,19-10-22_YC022_probe1,179,MLI
12.19,0.058,6.483,0.626,9.277,19-10-22_YC022_probe1,182,MLI
8.47,0.047,4.561,0.952,28.662,19-10-22_YC022_probe1,193,GoMF
8.03,0.042,4.989,0.933,36.037,19-10-22_YC022_probe1,284,GoMF
3.53,0.222,6.506,0.911,7.733,19-10-22_YC022_probe1,308,Gr
28.79,0.025,6.121,0.671,28.162,19-10-22_YC022_probe1,427,MLI
35.9,0.016,5.781,0.741,67.962,19-10-22_YC022_probe1,433,GoMF
8.44,0.079,6.134,0.807,13.376,19-10-22_YC022_probe1,434,MLI
7.91,0.091,6.359,0.624,6.402,19-10-22_YC022_probe1,449,MLI
6.87,0.107,6.722,0.709,7.188,19-10-22_YC022_probe1,464,MLI
17.25,0.034,6.06,0.789,31.435,19-10-22_YC022_probe1,466,MLI
11.38,0.069,6.566,0.504,5.667,19-10-22_YC022_probe1,480,MLI
23.84,0.029,6.021,0.994,60.995,19-10-22_YC022_probe1,481,GoMF
21.54,0.029,5.957,0.772,32.192,19-10-22_YC022_probe1,571,MLI
1.14,0.055,2.665,0.951,18.525,19-10-22_YC022_probe1,577,GoMF
9.85,0.033,4.674,0.995,57.593,19-10-22_YC022_probe1,602,GoMF
12.7,0.053,6.384,0.757,23.337,19-10-22_YC022_probe1,621,MLI
2.87,0.075,2.496,0.452,4.182,19-10-22_YC022_probe1,624,Unknown
11.75,0.054,6.205,0.692,12.037,19-10-22_YC022_probe1,687,MLI
12.73,0.042,5.971,0.878,29.048,19-10-22_YC022_probe1,698,MLI
6.88,0.118,7.035,0.685,6.742,19-10-22_YC022_probe1,736,MLI
10.1,0.04,5.418,0.877,29.315,19-10-22_YC022_probe1,740,GoMF
5.03,0.091,4.8,0.869,12.482,19-10-22_YC022_probe1,741,GoMF
17.18,0.025,5.539,0.927,53.98,19-10-22_YC022_probe1,754,GoMF
18.38,0.026,5.542,0.997,62.783,19-10-22_YC022_probe1,759,GoMF
6.26,0.12,6.779,0.662,5.689,19-10-22_YC022_probe1,79,MLI
9.77,0.078,6.607,0.562,5.956,19-10-22_YC022_probe1,806,MLI
17.05,0.013,5.178,1.033,63.383,19-10-22_YC022_probe1,857,GoMF
14.78,0.025,5.579,0.836,42.677,19-10-22_YC022_probe1,862,GoMF
9.21,0.262,4.319,0.901,4.967,19-10-22_YC022_probe1,874,Gr
3.76,0.015,1.915,0.903,69.438,19-10-22_YC022_probe1,89,GoMF
17.88,0.051,6.98,0.508,9.304,19-10-22_YC022_probe1,91,MLI
4.59,0.062,5.291,0.87,14.723,19-10-22_YC022_probe1,918,GoMF
1.92,0.107,4.986,1.305,51.783,19-10-22_YC022_probe1,939,GoMF
12.58,0.083,6.226,0.258,4.681,19-10-23_YC022_probe1,151,MLI
11.24,0.092,6.146,0.189,2.343,19-10-23_YC022_probe1,160,MLI
2.56,0.111,5.108,0.664,4.062,19-10-23_YC022_probe1,163,GoMF
118.62,0.007,5.017,0.316,24.32,19-10-23_YC022_probe1,165,Unknown
1.1,0.476,6.347,1.001,5.291,19-10-23_YC022_probe1,200,Gr
3.45,0.206,6.835,0.916,7.969,19-10-23_YC022_probe1,202,Gr
0.86,0.504,6.54,0.98,4.528,19-10-23_YC022_probe1,208,Gr
0.98,0.547,6.513,0.953,4.107,19-10-23_YC022_probe1,211,Gr
4.09,0.135,6.369,0.997,23.461,19-10-23_YC022_probe1,240,MLI
24.32,0.017,5.437,0.931,59.217,19-10-23_YC022_probe1,286,GoMF
4.36,0.169,6.823,0.902,8.832,19-10-23_YC022_probe1,287,MLI
1.48,0.422,6.705,0.913,4.399,19-10-23_YC022_probe1,4,Gr
44.57,0.008,2.991,0.856,104.407,19-10-23_YC022_probe1,55,GoMF
34.92,0.021,6.62,0.77,41.735,19-10-23_YC022_probe1,76,MLI
14.9,0.043,4.961,0.94,28.46,19-11-14_YC029_probe1,27,GoMF
13.55,0.026,5.736,0.985,57.987,19-11-14_YC030_probe1,19,GoMF
16.83,0.021,4.956,1.045,70.631,19-11-14_YC030_probe1,21,GoMF
11.35,0.036,5.578,1.079,57.8,19-11-14_YC030_probe1,22,GoMF
0.53,0.151,5.311,1.047,17.586,19-11-14_YC030_probe1,26,Gr
32.97,0.028,6.658,0.439,10.306,19-11-14_YC030_probe1,39,MLI
14.31,0.048,6.341,0.519,7.838,19-11-14_YC030_probe1,43,MLI
18.87,0.034,3.739,0.489,9.068,19-11-14_YC030_probe1,47,Unknown
18.33,0.032,5.807,0.856,30.301,19-10-28_YC031_probe1,7,MLI
9.59,0.05,5.846,0.905,30.484,19-11-08_YC038_probe2,101,MLI
6.56,0.036,3.788,0.737,16.44,19-11-08_YC038_probe2,103,GoMF
3.12,0.043,3.758,1.217,57.895,19-11-08_YC038_probe2,105,GoMF
12.3,0.068,6.348,0.717,19.87,19-11-08_YC038_probe2,106,MLI
8.01,0.096,6.999,0.708,9.374,19-11-08_YC038_probe2,108,MLI
3.36,0.12,5.461,1.074,37.283,19-11-08_YC038_probe2,111,GoMF
8.53,0.092,6.887,0.637,7.013,19-11-08_YC038_probe2,129,MLI
8.5,0.021,4.189,1.19,94.387,19-11-08_YC038_probe2,137,GoMF
13.02,0.062,7.05,0.647,10.383,19-11-08_YC038_probe2,146,MLI
9.22,0.029,5.398,1.126,56.518,19-11-08_YC038_probe2,147,GoMF
6.56,0.061,4.705,0.888,18.278,19-11-08_YC038_probe2,21,GoMF
9.92,0.066,6.67,0.838,14.672,19-11-08_YC038_probe2,257,MLI
12.35,0.011,3.998,1.146,119.295,19-11-08_YC038_probe2,309,GoMF
7.93,0.048,5.347,0.912,33.357,19-11-08_YC038_probe2,32,GoMF
7.92,0.047,5.496,1.012,37.323,19-11-08_YC038_probe2,33,GoMF
6.42,0.028,4.992,1.228,52.911,19-11-08_YC038_probe2,330,GoMF
17.4,0.035,6.222,0.933,44.81,19-11-08_YC038_probe2,372,GoMF
11.33,0.03,4.886,0.875,42.236,19-11-08_YC038_probe2,382,GoMF
7.9,0.016,3.826,1.189,91.882,19-11-08_YC038_probe2,389,GoMF
9.56,0.016,3.595,1.042,84.379,19-11-08_YC038_probe2,394,GoMF
6.91,0.064,5.675,1.087,37.781,19-11-08_YC038_probe2,406,GoMF
7.35,0.028,4.739,1.129,61.049,19-11-08_YC038_probe2,411,GoMF
13.56,0.047,5.937,0.658,13.758,19-11-08_YC038_probe2,414,MLI
10.3,0.053,4.124,0.709,13.807,19-11-08_YC038_probe2,415,GoMF
13.2,0.008,3.958,1.167,112.142,19-11-08_YC038_probe2,416,GoMF
0.37,0.128,3.812,1.308,34.221,19-11-08_YC038_probe2,417,GoMF
2.17,0.154,4.483,0.919,8.589,19-11-08_YC038_probe2,42,Gr
8.77,0.048,5.529,0.884,25.665,19-11-08_YC038_probe2,427,GoMF
10.03,0.05,4.422,0.902,28.935,19-11-08_YC038_probe2,428,GoMF
7.19,0.025,4.967,1.194,85.013,19-11-08_YC038_probe2,43,GoMF
14.45,0.044,6.378,0.866,29.81,19-11-08_YC038_probe2,432,MLI
11.49,0.071,6.935,0.591,8.084,19-11-08_YC038_probe2,436,MLI
5,0.083,5.604,0.927,16.034,19-11-08_YC038_probe2,437,MLI
7.33,0.113,6.373,0.983,14.55,19-11-08_YC038_probe2,439,MLI
10.64,0.079,6.986,0.562,7.007,19-11-08_YC038_probe2,473,MLI
4.82,0.054,4.688,0.936,21.393,19-11-08_YC038_probe2,48,GoMF
10.65,0.023,4.764,0.805,30.177,19-11-08_YC038_probe2,49,GoMF
2.16,0.134,4.397,0.999,12.018,19-11-08_YC038_probe2,535,Gr
3.05,0.076,3.469,1.121,24.237,19-11-08_YC038_probe2,541,GoMF
2.09,0.046,3.011,1.037,40.804,19-11-08_YC038_probe2,574,GoMF
8.39,0.022,4.563,1.177,85.734,19-11-08_YC038_probe2,579,GoMF
22.55,0.034,6.668,0.789,32.849,19-11-08_YC038_probe2,59,MLI
20.55,0.031,6.393,0.63,35.558,19-11-08_YC038_probe2,66,MLI
32.23,0.022,6.683,0.875,58.621,19-11-08_YC038_probe2,73,MLI
12.54,0.066,6.984,0.564,7.656,19-11-08_YC038_probe2,74,MLI
10.8,0.066,6.448,0.567,7.381,19-11-08_YC038_probe2,78,MLI
9.37,0.083,6.88,0.672,8.784,19-11-08_YC038_probe2,8,MLI
10,0.01,4.229,1.14,98.344,19-11-08_YC038_probe2,81,GoMF
26.28,0.027,6.581,0.763,31.326,19-11-05_YC037_probe1,10,MLI
8.99,0.016,4.447,0.79,46.087,19-11-05_YC037_probe1,102,GoMF
21.19,0.02,5.887,0.943,56.702,19-11-05_YC037_probe1,108,GoMF
14.15,0.016,3.55,0.96,73.499,19-11-05_YC037_probe1,115,GoMF
4.6,0.073,6.666,0.936,22.046,19-11-05_YC037_probe1,119,MLI
7.01,0.059,5.447,1.06,42.812,19-11-05_YC037_probe1,129,GoMF
21.29,0.039,6.579,0.529,11.597,19-11-05_YC037_probe1,142,MLI
24.74,0.023,5.469,0.736,38.066,19-11-05_YC037_probe1,148,MLI
1.38,0.189,6.352,0.922,8.89,19-11-05_YC037_probe1,17,Gr
3.31,0.198,5.189,1.012,11.12,19-11-05_YC037_probe1,184,Gr
6.99,0.114,6.892,0.712,7.369,19-11-05_YC037_probe1,185,MLI
6.24,0.07,5.518,0.722,9.414,19-11-05_YC037_probe1,205,MLI
12.64,0.072,6.597,0.816,16.519,19-11-05_YC037_probe1,219,MLI
2.04,0.364,5.846,1.554,17.124,19-11-05_YC037_probe1,233,Gr
37.94,0.019,5.407,0.587,23.409,19-11-05_YC037_probe1,241,MLI
2.05,0.159,4.839,0.82,13.037,19-11-05_YC037_probe1,249,Gr
2.57,0.278,6.684,0.939,6.942,19-11-05_YC037_probe1,25,Gr
13.55,0.063,7.069,0.564,8.211,19-11-05_YC037_probe1,267,MLI
13.95,0.017,5.294,1.125,56.97,19-11-05_YC037_probe1,273,GoMF
9.97,0.052,5.675,0.954,34.579,19-11-05_YC037_probe1,276,GoMF
1.14,0.17,4.914,1.152,14.631,19-11-05_YC037_probe1,279,Gr
20.45,0.013,4.962,1.154,94.137,19-11-05_YC037_probe1,294,GoMF
9.93,0.056,5.633,1.09,33.335,19-11-05_YC037_probe1,295,GoMF
0.65,0.475,4.952,1.123,8.398,19-11-05_YC037_probe1,315,Gr
28.74,0.022,5.95,0.736,34.555,19-11-05_YC037_probe1,317,MLI
10.13,0.047,5.719,1.07,43.047,19-11-05_YC037_probe1,326,GoMF
19.08,0.019,5.679,1.114,90.155,19-11-05_YC037_probe1,342,GoMF
11.14,0.057,6.282,0.974,39.743,19-11-05_YC037_probe1,343,MLI
4.65,0.161,6.335,0.565,3.935,19-11-05_YC037_probe1,352,MLI
3.24,0.179,6.151,1.209,26.835,19-11-05_YC037_probe1,358,Gr
8.74,0.076,5.953,0.608,6.884,19-11-05_YC037_probe1,370,MLI
22.89,0.017,5.696,1.149,115.36,19-11-05_YC037_probe1,382,GoMF
13.48,0.02,4.715,1.584,97.408,19-11-05_YC037_probe1,390,GoMF
36.86,0.016,4.169,0.399,12.906,19-11-05_YC037_probe1,41,Unknown
26.94,0.022,6.739,0.926,45.717,19-11-05_YC037_probe1,411,MLI
9.68,0.047,6.082,1.086,49.334,19-11-05_YC037_probe1,417,GoMF
14.58,0.049,6.369,0.743,18.525,19-11-05_YC037_probe1,424,MLI
9,0.116,6.659,0.786,9.659,19-11-05_YC037_probe1,434,MLI
8.32,0.065,5.912,1.006,36.865,19-11-05_YC037_probe1,439,MLI
14.47,0.034,5.977,1.11,63.327,19-11-05_YC037_probe1,440,GoMF
3.31,0.118,4.945,0.809,8.571,19-11-05_YC037_probe1,441,GoMF
14.72,0.016,5.068,1.127,99.907,19-11-05_YC037_probe1,442,GoMF
8.05,0.103,6.659,0.546,5.488,19-11-05_YC037_probe1,456,MLI
29.14,0.017,3.79,0.429,12.292,19-11-05_YC037_probe1,546,Unknown
28.16,0.036,5.841,0.344,4.761,19-11-05_YC037_probe1,554,MLI
2.03,0.422,6.93,1.026,8.991,19-11-05_YC037_probe1,564,Gr
10.26,0.075,6.879,0.632,8.913,19-11-05_YC037_probe1,568,MLI
11.85,0.073,7.106,0.584,7.541,19-11-05_YC037_probe1,577,MLI
8.49,0.067,6.359,1.017,29.117,19-11-05_YC037_probe1,635,MLI
31.46,0.029,5.542,0.723,26.118,19-11-05_YC037_probe1,66,MLI
6.93,0.079,1.812,0.917,15.662,19-11-05_YC037_probe1,68,GoMF
9.03,0.088,6.765,0.55,6.205,19-11-05_YC037_probe1,87,MLI
11.27,0.064,5.909,0.695,9.657,19-11-05_YC037_probe1,94,MLI
4.88,0.184,6.046,1.019,24.473,19-11-05_YC036_probe1,102,Gr
10.12,0.033,5.445,0.957,43.566,19-11-05_YC036_probe1,103,GoMF
15.12,0.057,6.384,0.559,8.842,19-11-05_YC036_probe1,150,MLI
23.62,0.59,4.282,0.906,7.026,19-11-05_YC036_probe1,165,Gr
0.55,0.713,5.4,1.271,13.365,19-11-05_YC036_probe1,17,Gr
6.64,0.135,6.732,0.78,7.207,19-11-05_YC036_probe1,210,MLI
33.18,0.02,6.181,0.765,34.413,19-11-05_YC036_probe1,218,MLI
11.97,0.054,6.089,0.86,20.078,19-11-05_YC036_probe1,233,MLI
12.74,0.039,4.743,0.822,23.656,19-11-05_YC036_probe1,237,GoMF
9.31,0.077,6.733,0.687,9.29,19-11-05_YC036_probe1,24,MLI
7.15,0.065,4.101,0.988,30.114,19-11-05_YC036_probe1,28,GoMF
107.71,0.007,4.505,0.318,20.91,19-11-05_YC036_probe1,306,Unknown
17.89,0.038,5.921,0.651,17.38,19-11-05_YC036_probe1,31,MLI
57.11,0.015,6.129,0.413,17.615,19-11-05_YC036_probe1,323,Unknown
58.34,0.014,4.401,0.446,20.218,19-11-05_YC036_probe1,324,Unknown
55.07,0.015,4.694,0.454,19.638,19-11-05_YC036_probe1,329,Unknown
26.76,0.026,6.366,0.674,25.603,19-11-05_YC036_probe1,33,MLI
36.02,0.015,3.804,0.525,21.307,19-11-05_YC036_probe1,330,Unknown
36.67,0.013,3.026,0.408,16.071,19-11-05_YC036_probe1,353,Unknown
63.96,0.013,4.495,0.311,14.219,19-11-05_YC036_probe1,354,Unknown
61.05,0.008,3.931,0.356,16.572,19-11-05_YC036_probe1,356,Unknown
5.13,0.106,6.384,0.825,9.582,19-11-05_YC036_probe1,37,MLI
8.03,0.061,4.812,0.978,29.819,19-11-05_YC036_probe1,389,GoMF
10.13,0.047,5.797,0.806,21.994,19-11-05_YC036_probe1,402,MLI
10.75,0.048,4.378,0.801,18.332,19-11-05_YC036_probe1,429,GoMF
1.39,0.224,5.235,0.949,8.762,19-11-04_YC037_probe1,13,Gr
1.82,0.416,6.032,0.781,2.656,19-11-04_YC037_probe1,165,Gr
12.88,0.056,6.686,0.85,19.815,19-11-04_YC037_probe1,175,MLI
17.13,0.043,6.491,0.791,25.496,19-11-04_YC037_probe1,176,MLI
5.36,0.122,6.363,0.788,7.902,19-11-04_YC037_probe1,184,MLI
10.14,0.082,6.952,0.589,6.862,19-11-04_YC037_probe1,185,MLI
11.26,0.004,2.746,0.89,125.343,19-11-04_YC037_probe1,186,GoMF
12.41,0.061,5.962,0.48,5.82,19-11-04_YC037_probe1,187,MLI
10.27,0.079,6.959,0.596,7.392,19-11-04_YC037_probe1,188,MLI
8.6,0.05,5.661,1.064,41.464,19-11-04_YC037_probe1,190,GoMF
7.28,0.108,6.418,0.572,14.612,19-11-04_YC037_probe1,199,MLI
10.97,0.067,6.458,0.593,9.552,19-11-04_YC037_probe1,200,MLI
22.82,0.039,6.887,0.695,22.963,19-11-04_YC037_probe1,202,MLI
9.93,0.038,5.454,1.033,40.816,19-11-04_YC037_probe1,228,GoMF
15.72,0.013,3.657,0.894,73.773,19-11-04_YC037_probe1,232,GoMF
5.74,0.042,4.507,1.108,42.925,19-11-04_YC037_probe1,29,GoMF
35.16,0.011,5.185,1.053,136.901,19-11-04_YC037_probe1,30,GoMF
29.02,0.018,5.976,0.811,41.13,19-11-04_YC037_probe1,31,MLI
17.94,0.041,6.726,0.875,32.082,19-11-04_YC037_probe1,34,MLI
7.21,0.114,6.816,0.858,14.935,19-11-04_YC037_probe1,35,MLI
21.67,0.026,5.745,0.935,65.452,19-11-04_YC037_probe1,36,GoMF
9.61,0.047,4.197,0.899,27.847,19-11-04_YC037_probe1,41,GoMF
11.05,0.053,6.324,0.799,21.309,19-11-04_YC037_probe1,42,MLI
1.5,0.144,5.705,1.092,16.083,19-11-04_YC037_probe1,52,Gr
43.66,0.017,6.433,0.744,54.669,19-11-04_YC037_probe1,56,MLI
2.32,0.198,5.404,0.731,3.155,19-11-04_YC037_probe1,61,MLI
12.57,0.067,6.514,0.819,14.95,19-11-04_YC037_probe1,75,MLI
6.24,0.09,5.927,1.012,24.803,19-11-04_YC036_probe1,104,MLI
10.21,0.058,5.562,0.771,15.74,19-11-04_YC036_probe1,106,MLI
6.62,0.098,6.314,0.723,7.965,19-11-04_YC036_probe1,109,MLI
19.11,0.035,6.176,0.932,44.218,19-11-04_YC036_probe1,115,GoMF
6.53,0.097,6.102,0.71,7.762,19-11-04_YC036_probe1,123,MLI
1.39,0.042,4.044,1.244,24.443,19-11-04_YC036_probe1,13,GoMF
30.21,0.041,6.656,0.788,22.698,19-11-04_YC036_probe1,145,MLI
10.05,0.046,5.342,0.666,19.704,19-11-04_YC036_probe1,185,MLI
40.94,0.018,6.66,0.931,83.578,19-11-04_YC036_probe1,197,GoMF
23.07,0.031,4.879,0.904,43.835,19-11-04_YC036_probe1,202,GoMF
10.49,0.073,6.933,0.685,10.63,19-11-04_YC036_probe1,203,MLI
17.08,0.046,6.984,0.628,15.448,19-11-04_YC036_probe1,205,MLI
31.25,0.032,5.875,0.828,37.533,19-11-04_YC036_probe1,209,MLI
37.8,0.018,6.173,0.827,61.488,19-11-04_YC036_probe1,212,MLI
11.19,0.065,5.794,0.734,14.637,19-11-04_YC036_probe1,213,MLI
25.92,0.061,6.249,0.92,25.68,19-11-04_YC036_probe1,215,MLI
0.55,0.424,4.829,1.241,7.061,19-11-04_YC036_probe1,223,Gr
3.77,0.047,4.504,0.833,32.444,19-11-04_YC036_probe1,226,GoMF
0.57,0.085,5.271,0.887,14.632,19-11-04_YC036_probe1,227,GoMF
53.7,0.017,5.361,0.593,28.489,19-11-04_YC036_probe1,228,Unknown
5.67,0.09,6.223,0.981,26.304,19-11-04_YC036_probe1,237,MLI
17.83,0.042,6.809,0.749,20.906,19-11-04_YC036_probe1,250,MLI
16.15,0.05,6.018,0.781,20.852,19-11-04_YC036_probe1,255,MLI
15.94,0.033,5.719,1.11,59.223,19-11-04_YC036_probe1,257,GoMF
14.42,0.057,6.05,0.837,18.914,19-11-04_YC036_probe1,258,MLI
29.68,0.03,6.731,0.618,24.006,19-11-04_YC036_probe1,259,MLI
18.92,0.023,5.824,1.05,75.535,19-11-04_YC036_probe1,273,GoMF
8.93,0.065,5.486,0.619,8.632,19-11-04_YC036_probe1,287,MLI
7.14,0.104,6.303,0.672,5.96,19-11-04_YC036_probe1,289,MLI
16.68,0.054,6.222,0.463,14.654,19-11-04_YC036_probe1,293,MLI
4.15,0.034,3.879,1.156,53.116,19-11-04_YC036_probe1,295,GoMF
36.75,0.028,4.946,0.692,19.852,19-11-04_YC036_probe1,301,MLI
38.71,0.027,5.22,0.606,16.395,19-11-04_YC036_probe1,305,MLI
23.34,0.031,5.516,0.67,22.432,19-11-04_YC036_probe1,32,MLI
0.36,0.145,4.684,1.026,17.138,19-11-04_YC036_probe1,327,Gr
14.53,0.037,5.17,0.891,38.205,19-11-04_YC036_probe1,339,GoMF
6.59,0.058,4.97,0.969,24.94,19-11-04_YC036_probe1,345,GoMF
24.53,0.018,5.552,1.074,83.978,19-11-04_YC036_probe1,348,GoMF
13.02,0.04,4.496,0.886,32.953,19-11-04_YC036_probe1,349,GoMF
12.29,0.041,5.515,0.957,34.333,19-11-04_YC036_probe1,351,GoMF
21.64,0.033,6.534,0.942,49.345,19-11-04_YC036_probe1,352,GoMF
16.09,0.035,5.906,0.97,46.895,19-11-04_YC036_probe1,355,GoMF
36.89,0.021,6.477,0.683,38.181,19-11-04_YC036_probe1,358,MLI
22.62,0.032,6.517,0.835,49.762,19-11-04_YC036_probe1,371,MLI
16.17,0.074,5.852,0.997,28.062,19-11-04_YC036_probe1,377,MLI
9.18,0.067,5.739,0.791,13.483,19-11-04_YC036_probe1,38,MLI
23.78,0.035,6.936,0.534,12.051,19-11-04_YC036_probe1,4,MLI
1.27,0.197,5.239,1.188,16.199,19-11-04_YC036_probe1,417,Gr
4.25,0.07,4.204,0.826,16.477,19-11-04_YC036_probe1,433,GoMF
19.91,0.035,6.209,0.835,38.235,19-11-04_YC036_probe1,434,MLI
14.5,0.04,4.604,0.879,34.866,19-11-04_YC036_probe1,435,GoMF
11.93,0.063,5.202,0.612,9.109,19-11-04_YC036_probe1,447,MLI
2.28,0.154,4.846,1.464,17.362,19-11-04_YC036_probe1,45,GoMF
4.44,0.071,4.21,0.981,20.423,19-11-04_YC036_probe1,452,GoMF
11.96,0.041,5.44,0.892,33.34,19-11-04_YC036_probe1,454,GoMF
9.34,0.04,4.148,0.902,34.43,19-11-04_YC036_probe1,471,GoMF
1.79,0.322,6.283,1.025,8.884,19-11-04_YC036_probe1,65,Gr
69.86,0.014,5.687,0.479,21.44,19-11-04_YC036_probe1,68,Unknown
29.53,0.013,4.972,0.948,84.864,19-11-04_YC036_probe1,70,GoMF
7,0.066,4.691,0.588,6.326,19-11-04_YC036_probe1,74,MLI
12.42,0.054,6.055,0.695,14.564,19-11-04_YC036_probe1,78,MLI
5.42,0.078,5.92,1.25,55.605,19-11-04_YC036_probe1,81,GoMF
14.73,0.045,5.776,1.017,50.099,19-11-04_YC036_probe1,83,GoMF
9.58,0.044,5.938,0.666,11.242,19-11-04_YC036_probe1,9,MLI
3.36,0.134,5.526,0.743,5.162,19-11-04_YC036_probe1,96,GoMF
3.36,0.134,5.526,0.743,5.162,19-11-04_YC036_probe1,97,GoMF
3.77,0.151,6.177,1.063,16.975,19-11-11_YC040_probe1,107,Gr
99.55,0.005,1.987,0.348,27.357,19-11-11_YC040_probe1,130,Unknown
124.16,0.005,4.24,0.335,28.946,19-11-11_YC040_probe1,133,Unknown
101.83,0.005,3.191,0.326,26.355,19-11-11_YC040_probe1,150,Unknown
34.85,0.006,2.674,0.433,23.714,19-11-11_YC040_probe1,151,Unknown
25.1,0.025,6.005,0.807,42.241,19-11-11_YC040_probe1,155,MLI
21.8,0.027,5.879,0.808,38.089,19-11-11_YC040_probe1,157,MLI
80.42,0.006,2.886,0.371,22.752,19-11-11_YC040_probe1,169,Unknown
28.81,0.025,6.508,0.71,33.979,19-11-11_YC040_probe1,17,MLI
32.01,0.009,3.022,0.577,27.368,19-11-11_YC040_probe1,182,Unknown
105.28,0.005,3.034,0.278,17.843,19-11-11_YC040_probe1,183,Unknown
54.13,0.009,3.441,0.506,26.811,19-11-11_YC040_probe1,188,Unknown
90.06,0.007,3.522,0.35,20.815,19-11-11_YC040_probe1,194,Unknown
15,0.017,4.244,0.852,49.356,19-11-11_YC040_probe1,196,GoMF
93.44,0.006,4.03,0.382,27.514,19-11-11_YC040_probe1,203,Unknown
105.39,0.006,4.784,0.484,47.197,19-11-11_YC040_probe1,205,Unknown
63.14,0.008,4.006,0.639,56.563,19-11-11_YC040_probe1,208,Unknown
56.22,0.005,3.035,0.457,31.389,19-11-11_YC040_probe1,212,Unknown
77.76,0.007,4.764,0.572,47.589,19-11-11_YC040_probe1,218,Unknown
74.9,0.006,4.353,0.521,40.073,19-11-11_YC040_probe1,219,Unknown
26.6,0.016,5.189,0.745,39.253,19-11-11_YC040_probe1,220,GoMF
7.31,0.087,4.27,0.51,4.244,19-11-11_YC040_probe1,23,MLI
66.7,0.01,5.714,0.63,46.524,19-11-11_YC040_probe1,230,Unknown
31.67,0.011,4.776,0.728,45.437,19-11-11_YC040_probe1,231,GoMF
81.86,0.008,5.441,0.578,50.89,19-11-11_YC040_probe1,232,Unknown
1.33,0.125,2.573,0.973,9.351,19-11-11_YC040_probe1,234,GoMF
43.7,0.016,5.551,0.466,17.406,19-11-11_YC040_probe1,237,Unknown
55.29,0.007,4.312,0.579,42.804,19-11-11_YC040_probe1,239,Unknown
45.54,0.012,4.394,0.522,24.017,19-11-11_YC040_probe1,242,Unknown
56.1,0.01,4.774,0.468,23.097,19-11-11_YC040_probe1,246,Unknown
53.51,0.01,5.178,0.641,45.924,19-11-11_YC040_probe1,248,Unknown
22.07,0.016,5.149,0.711,30.561,19-11-11_YC040_probe1,249,GoMF
19.05,0.017,4.906,0.734,30.652,19-11-11_YC040_probe1,250,GoMF
38.32,0.01,3.952,0.645,43.339,19-11-11_YC040_probe1,251,Unknown
18.29,0.018,5.06,0.733,25.859,19-11-11_YC040_probe1,253,GoMF
13.24,0.057,6.891,0.643,10.662,19-11-11_YC040_probe1,27,MLI
104.2,0.005,4.774,0.395,32.161,19-11-11_YC040_probe1,272,Unknown
81.39,0.005,4.974,0.484,40.277,19-11-11_YC040_probe1,273,Unknown
26.82,0.014,5.168,0.571,25.987,19-11-11_YC040_probe1,30,MLI
14.09,0.056,6.941,0.649,11.866,19-11-11_YC040_probe1,36,MLI
19.38,0.044,6.995,0.522,10.63,19-11-11_YC040_probe1,43,MLI
28.87,0.024,6.677,0.852,46.116,19-11-11_YC040_probe1,46,MLI
17.76,0.045,7.063,0.617,13.159,19-11-11_YC040_probe1,52,MLI
7.35,0.028,4.441,0.988,43.801,19-11-11_YC040_probe1,6,GoMF
0.77,0.13,3.08,1.562,25.305,19-11-11_YC040_probe1,62,GoMF
17.29,0.004,1.8,0.432,28.257,19-11-11_YC040_probe1,69,Unknown
19,0.015,5.271,1.235,87.586,19-11-11_YC040_probe1,7,GoMF
13.99,0.025,4.751,0.957,57.814,19-11-11_YC040_probe1,228,GoMF
1.35,0.477,6.569,0.963,4.914,18-08-31_YC003_probe1,247,Gr
3.62,0.163,6.008,0.71,5.908,19-08-14_YC015_probe1,1799,MLI
10.31,0.062,6.486,0.66,9.7,19-01-23_YC012_probe1,371,MLI
21.55,0.029,6.112,0.709,25.628,19-11-11_YC040_probe1,280,MLI
11.09,0.069,6.711,0.613,10.239,19-01-24_YC013_probe1,361,MLI
1,0.467,4.576,1.142,8.251,19-01-24_YC013_probe1,370,Gr
6.64,0.096,5.375,0.611,5.767,19-01-24_YC013_probe1,378,MLI
7.69,0.088,6.747,0.789,10.51,19-01-24_YC013_probe1,498,MLI
18.71,0.02,5.173,0.701,23.336,19-01-23_YC012_probe1,472,GoMF
6.69,0.035,4.711,1.023,56.363,19-01-23_YC012_probe1,438,GoMF
15.87,0.036,6.117,1.003,50.586,19-01-23_YC012_probe1,400,GoMF
103.7,0.006,4.963,0.795,161.223,18-09-03_YC005_probe1,43,GoMF
10.77,0.084,6.122,0.511,17.07,19-12-13_YC007_probe1,334,MLI
4.42,0.129,6.313,0.851,10.298,19-12-13_YC007_probe1,294,MLI
27.03,0.031,7.048,0.712,26.688,19-12-13_YC007_probe1,240,MLI
4.85,0.126,6.442,0.888,10.899,19-12-13_YC007_probe1,237,MLI
