"MFRBlockHz","tf_MedIsi","tf_Entropy","tf_CV2Mean","tf_LvR","Sample","Unit","Cluster"
72.98,0.012,6.677,0.471,27.203,"18-08-30_YC001_probe1","166",2
197.42,0.004,4.321,0.26,32.027,"18-08-30_YC001_probe1","177",2
159.05,0.006,6.06,0.221,14.909,"18-08-30_YC001_probe1","263",2
168.96,0.005,6.164,0.202,13.339,"18-08-30_YC001_probe1","266",2
25.04,0.037,7.071,0.414,8.388,"18-08-30_YC001_probe1","272",2
51.53,0.018,7.263,0.48,21.558,"18-08-30_YC001_probe1","281",2
70.34,0.011,6.551,0.61,43.708,"18-08-30_YC001_probe1","296",2
64.02,0.014,7.041,0.384,16.877,"18-08-30_YC001_probe1","298",2
69.85,0.014,7.308,0.251,8.315,"18-08-30_YC001_probe1","303",2
109.22,0.008,6.712,0.321,19.848,"18-08-30_YC001_probe1","304",2
49.26,0.019,7.085,0.309,8.796,"18-08-30_YC001_probe1","315",2
184.93,0.005,6.385,0.282,27.193,"18-08-30_YC001_probe1","357",2
139.05,0.006,6.557,0.333,26.856,"18-08-30_YC001_probe1","358",2
177.94,0.005,5.831,0.259,25.794,"18-08-30_YC001_probe1","359",2
61.61,0.015,7.205,0.335,12.743,"18-08-30_YC001_probe1","362",2
101.95,0.008,6.857,0.419,30.414,"18-08-30_YC001_probe1","376",2
34.64,0.023,6.613,0.63,29.141,"18-08-30_YC001_probe1","377",2
137.18,0.006,6.659,0.325,25.737,"18-08-30_YC001_probe1","54",2
167.26,0.005,5.502,0.235,21.519,"18-08-30_YC001_probe1","565",2
35.17,0.025,6.992,0.483,17.051,"18-08-30_YC001_probe1","83",2
84.76,0.01,6.937,0.482,32.95,"18-08-30_YC002_probe1","111",2
27.03,0.035,7.045,0.41,10.829,"18-08-30_YC002_probe1","142",2
69.28,0.016,6.11,0.601,28.099,"18-08-30_YC002_probe1","205",2
72.89,0.011,6.768,0.485,29.097,"18-08-30_YC002_probe1","210",2
22.14,0.036,6.742,0.386,6.766,"18-08-30_YC002_probe1","31",2
74.39,0.01,6.062,0.456,26.437,"18-08-30_YC002_probe1","327",2
55.53,0.013,6.405,0.761,60.971,"18-08-31_YC003_probe1","102",2
87.02,0.008,6.379,0.453,30.123,"18-08-31_YC003_probe1","201",2
87.62,0.009,5.916,0.374,21.559,"18-08-31_YC003_probe1","231",2
70.98,0.012,6.126,0.375,17.329,"18-08-31_YC003_probe1","257",2
126.49,0.006,5.866,0.367,28.923,"18-08-31_YC003_probe1","292",2
78.13,0.012,6.826,0.393,21.988,"18-08-31_YC003_probe1","311",2
52.91,0.015,6.421,0.514,24.129,"18-08-31_YC003_probe1","485",2
33.01,0.025,6.956,0.643,29.512,"18-08-31_YC003_probe1","57",2
148.15,0.006,6.731,0.243,15.956,"18-08-31_YC004_probe1","128",2
116.53,0.009,6.343,0.584,45.279,"18-08-31_YC004_probe1","130",2
71.81,0.012,6.696,0.388,19.121,"18-08-31_YC004_probe1","200",2
39.19,0.022,7.066,0.517,19.084,"18-08-31_YC004_probe1","60",2
63.57,0.015,6.961,0.31,11.266,"18-08-31_YC004_probe1","83",2
160.95,0.005,6.442,0.272,22.191,"18-09-03_YC005_probe1","177",2
123.89,0.007,6.498,0.39,33.431,"18-09-03_YC005_probe1","52",2
18.83,0.049,7.158,0.345,4.192,"18-12-13_YC008_probe1","11",2
26.59,0.033,7.01,0.447,9.402,"18-12-13_YC008_probe1","12",2
55.63,0.017,7.16,0.346,12.409,"18-12-13_YC008_probe1","15",2
35.31,0.024,6.817,0.579,20.614,"18-12-13_YC008_probe1","212",2
26.09,0.039,6.683,0.297,3.892,"18-12-13_YC008_probe1","24",2
61.37,0.012,6.523,0.509,26.848,"18-12-13_YC008_probe1","268",2
96.33,0.009,7.038,0.355,20.635,"18-12-13_YC008_probe1","303",2
46.69,0.019,6.945,0.493,20.033,"18-12-13_YC008_probe1","313",2
79.94,0.01,6.751,0.501,32.985,"18-12-13_YC008_probe1","317",2
48.53,0.02,7.286,0.346,10.91,"18-12-13_YC008_probe1","320",2
147.97,0.005,5.138,0.297,26.747,"18-12-13_YC008_probe1","338",2
102.15,0.008,6.718,0.382,25.369,"18-12-13_YC008_probe1","346",2
46.75,0.017,6.748,0.617,29.992,"18-12-13_YC008_probe1","371",2
58.08,0.015,6.72,0.392,16.238,"18-12-13_YC008_probe1","375",2
31.34,0.027,6.938,0.569,18.68,"18-12-13_YC008_probe1","386",2
15.08,0.064,6.966,0.389,6.021,"18-12-17_YC009_probe1","125",2
11.41,0.076,6.672,0.412,3.7,"18-12-17_YC009_probe1","15",2
79.39,0.01,6.356,0.463,29.871,"18-12-17_YC009_probe1","297",2
73.47,0.012,6.784,0.421,23.374,"18-12-17_YC009_probe1","298",2
47.97,0.018,6.862,0.464,18.087,"18-12-17_YC009_probe1","301",2
214.71,0.004,6.275,0.213,20.72,"18-12-17_YC009_probe1","420",2
137.16,0.006,5.993,0.371,34.151,"18-12-17_YC009_probe1","437",2
113.17,0.007,5.841,0.405,32.429,"18-12-17_YC009_probe1","439",2
86.12,0.011,7.048,0.359,20.437,"18-12-17_YC009_probe1","441",2
105.15,0.008,6.575,0.307,17.852,"18-12-17_YC009_probe1","453",2
110.58,0.007,5.598,0.328,22.435,"18-12-17_YC009_probe1","455",2
112.7,0.007,6.385,0.317,19.898,"18-12-17_YC009_probe1","473",2
73.16,0.012,6.96,0.445,26.508,"18-12-17_YC009_probe1","519",2
62.72,0.014,6.772,0.487,25.707,"18-12-17_YC009_probe1","524",2
78.13,0.009,6.406,0.478,31.543,"18-12-17_YC009_probe1","564",2
103.5,0.009,6.98,0.354,22.538,"18-12-17_YC009_probe1","569",2
48.08,0.016,6.471,0.585,29.108,"18-12-17_YC009_probe1","619",2
75.38,0.011,6.766,0.416,22.811,"18-12-17_YC009_probe1","625",2
154.77,0.005,5.425,0.301,26.054,"18-12-17_YC009_probe1","633",2
170.54,0.005,5.454,0.234,19.169,"18-12-17_YC009_probe1","635",2
9.34,0.096,6.99,0.429,3.297,"18-12-17_YC010_probe1","104",2
100.62,0.008,6.75,0.512,49.37,"18-12-17_YC010_probe1","117",2
75.24,0.011,6.986,0.517,37.563,"18-12-17_YC010_probe1","121",2
107.42,0.008,6.99,0.45,39.823,"18-12-17_YC010_probe1","133",2
47.36,0.024,6.692,0.673,26.865,"18-12-17_YC010_probe1","140",2
97.28,0.009,6.961,0.497,44.589,"18-12-17_YC010_probe1","144",2
63.99,0.012,6.483,0.631,48.101,"18-12-17_YC010_probe1","151",2
51.6,0.015,6.657,0.542,25.668,"18-12-17_YC010_probe1","152",2
132.8,0.006,5.681,0.367,30.35,"18-12-17_YC010_probe1","153",2
150.97,0.006,6.819,0.216,13.521,"18-12-17_YC010_probe1","198",2
76.74,0.01,6.634,0.438,24.949,"18-12-17_YC010_probe1","276",2
50.57,0.017,7.069,0.743,57.142,"18-12-17_YC010_probe1","277",2
65.65,0.013,6.521,0.392,19.349,"18-12-17_YC010_probe1","319",2
100.87,0.007,6.483,0.49,40.201,"18-12-17_YC010_probe1","394",2
100.49,0.009,6.815,0.269,13.255,"18-12-17_YC010_probe1","426",2
65.53,0.013,6.658,0.49,24.924,"18-12-18_YC010_probe1","102",2
82.74,0.011,7.037,0.475,31.893,"18-12-18_YC010_probe1","158",2
6.14,0.158,7.271,0.189,0.449,"18-12-18_YC010_probe1","167",2
23.57,0.038,7.115,0.39,6.172,"18-12-18_YC010_probe1","169",2
103.4,0.009,7.214,0.325,20.044,"18-12-18_YC010_probe1","241",2
92.87,0.01,7.286,0.172,5.628,"18-12-18_YC010_probe1","243",2
70.1,0.013,7.189,0.333,15.809,"18-12-18_YC010_probe1","244",2
110.11,0.008,6.498,0.226,10.925,"18-12-18_YC010_probe1","245",2
43.33,0.021,6.915,0.322,8.478,"18-12-18_YC010_probe1","253",2
34.75,0.025,6.821,0.577,24.453,"18-12-18_YC010_probe1","257",2
73.38,0.013,7.179,0.437,26.947,"18-12-18_YC010_probe1","330",2
121,0.008,6.764,0.232,11.907,"18-12-18_YC010_probe1","356",2
96.66,0.009,5.978,0.311,16.733,"18-12-18_YC010_probe1","364",2
33.5,0.026,6.902,0.408,10.496,"18-12-18_YC010_probe1","49",2
83.44,0.011,7.244,0.27,11.47,"18-12-18_YC010_probe1","69",2
72.83,0.013,7.024,0.281,10.71,"18-12-18_YC010_probe1","74",2
13.3,0.076,6.714,0.379,3.206,"18-12-18_YC010_probe1","78",2
83.83,0.011,7.18,0.329,16.195,"18-12-18_YC010_probe1","94",2
50.43,0.015,6.94,0.744,54.897,"19-01-16_YC011_probe1","121",2
42.3,0.019,6.712,0.62,27.131,"19-01-16_YC011_probe1","160",2
125.77,0.007,6.403,0.332,25.007,"19-01-16_YC011_probe1","192",2
58.13,0.014,6.807,0.538,31.56,"19-01-16_YC011_probe1","20",2
160.75,0.006,6.883,0.197,12.171,"19-01-16_YC011_probe1","234",2
79,0.011,6.946,0.609,51.011,"19-01-16_YC011_probe1","26",2
116.12,0.008,7.157,0.393,33.223,"19-01-16_YC011_probe1","27",2
40.99,0.019,6.693,0.644,30.948,"19-01-16_YC011_probe1","31",2
70.21,0.013,6.993,0.413,21.192,"19-01-16_YC011_probe1","33",2
44.51,0.018,6.724,0.462,15.276,"19-01-16_YC011_probe1","35",2
55.78,0.015,6.899,0.544,28.385,"19-01-16_YC011_probe1","43",2
38.45,0.021,6.99,0.641,30.641,"19-01-16_YC011_probe1","73",2
48.74,0.018,7.158,0.539,26.65,"19-01-16_YC011_probe1","95",2
63.42,0.013,7.071,0.674,56.995,"19-01-23_YC013_probe1","17",2
26.33,0.034,6.979,0.401,7.969,"19-01-23_YC013_probe1","214",2
16,0.057,7.077,0.342,3.509,"19-01-23_YC013_probe1","270",2
44,0.019,6.915,0.54,22.523,"19-01-23_YC013_probe1","30",2
61.62,0.014,6.975,0.469,24.2,"19-01-23_YC013_probe1","60",2
31.53,0.03,7.05,0.271,4.329,"19-01-24_YC013_probe1","17",2
22.53,0.04,6.908,0.366,5.555,"19-01-24_YC013_probe1","34",2
43.84,0.023,7.297,0.093,0.712,"19-01-24_YC013_probe1","57",2
45.25,0.021,7.264,0.514,26.924,"19-01-24_YC013_probe1","575",2
32,0.028,7.13,0.233,3.657,"19-01-24_YC013_probe1","62",2
72.43,0.014,7.224,0.14,2.687,"19-01-24_YC013_probe1","64",2
15.37,0.062,7.066,0.276,2.278,"19-08-14_YC015_probe1","35",2
64.51,0.015,7.195,0.433,22.404,"19-08-14_YC015_probe1","48",2
40.45,0.019,6.488,0.575,25.172,"19-08-14_YC015_probe2","67",2
75.54,0.011,6.819,0.707,66.811,"19-08-14_YC015_probe2","71",2
37.51,0.021,6.538,0.562,23.201,"19-08-14_YC015_probe2","79",2
73.62,0.013,7.103,0.366,18.658,"19-08-14_YC015_probe2","84",2
100.05,0.009,6.934,0.364,23.524,"19-08-14_YC015_probe1","88",2
66.56,0.014,6.821,0.378,16.289,"19-08-14_YC015_probe1","94",2
170.76,0.005,5.76,0.222,17.506,"19-08-14_YC015_probe1","97",2
38.63,0.025,7.414,0.148,1.632,"19-08-14_YC015_probe2","100",2
62.65,0.015,7.209,0.357,15.238,"19-08-14_YC015_probe2","119",2
51.68,0.016,6.944,0.496,22.547,"19-08-14_YC015_probe2","128",2
54.28,0.027,6.692,0.695,25.101,"19-08-14_YC015_probe2","140",2
49.53,0.013,6.508,0.604,32.344,"19-08-14_YC015_probe2","141",2
69.21,0.013,7.018,0.408,20.821,"19-08-14_YC015_probe2","147",2
67.27,0.013,7.133,0.367,16.728,"19-08-14_YC015_probe2","176",2
67.46,0.014,6.868,0.41,21.529,"19-08-14_YC015_probe2","204",2
47.76,0.018,7.024,0.54,24.902,"19-08-14_YC015_probe2","290",2
93.06,0.01,6.925,0.304,16.192,"19-08-14_YC015_probe1","354",2
59.03,0.015,7.006,0.466,22.486,"19-08-14_YC015_probe1","392",2
50.43,0.017,7.041,0.48,20.557,"19-08-14_YC015_probe1","393",2
128.81,0.007,7.131,0.208,10.429,"19-08-14_YC015_probe1","401",2
89.19,0.01,7.126,0.289,13.338,"19-08-14_YC015_probe2","436",2
63.23,0.014,6.94,0.358,15.298,"19-08-14_YC015_probe1","590",2
37.27,0.025,7.162,0.347,8.462,"19-08-14_YC015_probe1","606",2
92.46,0.009,6.334,0.351,19.609,"19-08-14_YC015_probe1","608",2
42.77,0.02,6.88,0.418,13.922,"19-08-14_YC015_probe1","610",2
63.21,0.011,6.278,0.541,47.933,"19-08-14_YC015_probe2","631",2
35.37,0.025,7.135,0.463,13.877,"19-08-14_YC015_probe2","794",2
66.19,0.013,6.997,0.418,20.695,"19-08-14_YC015_probe1","857",2
54.26,0.017,7.117,0.345,12,"19-08-14_YC015_probe1","881",2
45.34,0.019,6.945,0.441,15.132,"19-08-14_YC015_probe1","929",2
65.97,0.014,6.981,0.362,16.175,"19-08-14_YC015_probe1","967",2
143.82,0.006,6.323,0.235,17.226,"19-08-14_YC015_probe1","1026",2
15.35,0.062,6.967,0.35,4.031,"19-08-14_YC015_probe1","1030",2
85.25,0.01,6.856,0.503,35.926,"19-08-14_YC015_probe1","1081",2
60.78,0.01,6.239,0.7,62.456,"19-08-14_YC016_probe1","100",2
99.1,0.01,6.75,0.214,8.702,"19-08-14_YC016_probe1","102",2
104.91,0.009,7.092,0.214,9.46,"19-08-14_YC016_probe1","142",2
98.42,0.009,7.088,0.266,14.163,"19-08-14_YC016_probe1","161",2
61.96,0.015,7.134,0.268,8.749,"19-08-14_YC016_probe2","17",2
33.1,0.025,6.904,0.558,21.905,"19-08-14_YC016_probe1","211",2
64.21,0.013,6.977,0.453,23.03,"19-08-14_YC016_probe1","268",2
56.4,0.016,6.877,0.379,15.21,"19-08-14_YC016_probe1","274",2
89.89,0.011,7.306,0.307,15.621,"19-08-14_YC016_probe1","298",2
101.4,0.009,7.18,0.292,15.648,"19-08-14_YC016_probe1","301",2
12.05,0.076,7.215,0.373,3.706,"19-08-14_YC016_probe1","314",2
44.5,0.021,7.076,0.355,11.131,"19-08-14_YC016_probe2","20",2
75.02,0.013,7.122,0.348,17.071,"19-08-14_YC016_probe2","22",2
27.34,0.033,6.974,0.333,6.455,"19-08-14_YC016_probe1","527",2
69.65,0.014,6.879,0.294,11.627,"19-08-14_YC016_probe1","59",2
71.48,0.014,7.195,0.181,4.427,"19-08-14_YC016_probe1","605",2
82,0.012,7.038,0.292,13.53,"19-08-14_YC016_probe1","65",2
61.31,0.015,6.883,0.412,18.499,"19-08-14_YC016_probe2","25",2
149.06,0.004,5.391,0.315,32.171,"19-08-14_YC016_probe1","67",2
124.67,0.007,6.406,0.269,18.479,"19-08-14_YC016_probe1","714",2
174.24,0.005,6.598,0.162,10.152,"19-08-14_YC016_probe1","83",2
62.75,0.014,6.947,0.367,15.825,"19-08-14_YC016_probe1","895",2
142.33,0.007,6.766,0.212,15.309,"19-08-14_YC016_probe1","953",2
92.37,0.01,7.205,0.409,28.926,"19-08-14_YC016_probe2","47",2
24.59,0.04,6.96,0.181,1.529,"19-08-14_YC016_probe2","50",2
43.06,0.02,7.023,0.469,17.718,"19-08-14_YC016_probe2","56",2
126.97,0.007,7.205,0.386,35.176,"19-08-14_YC016_probe2","65",2
77.5,0.012,7.116,0.429,27.34,"19-08-14_YC016_probe2","66",2
57.16,0.014,7.014,0.603,37.483,"19-08-14_YC016_probe2","68",2
84.5,0.011,7.103,0.421,27.915,"19-08-14_YC016_probe2","74",2
86.13,0.011,7.092,0.353,19.908,"19-08-14_YC016_probe2","83",2
70.7,0.012,6.994,0.48,29.113,"19-08-14_YC016_probe2","91",2
81.32,0.012,7.063,0.423,29.522,"19-08-14_YC016_probe2","101",2
129.2,0.006,6.428,0.337,27.418,"19-08-14_YC016_probe2","119",2
57.16,0.015,6.62,0.508,26.294,"19-08-14_YC016_probe2","126",2
63.85,0.014,7.217,0.458,24.777,"19-08-14_YC016_probe2","131",2
42.21,0.018,6.189,0.251,5.824,"19-08-14_YC016_probe2","132",2
78.31,0.011,7.113,0.482,41.463,"19-08-14_YC016_probe2","154",2
130.07,0.008,7.113,0.213,10.707,"19-08-14_YC016_probe2","218",2
73.97,0.01,6.558,0.309,16.609,"19-08-14_YC016_probe2","224",2
79.57,0.011,6.914,0.442,26.573,"19-08-14_YC016_probe2","227",2
156.61,0.006,6.22,0.209,14.848,"19-08-14_YC016_probe2","239",2
79.81,0.012,6.954,0.415,25.908,"19-08-14_YC016_probe2","243",2
81.22,0.012,7.123,0.352,17.56,"19-08-14_YC016_probe2","377",2
28.84,0.034,7.246,0.446,15.807,"19-08-14_YC016_probe2","378",2
104.15,0.009,6.867,0.34,23.007,"19-08-14_YC016_probe2","418",2
102.04,0.009,7.038,0.303,16.955,"19-08-14_YC016_probe2","437",2
57.15,0.014,6.669,0.456,20.559,"19-08-14_YC016_probe2","443",2
148.23,0.006,6.687,0.265,19.433,"19-08-14_YC016_probe2","490",2
86.69,0.011,7.072,0.293,13.894,"19-08-14_YC016_probe2","501",2
43.89,0.017,6.648,0.587,26.651,"19-08-14_YC016_probe2","509",2
73.84,0.012,7.143,0.382,19.233,"19-08-14_YC016_probe2","539",2
86.19,0.01,5.978,0.323,16.229,"19-08-14_YC016_probe2","544",2
81.51,0.011,6.852,0.366,18.783,"19-08-14_YC016_probe2","549",2
81.36,0.01,6.132,0.37,21.7,"19-08-14_YC016_probe2","558",2
98.97,0.007,5.639,0.373,25.469,"19-08-14_YC016_probe2","666",2
54.58,0.016,7.013,0.479,23.2,"19-08-14_YC016_probe2","716",2
84.29,0.011,7.02,0.381,21.579,"19-08-14_YC016_probe2","812",2
73.65,0.013,6.878,0.367,18.574,"19-08-14_YC016_probe2","814",2
55.76,0.013,6.566,0.692,47.692,"19-08-14_YC016_probe2","815",2
74.07,0.013,7.128,0.309,13.246,"19-08-14_YC016_probe2","848",2
99.43,0.01,6.905,0.228,10.667,"19-08-14_YC016_probe2","910",2
93.75,0.01,7.025,0.295,14.848,"19-08-14_YC016_probe2","938",2
135.21,0.007,6.768,0.209,11.308,"19-08-14_YC016_probe2","959",2
100.33,0.009,7.026,0.332,19.548,"19-08-14_YC016_probe2","964",2
77.09,0.012,6.077,0.2,6.314,"19-08-14_YC016_probe2","979",2
85.56,0.011,7.053,0.418,27.655,"19-08-14_YC016_probe2","993",2
82.22,0.012,7.235,0.292,13.064,"19-08-15_YC016_probe1","59",2
176.58,0.005,6.424,0.196,14.151,"19-08-15_YC016_probe1","65",2
94.46,0.01,7.198,0.247,11.336,"19-08-15_YC016_probe1","66",2
55.2,0.014,6.736,0.733,61.122,"19-08-15_YC016_probe1","85",2
54.3,0.018,7.292,0.28,8.25,"19-08-15_YC016_probe1","9",2
29.06,0.03,6.544,0.358,8.067,"19-08-15_YC016_probe1","92",2
73.8,0.012,6.721,0.501,29.955,"19-08-16_YC014_probe1","147",2
31.55,0.029,6.888,0.587,26.778,"19-08-16_YC014_probe1","150",2
50.67,0.018,6.726,0.52,22.739,"19-08-16_YC014_probe1","187",2
55.12,0.016,7.102,0.471,23.59,"19-08-16_YC014_probe1","188",2
32.73,0.027,6.772,0.485,24.301,"19-08-16_YC014_probe1","201",2
35.95,0.025,7.132,0.364,14.055,"19-08-16_YC014_probe1","203",2
45.87,0.021,7.145,0.438,20.174,"19-08-16_YC014_probe1","208",2
21.98,0.043,7.058,0.389,11.326,"19-08-16_YC014_probe1","209",2
41.2,0.018,6.49,0.694,46.015,"19-08-16_YC014_probe1","325",2
16.75,0.058,7.054,0.418,7.939,"19-08-16_YC014_probe1","342",2
41.13,0.023,7.086,0.442,17.966,"19-08-16_YC014_probe1","344",2
39.18,0.026,7.398,0.279,15.915,"19-08-16_YC014_probe1","346",2
79.42,0.013,6.927,0.108,4.644,"19-08-16_YC014_probe1","350",2
35.97,0.024,7.006,0.524,19.174,"19-08-16_YC014_probe1","36",2
45.51,0.023,6.626,0.567,23.103,"19-08-16_YC014_probe1","39",2
37.68,0.02,6.486,0.586,26.304,"19-08-16_YC014_probe1","46",2
48.07,0.019,7.004,0.431,17.082,"19-08-16_YC014_probe1","462",2
45.56,0.017,6.683,0.525,27.427,"19-08-16_YC014_probe1","49",2
78.61,0.012,7.225,0.341,17.512,"19-08-16_YC014_probe1","61",2
71.46,0.012,6.809,0.492,34.455,"19-08-16_YC015_probe1","18",2
69.03,0.012,6.754,0.491,34.358,"19-08-16_YC015_probe1","19",2
71.59,0.012,6.981,0.478,32.209,"19-08-16_YC015_probe1","6",2
61.5,0.013,6.93,0.538,30.725,"19-09-30_YC017_probe1","111",2
107.1,0.008,6.751,0.468,39.758,"19-09-30_YC017_probe1","124",2
139.7,0.006,6.859,0.294,21.953,"19-09-30_YC017_probe1","127",2
108.43,0.008,7.154,0.444,38.668,"19-09-30_YC017_probe1","16",2
227.13,0.004,6.548,0.236,23.648,"19-09-30_YC017_probe1","163",2
72.97,0.013,7.022,0.368,17.707,"19-09-30_YC017_probe1","17",2
128,0.006,6.431,0.514,56.477,"19-09-30_YC017_probe1","177",2
82.51,0.011,7.115,0.33,16.537,"19-09-30_YC017_probe1","19",2
58.06,0.015,6.978,0.551,30.263,"19-09-30_YC017_probe1","2",2
82.71,0.01,6.676,0.405,26.076,"19-09-30_YC017_probe1","21",2
107.8,0.008,7.027,0.329,21.089,"19-09-30_YC017_probe1","235",2
134.18,0.006,6.661,0.381,33.675,"19-09-30_YC017_probe1","243",2
170.48,0.005,6.764,0.279,24.225,"19-09-30_YC017_probe1","247",2
191.69,0.004,6.493,0.305,32.901,"19-09-30_YC017_probe1","259",2
145.61,0.006,6.904,0.308,24.448,"19-09-30_YC017_probe1","268",2
98.71,0.009,6.955,0.385,26.547,"19-09-30_YC017_probe1","278",2
37.88,0.021,6.932,0.598,24.094,"19-09-30_YC017_probe1","3",2
116.63,0.008,6.823,0.333,22.697,"19-09-30_YC017_probe1","302",2
59.94,0.014,7.009,0.531,29.059,"19-09-30_YC017_probe1","35",2
108.73,0.009,7.276,0.414,38.592,"19-09-30_YC017_probe1","37",2
41.48,0.02,6.998,0.678,48.862,"19-09-30_YC017_probe1","381",2
63.57,0.013,6.882,0.383,21.252,"19-09-30_YC017_probe1","393",2
36.88,0.023,6.674,0.323,11.029,"19-09-30_YC017_probe1","529",2
69.5,0.012,6.9,0.5,29.653,"19-09-30_YC017_probe1","596",2
69.72,0.012,6.686,0.496,29.695,"19-09-30_YC017_probe1","600",2
60.91,0.015,7.215,0.597,46.141,"19-09-30_YC017_probe1","605",2
127.66,0.007,7.031,0.282,18.672,"19-09-30_YC017_probe1","652",2
44,0.019,7.028,0.61,29.544,"19-09-30_YC017_probe1","666",2
156.41,0.005,6.702,0.355,34.048,"19-09-30_YC017_probe1","670",2
89.66,0.01,7.053,0.455,32.056,"19-09-30_YC017_probe1","74",2
172.32,0.005,6.562,0.334,34.031,"19-09-30_YC017_probe1","745",2
64.05,0.011,6.212,0.516,29.67,"19-09-30_YC017_probe1","773",2
139.15,0.006,6.566,0.443,46.463,"19-09-30_YC017_probe1","844",2
51.75,0.015,6.883,0.555,27.176,"19-09-30_YC017_probe1","889",2
73.18,0.012,7.048,0.443,25.55,"19-09-30_YC017_probe1","950",2
60.09,0.015,6.82,0.304,10.061,"19-09-30_YC018_probe1","226",2
67.19,0.013,6.543,0.456,21.742,"19-09-30_YC018_probe1","232",2
74.18,0.012,7.024,0.287,11.471,"19-09-30_YC018_probe1","241",2
84.39,0.011,7.134,0.26,11.057,"19-09-30_YC018_probe1","242",2
89.49,0.01,6.83,0.333,17.901,"19-09-30_YC018_probe1","249",2
74.6,0.012,7.015,0.321,14.143,"19-09-30_YC018_probe1","251",2
116.54,0.008,6.982,0.207,9.426,"19-09-30_YC018_probe1","252",2
70.55,0.013,6.915,0.393,19.241,"19-09-30_YC018_probe1","254",2
50.12,0.017,6.745,0.38,12.667,"19-09-30_YC018_probe1","256",2
48.65,0.018,6.813,0.594,27.153,"19-09-30_YC018_probe1","281",2
8.55,0.104,7.268,0.395,3.573,"19-09-30_YC018_probe1","53",2
126.24,0.007,6.714,0.242,13.831,"19-09-30_YC018_probe1","725",2
111.68,0.008,6.873,0.238,12.542,"19-09-30_YC018_probe1","728",2
166.01,0.005,6.711,0.207,13.401,"19-09-30_YC018_probe1","729",2
138.52,0.007,6.855,0.199,11.16,"19-09-30_YC018_probe1","730",2
24,0.04,6.632,0.193,1.823,"19-09-30_YC018_probe1","735",2
232.05,0.004,6.043,0.065,2.251,"19-09-30_YC018_probe1","85",2
159.56,0.006,6.59,0.139,5.879,"19-09-30_YC018_probe1","94",2
86.06,0.013,6.492,0.711,49.972,"19-10-01_YC017_probe1","151",2
156.75,0.005,6.418,0.294,26.313,"19-10-01_YC017_probe1","156",2
127.27,0.007,7.008,0.329,24.633,"19-10-01_YC017_probe1","161",2
23.67,0.038,6.997,0.313,5.206,"19-10-01_YC017_probe1","175",2
34.14,0.025,6.791,0.37,11.495,"19-10-01_YC017_probe1","186",2
52.66,0.016,6.623,0.482,22.279,"19-10-01_YC017_probe1","192",2
18.8,0.043,6.391,0.375,6.802,"19-10-01_YC017_probe1","204",2
48.8,0.019,6.6,0.516,24.299,"19-10-01_YC017_probe1","238",2
29.74,0.03,7.06,0.44,10.622,"19-10-01_YC017_probe1","49",2
69.47,0.013,7.127,0.46,27.908,"19-10-01_YC017_probe1","58",2
59.53,0.015,7.002,0.564,30.996,"19-10-01_YC017_probe1","60",2
79.67,0.012,7.203,0.437,29.414,"19-10-01_YC017_probe1","62",2
85.89,0.009,6.847,0.652,65.735,"19-10-01_YC017_probe1","64",2
25.56,0.036,6.878,0.284,3.958,"19-10-01_YC017_probe1","74",2
59.53,0.015,7.274,0.621,50.609,"19-10-01_YC017_probe1","83",2
81.61,0.01,6.667,0.5,29.964,"19-10-02_YC019_probe1","19",2
62.14,0.015,7.026,0.402,18.815,"19-10-02_YC019_probe1","23",2
160.31,0.005,6.853,0.439,50.857,"19-10-02_YC019_probe1","26",2
172.02,0.005,7.043,0.456,58.063,"19-10-02_YC019_probe1","27",2
53.01,0.016,6.908,0.671,49.186,"19-10-02_YC019_probe1","28",2
73,0.012,6.985,0.393,21.435,"19-10-02_YC019_probe1","29",2
102.02,0.01,7.301,0.178,6.313,"19-10-02_YC019_probe1","3",2
89.48,0.01,7.117,0.474,38.503,"19-10-02_YC019_probe1","30",2
60.56,0.015,7.245,0.384,16.981,"19-10-02_YC019_probe1","32",2
68.37,0.012,7.037,0.642,51.848,"19-10-02_YC019_probe1","37",2
43.44,0.021,7.143,0.429,17.819,"19-10-02_YC019_probe1","47",2
89.27,0.011,7.241,0.361,21.044,"19-10-02_YC019_probe1","6",2
117.65,0.008,7.313,0.198,8.944,"19-10-02_YC019_probe1","8",2
141.82,0.007,7.061,0.27,18.517,"19-10-02_YC019_probe1","86",2
74.86,0.013,7.203,0.357,18.197,"19-10-02_YC020_probe1","19",2
75.69,0.011,6.83,0.644,68.43,"19-10-02_YC020_probe1","23",2
41.18,0.021,6.142,0.322,7.97,"19-10-02_YC020_probe1","85",2
57.79,0.016,6.894,0.406,22.073,"19-10-02_YC020_probe1","88",2
37.08,0.024,6.986,0.392,10.146,"19-10-02_YC020_probe1","97",2
215.09,0.004,6.684,0.192,15.207,"19-10-03_YC019_probe1","106",2
139.27,0.006,6.416,0.377,34.568,"19-10-03_YC019_probe1","121",2
138.72,0.005,6.299,0.424,42.669,"19-10-03_YC019_probe1","131",2
77.1,0.012,6.89,0.349,16.844,"19-10-03_YC019_probe1","136",2
12.24,0.064,6.721,0.361,3.8,"19-10-03_YC019_probe1","14",2
182.66,0.004,6.258,0.369,45.485,"19-10-03_YC019_probe1","142",2
139.53,0.007,6.933,0.255,16.886,"19-10-03_YC019_probe1","148",2
200.59,0.004,6.279,0.218,18.988,"19-10-03_YC019_probe1","162",2
100.32,0.009,7.109,0.326,19.278,"19-10-03_YC019_probe1","172",2
93.54,0.009,6.725,0.402,26.278,"19-10-03_YC019_probe1","175",2
76.49,0.011,6.826,0.506,33.225,"19-10-03_YC019_probe1","176",2
153.97,0.005,5.653,0.333,33.295,"19-10-03_YC019_probe1","180",2
72.16,0.011,6.85,0.538,35.737,"19-10-03_YC019_probe1","183",2
46.97,0.021,7.192,0.286,8.259,"19-10-03_YC019_probe1","2",2
64.32,0.014,7.017,0.55,36.93,"19-10-03_YC019_probe1","28",2
32.24,0.031,7.334,0.177,1.987,"19-10-03_YC019_probe1","3",2
10.81,0.074,6.819,0.412,3.889,"19-10-03_YC019_probe1","304",2
164.96,0.005,6.735,0.293,25.521,"19-10-03_YC019_probe1","329",2
85.94,0.01,6.973,0.577,51.923,"19-10-03_YC019_probe1","33",2
144.39,0.005,6.382,0.534,65.026,"19-10-03_YC019_probe1","330",2
90.9,0.009,6.913,0.435,28.796,"19-10-03_YC019_probe1","331",2
119,0.008,7.216,0.528,63.152,"19-10-03_YC019_probe1","39",2
71.78,0.012,7.036,0.514,34.281,"19-10-03_YC019_probe1","41",2
188.04,0.005,6.344,0.233,19.065,"19-10-03_YC019_probe1","68",2
114.27,0.007,6.887,0.442,37.598,"19-10-03_YC019_probe1","69",2
81.01,0.01,6.967,0.467,30.318,"19-10-03_YC019_probe1","71",2
144.24,0.006,6.552,0.363,32.97,"19-10-03_YC019_probe1","72",2
135.47,0.007,7.056,0.299,21.412,"19-10-03_YC019_probe1","73",2
80.69,0.012,7.22,0.36,18.767,"19-10-03_YC019_probe1","81",2
54.48,0.015,6.947,0.579,30.739,"19-10-03_YC019_probe1","86",2
88.13,0.011,7.184,0.306,15.019,"19-10-03_YC019_probe1","89",2
93.99,0.008,6.736,0.498,39.279,"19-10-03_YC019_probe1","97",2
157.08,0.005,6.34,0.297,25.7,"19-10-03_YC020_probe1","104",2
78.43,0.011,7.048,0.554,47.717,"19-10-03_YC020_probe1","11",2
61.04,0.014,6.937,0.573,35.232,"19-10-03_YC020_probe1","12",2
101.93,0.009,6.864,0.326,18.838,"19-10-03_YC020_probe1","121",2
89.95,0.01,7.062,0.476,38.346,"19-10-03_YC020_probe1","13",2
84.4,0.011,6.468,0.328,17.713,"19-10-03_YC020_probe1","144",2
102.17,0.008,6.191,0.35,22.367,"19-10-03_YC020_probe1","157",2
118.09,0.008,7.17,0.519,59.63,"19-10-03_YC020_probe1","16",2
173.8,0.005,6.351,0.448,49.426,"19-10-03_YC020_probe1","169",2
111.92,0.008,6.744,0.287,16.823,"19-10-03_YC020_probe1","180",2
65.2,0.014,6.833,0.652,43.908,"19-10-03_YC020_probe1","19",2
88.56,0.01,6.394,0.477,36.334,"19-10-03_YC020_probe1","20",2
68.46,0.012,6,0.443,26.348,"19-10-03_YC020_probe1","206",2
85.92,0.009,6.846,0.446,30.918,"19-10-03_YC020_probe1","278",2
83.66,0.011,6.137,0.492,27.106,"19-10-03_YC020_probe1","280",2
58.57,0.015,7.005,0.426,19.922,"19-10-03_YC020_probe1","3",2
77.74,0.012,7.127,0.437,29.152,"19-10-03_YC020_probe1","6",2
80.49,0.013,6.779,0.605,38.32,"19-10-03_YC020_probe1","65",2
80.03,0.011,7.094,0.455,32.143,"19-10-03_YC020_probe1","7",2
120.31,0.007,6.535,0.348,25.655,"19-10-03_YC020_probe1","71",2
115.97,0.008,7.207,0.311,19.652,"19-10-03_YC020_probe1","75",2
119,0.008,7.081,0.237,12.458,"19-10-03_YC020_probe1","81",2
53.28,0.018,6.839,0.315,12.444,"19-10-03_YC020_probe1","94",2
94.67,0.01,7.034,0.248,10.988,"19-10-22_YC022_probe1","101",2
142.29,0.007,6.955,0.222,12.956,"19-10-22_YC022_probe1","140",2
152.29,0.005,6.313,0.257,21.014,"19-10-22_YC022_probe1","19",2
90.85,0.01,7.011,0.346,19.639,"19-10-22_YC022_probe1","200",2
135.06,0.007,6.888,0.294,20.241,"19-10-22_YC022_probe1","210",2
90.91,0.01,6.953,0.358,20.752,"19-10-22_YC022_probe1","219",2
140.9,0.006,5.702,0.231,16.834,"19-10-22_YC022_probe1","227",2
118.55,0.007,6.334,0.404,33.979,"19-10-22_YC022_probe1","25",2
98.89,0.009,6.369,0.29,15.977,"19-10-22_YC022_probe1","261",2
93.34,0.008,6.734,0.509,41.304,"19-10-22_YC022_probe1","270",2
204.18,0.004,5.71,0.317,43.882,"19-10-22_YC022_probe1","276",2
130.12,0.007,6.82,0.271,18.09,"19-10-22_YC022_probe1","29",2
219.56,0.004,5.201,0.162,16.005,"19-10-22_YC022_probe1","290",2
103.48,0.01,6.981,0.288,14.847,"19-10-22_YC022_probe1","319",2
163.21,0.005,6.172,0.222,16.827,"19-10-22_YC022_probe1","368",2
140.46,0.007,6.82,0.259,17.483,"19-10-22_YC022_probe1","37",2
187.62,0.005,6.526,0.17,11.573,"19-10-22_YC022_probe1","373",2
124.1,0.007,6.731,0.299,20.271,"19-10-22_YC022_probe1","398",2
131.71,0.007,6.968,0.288,20.603,"19-10-22_YC022_probe1","4",2
140.09,0.006,6.547,0.249,16.985,"19-10-22_YC022_probe1","403",2
72.14,0.011,6.865,0.543,35.825,"19-10-22_YC022_probe1","444",2
15.79,0.058,7.066,0.367,3.984,"19-10-22_YC022_probe1","450",2
40.42,0.022,6.849,0.689,30.037,"19-10-22_YC022_probe1","451",2
52.93,0.019,6.532,0.193,8.025,"19-10-22_YC022_probe1","553",2
194.82,0.005,6.602,0.17,13.548,"19-10-22_YC022_probe1","57",2
140.94,0.006,6.73,0.358,31.419,"19-10-22_YC022_probe1","61",2
142.44,0.006,6.903,0.269,19.672,"19-10-22_YC022_probe1","66",2
61.67,0.012,6.632,0.606,38.613,"19-10-22_YC022_probe1","718",2
135.77,0.007,6.891,0.299,21.536,"19-10-22_YC022_probe1","796",2
80.32,0.011,6.906,0.437,26.558,"19-10-22_YC022_probe1","802",2
145.34,0.006,6.124,0.332,31.358,"19-10-22_YC022_probe1","819",2
98.27,0.009,6.913,0.417,29.241,"19-10-22_YC022_probe1","831",2
102.64,0.008,6.696,0.354,22.84,"19-10-22_YC022_probe1","833",2
164.77,0.005,6.128,0.284,27.416,"19-10-22_YC022_probe1","839",2
107.85,0.009,6.851,0.23,10.801,"19-10-22_YC022_probe1","84",2
73.09,0.012,6.852,0.397,19.797,"19-10-22_YC022_probe1","841",2
143.49,0.005,4.968,0.313,28.979,"19-10-22_YC022_probe1","842",2
58.2,0.016,7.261,0.467,24.499,"19-10-22_YC022_probe1","971",2
51.1,0.018,6.397,0.226,6.719,"19-10-23_YC022_probe1","140",2
32.56,0.03,6.621,0.312,11.974,"19-10-23_YC022_probe1","141",2
36.64,0.028,6.757,0.243,9.532,"19-10-23_YC022_probe1","142",2
48.68,0.021,6.598,0.269,16.694,"19-10-23_YC022_probe1","253",2
98.88,0.008,6.73,0.469,37.159,"19-10-23_YC022_probe1","277",2
116.13,0.006,5.906,0.488,48.445,"19-10-23_YC022_probe1","278",2
80.69,0.01,6.812,0.538,39.774,"19-10-23_YC022_probe1","280",2
101.91,0.008,6.425,0.566,51.876,"19-10-23_YC022_probe1","284",2
49.96,0.019,7.09,0.387,14.145,"19-10-23_YC022_probe1","48",2
53.91,0.017,7.181,0.389,15.945,"19-10-23_YC022_probe1","53",2
76.23,0.013,7.286,0.342,17.694,"19-10-23_YC022_probe1","59",2
170.92,0.005,6.566,0.27,22.582,"19-10-23_YC022_probe1","67",2
145.67,0.006,6.656,0.295,22.791,"19-10-23_YC022_probe1","71",2
93.96,0.01,6.915,0.312,16.251,"19-11-08_YC038_probe2","197",2
78.53,0.012,7.045,0.233,7.915,"19-11-08_YC038_probe2","209",2
68,0.015,7.295,0.211,6.111,"19-11-08_YC038_probe2","217",2
72.65,0.013,7.207,0.325,13.966,"19-11-08_YC038_probe2","220",2
47.88,0.019,6.807,0.328,9.446,"19-11-08_YC038_probe2","263",2
119.95,0.008,6.798,0.266,15.427,"19-11-08_YC038_probe2","470",2
80.26,0.012,6.992,0.187,5.522,"19-11-08_YC038_probe2","478",2
46.17,0.018,6.427,0.637,32.529,"19-11-05_YC037_probe1","121",2
41.55,0.021,6.986,0.564,23.447,"19-11-05_YC037_probe1","15",2
160.31,0.006,6.017,0.324,26.647,"19-11-05_YC037_probe1","175",2
39.08,0.021,6.691,0.56,23.803,"19-11-05_YC037_probe1","18",2
71.2,0.012,7.001,0.512,36.499,"19-11-05_YC037_probe1","19",2
97.6,0.01,7.174,0.367,24.646,"19-11-05_YC037_probe1","191",2
77.24,0.012,7.066,0.42,25.166,"19-11-05_YC037_probe1","20",2
102.86,0.009,7.16,0.406,30.928,"19-11-05_YC037_probe1","21",2
86.38,0.011,6.702,0.512,30.619,"19-11-05_YC037_probe1","218",2
66.16,0.014,7.165,0.374,17.362,"19-11-05_YC037_probe1","23",2
44.85,0.019,7.011,0.527,22.304,"19-11-05_YC037_probe1","28",2
57.26,0.016,6.672,0.423,16.449,"19-11-05_YC037_probe1","31",2
10.25,0.081,6.898,0.474,4.424,"19-11-05_YC037_probe1","314",2
41.46,0.021,6.655,0.493,19.865,"19-11-05_YC037_probe1","346",2
74.09,0.013,6.062,0.313,12.576,"19-11-05_YC037_probe1","36",2
76.4,0.013,7.293,0.265,10.175,"19-11-05_YC037_probe1","376",2
73.42,0.013,7.304,0.315,14.909,"19-11-05_YC037_probe1","445",2
98.78,0.009,7.172,0.406,30.89,"19-11-05_YC037_probe1","48",2
46.33,0.018,6.764,0.54,23.969,"19-11-05_YC037_probe1","549",2
54.08,0.016,6.919,0.495,23.536,"19-11-05_YC037_probe1","622",2
86.56,0.013,6.826,0.749,63.861,"19-11-05_YC037_probe1","81",2
46.34,0.019,6.992,0.586,34.45,"19-11-05_YC037_probe1","92",2
66.78,0.014,7.171,0.331,13.554,"19-11-05_YC036_probe1","213",2
132.23,0.007,5.23,0.112,5.558,"19-11-05_YC036_probe1","361",2
38.61,0.022,7.099,0.608,27.813,"19-11-05_YC036_probe1","60",2
67.84,0.013,7.07,0.508,33.064,"19-11-05_YC036_probe1","93",2
46.54,0.017,6.986,0.613,32.616,"19-11-04_YC037_probe1","10",2
129.19,0.006,6.449,0.323,24,"19-11-04_YC037_probe1","115",2
157.61,0.006,6.57,0.18,9.928,"19-11-04_YC037_probe1","123",2
62.6,0.015,7.074,0.407,18.44,"19-11-04_YC037_probe1","128",2
85.04,0.01,7.029,0.429,26.882,"19-11-04_YC037_probe1","133",2
71.16,0.012,7.02,0.46,25.711,"19-11-04_YC037_probe1","142",2
196.82,0.005,6.679,0.147,8.37,"19-11-04_YC037_probe1","144",2
68.53,0.013,7.012,0.398,19.382,"19-11-04_YC037_probe1","15",2
92.8,0.01,7.076,0.272,12.223,"19-11-04_YC037_probe1","150",2
96.01,0.009,6.925,0.334,18.802,"19-11-04_YC037_probe1","154",2
140.67,0.007,6.921,0.194,9.898,"19-11-04_YC037_probe1","157",2
51.3,0.018,7.186,0.354,12.068,"19-11-04_YC037_probe1","167",2
21.63,0.043,7.066,0.34,4.723,"19-11-04_YC037_probe1","191",2
22.85,0.043,7.048,0.217,2.061,"19-11-04_YC037_probe1","192",2
83.57,0.011,6.08,0.5,30.427,"19-11-04_YC037_probe1","32",2
68.75,0.014,6.679,0.43,20.933,"19-11-04_YC037_probe1","40",2
52.77,0.017,6.986,0.522,27.511,"19-11-04_YC037_probe1","46",2
112.01,0.007,6.879,0.689,98.142,"19-11-04_YC037_probe1","7",2
99.32,0.008,6.625,0.437,32.415,"19-11-04_YC037_probe1","85",2
120.61,0.008,5.679,0.305,22.953,"19-11-04_YC037_probe1","89",2
111.33,0.008,6.73,0.562,66.506,"19-11-04_YC037_probe1","9",2
180.67,0.005,6.511,0.238,19.17,"19-11-04_YC037_probe1","98",2
60.73,0.015,6.338,0.551,31.521,"19-11-04_YC036_probe1","162",2
68.25,0.014,6.683,0.282,10.334,"19-11-04_YC036_probe1","178",2
79.39,0.012,7.118,0.368,19.448,"19-11-04_YC036_probe1","280",2
95.26,0.01,7.175,0.367,23.361,"19-11-04_YC036_probe1","29",2
69.86,0.014,5.831,0.357,15.966,"19-11-04_YC036_probe1","51",2
90.76,0.01,6.411,0.411,26.606,"19-11-04_YC036_probe1","8",2
155.13,0.006,6.431,0.217,14.465,"19-11-11_YC040_probe1","113",2
170.71,0.005,5.07,0.232,18.008,"19-11-11_YC040_probe1","120",2
163.23,0.005,5.307,0.249,21.506,"19-11-11_YC040_probe1","132",2
79.33,0.011,6.927,0.421,27.138,"19-11-11_YC040_probe1","134",2
171.96,0.005,5.681,0.316,33.362,"19-11-11_YC040_probe1","156",2
189.75,0.005,5.271,0.158,10.729,"19-11-11_YC040_probe1","162",2
115.19,0.007,6.462,0.309,20.084,"19-11-11_YC040_probe1","173",2
68.32,0.01,6.118,0.668,55.091,"19-11-11_YC040_probe1","192",2
155.27,0.005,5.22,0.263,21.116,"19-11-11_YC040_probe1","224",2
87.9,0.01,6.396,0.359,21.165,"19-11-11_YC040_probe1","241",2
98.82,0.008,6.541,0.539,47.691,"19-11-11_YC040_probe1","47",2
54.12,0.016,7.016,0.538,27.974,"19-11-11_YC040_probe1","51",2
165.74,0.005,5.759,0.317,31.322,"19-11-11_YC040_probe1","81",2
