"Sample","SampleP","Unit","MFRBlockHz","MeanAmpBlock","ACGViolationRatio","tf_MIFRBlockHz","tf_MedIsi","tf_ModeIsi","tf_Perc5Isi","tf_Entropy","tf_CV2Mean","tf_CV2Median","tf_CV","tf_Ir","tf_Lv","tf_LvR","tf_Si","tf_skw","wf_RiseTime","wf_PosDecayTime","wf_FallTime","wf_NegDecayTime","wf_MaxAmpNorm","wf_Duration","wf_PosHwDuration","wf_NegHwDuration","wf_Onset","wf_End","wf_Crossing","wf_Pk10","wf_Pk90","wf_Pk50","wf_PkTrRatio","wf_DepolarizationSlope","wf_RepolarizationSlope","wf_RecoverySlope","wf_EndSlopeTau","Cluster_x","Cluster_y","SmallCluster","SmallClusterName","RespPk","RespGo","RespGr","RespMF","RespMLI","ClusterACG","Cluster","ClusterNo","NewCluster"
"18-08-30_YC001_probe1","18-08-30_YC001",129,1.37,38.45,0,11.045,0.632,2,0.08,7.245,0.909,0.878,0.697,1.234,0.86,3.751,0.113,0.675,0.239899143,0.440249086,0.405726118,0.515228938,0.38701278,1.03,0.469393934,0.5,-0.019421048,-0.014180152,0.020699541,0.038701278,0.348311502,0.19350639,0.387,-2.497912173,1.595502461,-1.206903419,0.131726134,3,NA,2,"Complex Spike",0,0,0,0,0,2,"CS",2,1
"18-08-30_YC001_probe1","18-08-30_YC001",130,1.53,22.73,0,2.911,0.562,4,0.099,7.223,0.823,0.799,0.675,0.98,0.693,2.824,0.07,0.765,0.26845009,0.367659189,0.526675723,0.612761545,0.52448875,1.04,0.472510361,0.57,-0.074863955,0.050522894,-0.014980196,0.052448875,0.472039872,0.262244374,0.524,-0.878011383,1.625944512,-1.354067386,0.179363475,3,NA,2,"Complex Spike",0,0,0,0,0,2,"CS",2,1
"18-08-30_YC001_probe1","18-08-30_YC001",133,1.43,32.93,0,2.697,0.614,5,0.109,7.245,0.819,0.772,0.645,0.981,0.692,2.626,0.071,0.686,0.207848378,0.304653774,0.441000742,0.553335753,0.3215859,0.93,0.451646804,0.5,-0.010852764,0.05352391,0.007018354,0.032158589,0.289427304,0.160792947,0.322,-2.436060128,1.661047769,-0.73527939,0.218576562,3,NA,2,"Complex Spike",0,0,0,0,0,2,"CS",2,1
"18-08-30_YC001_probe1","18-08-30_YC001",135,1.38,24.98,0,2.532,0.634,3,0.119,7.273,0.81,0.791,0.641,0.966,0.684,2.528,0.069,0.648,0.15,0.085024403,0.124475714,0.19999303,0.31969607,0.3,0.17,0.4,0.013411393,-0.11018948,-0.012504225,0.031969607,0.287726462,0.159848034,0.32,-5.502195753,1.97548723,-0.382107329,0.213775461,3,NA,2,"Complex Spike",0,0,0,0,0,2,"CS",2,1
"18-08-30_YC001_probe1","18-08-30_YC001",137,1.64,33.08,0,2.972,0.545,3,0.1,7.263,0.801,0.765,0.634,0.951,0.669,2.81,0.067,0.626,0.272768815,0.338200319,0.422075903,0.510384752,0.3376203,0.94,0.448605361,0.46,-0.021394506,0.023583025,0.003333041,0.033762029,0.303858259,0.168810144,0.338,-2.968128882,1.583872853,-0.908829772,0.182312421,3,NA,2,"Complex Spike",0,0,0,0,0,2,"CS",2,1
"18-08-30_YC001_probe1","18-08-30_YC001",139,1.49,21.56,0,5.84,0.565,1,0.093,7.184,0.868,0.832,0.701,1.098,0.776,3.287,0.089,0.814,0.261876593,0.321042325,0.654524622,0.747086821,0.4622729,1.17,0.451460667,0.5,-0.008770889,-0.009273547,-0.031688262,0.046227291,0.416045621,0.231136456,0.462,-2.291797576,1.241816104,-0.909336163,0.193659341,3,NA,2,"Complex Spike",0,0,0,0,0,2,"CS",2,1
"18-08-30_YC001_probe1","18-08-30_YC001",149,1.65,45.36,0,3.041,0.524,1,0.103,7.216,0.81,0.799,0.67,0.959,0.676,2.842,0.067,0.768,0.23008051,0.353530954,0.394062266,0.494696074,0.29219908,0.93,0.559672469,0.4,-0.012939923,0.043323115,0.001530526,0.029219908,0.262979168,0.146099538,0.292,-3.610751341,1.59802046,-0.483836021,0.263584422,3,NA,2,"Complex Spike",0,0,0,0,0,2,"CS",2,1
"18-08-30_YC001_probe1","18-08-30_YC001",154,1.4,24.38,0,2.601,0.625,4,0.118,7.216,0.812,0.763,0.658,0.972,0.691,2.567,0.07,0.733,0.137176905,0.197587087,0.336305646,0.412851314,0.23298652,0.67,0.491344635,0.44,-0.029812427,0.082147785,-0.008845043,0.023298652,0.209687872,0.116493262,0.233,-2.308530816,2.143777515,-0.161890625,0.327519693,3,NA,2,"Complex Spike",0,0,0,0,0,2,"CS",2,1
"18-08-30_YC001_probe1","18-08-30_YC001",156,1.2,16.13,0,2.185,0.723,2,0.145,7.175,0.796,0.751,0.662,0.945,0.66,2.185,0.067,0.792,0.292875097,0.31488818,0.403246258,0.477291442,0.45240256,0.9,0.395336527,0.46,-0.027816463,-0.048345353,0.019168468,0.045240256,0.407162306,0.226201281,0.452,-3.086088756,1.687461137,-0.749884862,0.189337561,3,NA,2,"Complex Spike",0,0,0,0,0,2,"CS",2,1
"18-08-30_YC001_probe1","18-08-30_YC001",158,1.46,24.73,0,2.643,0.598,2,0.116,7.26,0.778,0.729,0.644,0.921,0.642,2.447,0.064,0.704,0.164004199,0.237916043,0.380219949,0.445332114,0.21199892,0.76,0.429528187,0.4,-0.028679483,0.023846433,-0.011959979,0.021199892,0.190799032,0.105999462,0.212,-3.947403539,1.793219058,-0.285069148,0.276619569,3,NA,2,"Complex Spike",0,0,0,0,0,2,"CS",2,1
"18-08-30_YC001_probe1","18-08-30_YC001",162,1.3,22.38,0,2.339,0.686,3,0.131,7.266,0.81,0.771,0.637,0.96,0.678,2.385,0.068,0.64,0.181648678,0.269631886,0.296439253,0.372289987,0.32762584,0.7,0.398404755,0.37,-0.017331962,-0.02995683,0.010868831,0.032762584,0.294863257,0.16381292,0.328,-2.822770664,2.187047388,-0.744331803,0.171850952,3,NA,2,"Complex Spike",0,0,0,0,0,2,"CS",2,1
"18-08-30_YC001_probe1","18-08-30_YC001",163,1.41,17.56,0,2.696,0.614,1,0.111,7.192,0.813,0.768,0.683,0.969,0.685,2.637,0.069,0.842,0.247950042,0.382082419,0.316621171,0.375198865,0.30710143,0.83,0.464013529,0.43,-0.056389537,0.014537458,-0.023208251,0.030710143,0.276391286,0.153550714,0.307,-1.332808588,2.765285827,-1.001986557,0.156488989,3,NA,2,"Complex Spike",0,0,0,0,0,2,"CS",2,1
"18-08-30_YC001_probe1","18-08-30_YC001",193,0.81,13.16,0,2.476,0.771,7,0.114,5.924,0.893,0.935,0.989,1.121,0.831,2.474,0.091,1.825,0.048378426,0.095644781,0.094949206,0.114889015,0.2792074,0.23,0.206910773,0.1,-0.016766788,0.004841747,-0.001584844,0.027920741,0.251286668,0.139603704,0.279,-8.462776411,6.765414034,-0.844462521,0.147656552,3,NA,2,"Complex Spike",0,0,0,0,0,2,"CS",2,1
"18-08-30_YC001_probe1","18-08-30_YC001",20,1.22,20.29,0,2.319,0.7,1,0.132,7.212,0.832,0.82,0.686,0.992,0.71,2.401,0.071,0.741,0.165,0.095670306,0.122559052,0.220398148,0.41959164,0.33,0.2,0.46,0.014703613,-0.22677454,0.005355424,0.041959164,0.377632472,0.209795818,0.42,-5.386673344,1.688288149,0,0.263129907,3,NA,2,"Complex Spike",0,0,0,0,0,2,"CS",2,1
"18-08-30_YC001_probe1","18-08-30_YC001",230,1.49,23.78,0,2.608,0.577,2,0.129,7.221,0.774,0.74,0.657,0.904,0.623,2.4,0.061,0.78,0.438955895,0.491443802,0.134176865,0.15643738,0.50486624,0.7,0.775510995,0.17,-0.033703636,0.012825761,0.018819979,0.050486624,0.454379618,0.252433121,0.505,-4.431274211,3.928129908,-0.722830365,0.272905597,3,NA,2,"Complex Spike",0,0,0,0,0,2,"CS",2,1
"18-08-30_YC001_probe1","18-08-30_YC001",233,1.92,20.05,0,3.257,0.446,1,0.109,7.176,0.756,0.72,0.649,0.876,0.595,2.77,0.057,0.871,0.407696011,0.563610268,0.484665202,0.572048523,0.31079897,1.27,0.662676599,0.5,-0.07063722,0.046935767,0.0067973,0.031079897,0.279719076,0.155399486,0.311,-1.411629586,1.097332428,-0.60248773,0.246275984,3,NA,2,"Complex Spike",0,0,0,0,0,2,"CS",2,1
"18-08-30_YC001_probe1","18-08-30_YC001",234,1.47,25.5,0,2.4,0.595,2,0.147,7.23,0.742,0.697,0.614,0.859,0.584,2.161,0.056,0.695,0.243005113,0.476477937,0.534126815,0.617912523,0.15108879,1.23,0.889211171,0.47,-0.009255097,0.017204173,-0.0081077,0.015108879,0.13597991,0.075544395,0.151,-2.624295549,1.476476314,-0.166432351,0.945651396,3,NA,2,"Complex Spike",0,0,0,0,0,2,"CS",2,1
"18-08-30_YC001_probe1","18-08-30_YC001",235,1.08,29.28,0,1.843,0.786,5,0.181,7.111,0.782,0.777,0.657,0.908,0.627,1.889,0.06,0.843,0.347684235,0.527783021,0.44362482,0.5567839,0.23198946,1.23,0.616382558,0.47,-0.020614969,0.04171791,0.019721549,0.023198946,0.208790512,0.115994729,0.232,-2.885625897,1.644253036,-0.636097041,0.310692009,3,NA,2,"Complex Spike",0,0,0,0,0,2,"CS",2,1
"18-08-30_YC001_probe1","18-08-30_YC001",238,1.41,20.47,0,2.321,0.613,2,0.151,7.211,0.756,0.712,0.627,0.876,0.596,2.144,0.057,0.786,0.446364552,0.44806754,0.485479776,0.595348661,0.21377666,1.23,0.432695997,0.44,-0.018244991,0.041120995,-0.011127842,0.021377666,0.192398997,0.106888331,0.214,-2.090828631,1.855130404,-0.602663072,0.572142584,3,NA,2,"Complex Spike",0,0,0,0,0,2,"CS",2,1
"18-08-30_YC001_probe1","18-08-30_YC001",239,1.58,16.68,0,2.905,0.513,1,0.114,7.111,0.797,0.762,0.71,0.936,0.651,2.637,0.064,0.956,0.248038911,0.452446569,0.427282103,0.538623752,0.25073117,1.1,0.713938565,0.47,-0.020961419,0.012346014,0.020277703,0.025073117,0.225658053,0.125365585,0.251,-1.818226271,1.819070468,-0.377469994,0.35313304,3,NA,2,"Complex Spike",0,0,0,0,0,2,"CS",2,1
"18-08-30_YC001_probe1","18-08-30_YC001",240,1.54,29.5,0,2.583,0.544,2,0.137,7.204,0.77,0.749,0.653,0.889,0.606,2.33,0.058,0.822,0.547235025,0.72396975,0.462694537,0.547986568,0.23828252,1.47,0.734724453,0.5,-0.05560158,0.072878994,0.022233621,0.023828252,0.214454265,0.119141258,0.238,-1.264364966,1.501323465,-0.476432701,0.218493426,3,NA,2,"Complex Spike",0,0,0,0,0,2,"CS",2,1
"18-08-30_YC001_probe1","18-08-30_YC001",242,1.23,32.92,0,2.085,0.699,3,0.159,7.153,0.768,0.74,0.647,0.893,0.612,2.019,0.059,0.845,0.209729367,0.400720226,0.406966935,0.514923737,0.288709,1,0.621350774,0.5,-0.029036762,0.08060695,0.013262108,0.028870901,0.259838113,0.144354507,0.289,-1.717985807,1.527306688,-0.52882004,0.344267059,3,NA,2,"Complex Spike",0,0,0,0,0,2,"CS",2,1
"18-08-30_YC001_probe1","18-08-30_YC001",245,1.11,27.55,0,1.911,0.778,4,0.167,7.157,0.783,0.734,0.647,0.921,0.641,1.959,0.063,0.749,0.138276358,0.287788508,0.362406841,0.473749112,0.20971209,0.83,0.550719191,0.5,-0.020110697,0.028607832,-0.0051677,0.020971209,0.188740879,0.104856044,0.21,-1.997149042,1.762188253,-0.204717737,0.311503247,3,NA,2,"Complex Spike",0,0,0,0,0,2,"CS",2,1
"18-08-30_YC001_probe1","18-08-30_YC001",254,1.43,18.99,0,2.635,0.6,1,0.119,7.239,0.822,0.797,0.682,0.971,0.684,2.571,0.068,0.839,0.253710745,0.606494268,0.407676621,0.511596256,0.20255993,1.26,0.70011794,0.64,-0.06691825,0.008680645,0.034370873,0.020255993,0.18230394,0.101279967,0.203,-1.60565164,1.885359466,-0.555493906,0.235861153,3,NA,2,"Complex Spike",0,0,0,0,0,2,"CS",2,1
"18-08-30_YC001_probe1","18-08-30_YC001",256,1.21,21.84,0,1.985,0.703,3,0.173,7.122,0.746,0.725,0.642,0.86,0.583,1.891,0.055,0.912,0.160559406,0.387677559,0.386938368,0.51391799,0.1947872,1,0.680709473,0.46,-0.064075604,0.002470893,0.012198469,0.01947872,0.175308484,0.097393602,0.195,-2.467748917,1.96158131,-0.191707455,0.42120245,3,NA,2,"Complex Spike",0,0,0,0,0,2,"CS",2,1
"18-08-30_YC001_probe1","18-08-30_YC001",26,1.47,26.94,0,2.76,0.577,1,0.115,7.113,0.826,0.815,0.7,0.981,0.7,2.7,0.07,0.907,0.063998502,0.133862908,0.067490616,0.086589105,0.7416367,0.24,0.378748279,0.8,-0.038115423,0.09890886,0.076004484,0.074163669,0.667473024,0.370818347,0.742,-8.010134814,9.543491846,-1.343278129,0.376063822,3,NA,2,"Complex Spike",0,0,0,0,0,2,"CS",2,1
"18-08-30_YC001_probe1","18-08-30_YC001",261,1.43,20.09,0,2.455,0.603,1,0.142,7.231,0.772,0.737,0.644,0.901,0.62,2.292,0.061,0.79,0.049812353,0.128439454,0.127757522,0.174855377,0.24369778,0.33,0.27,0.17,-0.011060902,-0.006920866,-6.01e-05,0.024369778,0.219328,0.121848889,0.244,-7.2093947,4.7542112,-0.803046428,0.184926067,3,NA,2,"Complex Spike",0,0,0,0,0,2,"CS",2,1
"18-08-30_YC001_probe1","18-08-30_YC001",27,1.02,43.05,0,1.866,0.832,1,0.156,7.179,0.829,0.808,0.661,0.987,0.704,2.07,0.071,0.742,0.327015867,0.535830835,0.42180784,0.506137277,0.28252763,1.16,0.811202766,0.43,-0.108793445,0.004402659,-0.007997253,0.028252763,0.254274863,0.141263813,0.283,-1.493397113,1.766541576,-0.396912478,0.380270166,3,NA,2,"Complex Spike",0,0,0,0,0,2,"CS",2,1
"18-08-30_YC001_probe1","18-08-30_YC001",44,0.4,13.11,0,1.098,1.622,7,0.287,5.538,0.981,0.992,1.032,1.205,0.892,1.795,0.094,2.252,0.033319635,0.0826904,0.074437418,0.104166667,0.2907104,0.2,0.144004239,0.1,-0.008014572,0.0571949,-0.029929571,0.029071039,0.261639351,0.145355195,0.291,-8.645813726,8.652094856,-0.932522651,0.081497965,3,NA,2,"Complex Spike",0,0,0,0,0,2,"CS",2,2
"18-08-30_YC001_probe1","18-08-30_YC001",465,1.49,34.57,0,2.643,0.559,2,0.128,7.1,0.782,0.755,0.687,0.912,0.631,2.428,0.061,0.946,0.06881016,0.130684466,0.073189912,0.116292356,0.703475,0.27,0.370407245,0.27,0.000175737,0.18352956,0.067144368,0.0703475,0.633127499,0.351737499,0.703,-8.704878369,8.235571967,-1.353679012,0.287257361,3,NA,2,"Complex Spike",0,0,0,0,0,2,"CS",2,1
"18-08-30_YC001_probe1","18-08-30_YC001",494,1.33,26.46,0,2.518,0.657,2,0.118,7.256,0.822,0.807,0.657,0.983,0.698,2.542,0.071,0.697,0.261818197,0.354743695,0.393687191,0.453509944,0.31668848,0.9,0.483745971,0.4,-0.049856294,0.040973015,-0.017243857,0.031668848,0.28501963,0.158344239,0.317,-2.064673859,1.589421037,-0.708122557,0.20944732,3,NA,2,"Complex Spike",0,0,0,0,0,2,"CS",2,1
"18-08-30_YC001_probe1","18-08-30_YC001",69,1.3,29.72,0,2.274,0.656,2,0.14,7.167,0.768,0.725,0.657,0.897,0.616,2.163,0.06,0.856,0.211735978,0.414517164,0.362906219,0.437948,0.20460312,0.96,0.565169446,0.37,-0.014797721,0.00938784,0.014075378,0.020460312,0.184142809,0.10230156,0.205,-1.875568161,1.66711833,-0.366814928,0.224633987,3,NA,2,"Complex Spike",0,0,0,0,0,2,"CS",2,1
"18-08-30_YC001_probe1","18-08-30_YC001",71,1.02,21.28,0,2.622,0.867,2,0.15,7.202,0.845,0.791,0.676,1.033,0.738,2.501,0.079,0.707,0.483632584,0.525102588,0.47934751,0.549197906,0.290771,1.3,0.452624656,0.43,-0.001930935,0.012457055,0.011256021,0.029077101,0.261693907,0.145385504,0.291,-1.204359854,1.69422379,-0.42072759,0.368953757,3,NA,2,"Complex Spike",0,0,0,0,0,2,"CS",2,1
"18-08-30_YC001_probe1","18-08-30_YC001",82,1.5,18.11,0,2.905,0.579,1,0.099,7.187,0.82,0.778,0.683,0.979,0.693,2.781,0.07,0.779,0.185,0.113610886,0.138581253,0.240219105,0.3999712,0.37,0.17,0.44,0.006198761,-0.004081185,0.002798894,0.039997119,0.359974068,0.199985594,0.4,-4.819116695,1.902006889,-0.567921278,0.24835977,3,NA,2,"Complex Spike",0,0,0,0,0,2,"CS",2,1
"18-08-30_YC001_probe1","18-08-30_YC001",86,1.6,33.11,0,2.816,0.538,3,0.11,7.208,0.779,0.733,0.653,0.914,0.631,2.589,0.062,0.856,0.415931685,0.464602883,0.512685578,0.598506642,0.22691417,1.4,0.501255838,0.47,-0.003242652,0.003414138,-0.027669533,0.022691417,0.204222751,0.113457084,0.227,-0.855652384,1.488810901,-0.428690425,0.480690156,3,NA,2,"Complex Spike",0,0,0,0,0,2,"CS",2,1
"18-08-30_YC001_probe1","18-08-30_YC001",89,1.34,17.03,0,2.37,0.633,2,0.137,7.084,0.805,0.786,0.676,0.945,0.663,2.328,0.065,0.896,0.195838611,0.219549603,0.160014546,0.26467075,0.26549074,0.4,0.24,0.47,0.011152344,0.013336139,0.005525028,0.026549074,0.238941666,0.13274537,0.265,-4.031833574,1.966053077,-0.317643672,0.216132371,3,NA,2,"Complex Spike",0,0,0,0,0,2,"CS",2,1
"18-08-30_YC001_probe1","18-08-30_YC001",93,1.61,30.56,0,3.037,0.525,1,0.104,7.147,0.814,0.774,0.694,0.967,0.682,2.808,0.069,0.882,0.165,0.132027136,0.105920793,0.187297493,0.82617575,0.33,0.23,0.4,-0.010476693,-0.29144824,-0.041354823,0.082617575,0.743558174,0.413087875,0.826,-6.894485262,1.954477509,0,0.380122451,3,NA,2,"Complex Spike",0,0,0,0,0,2,"CS",2,1
"18-08-30_YC002_probe1","18-08-30_YC002",21,0.35,13.36,0,3.14,1.801,3,0.057,5.281,0.983,1.025,1.034,1.478,1.065,2.709,0.159,1.253,0.048747743,0.066230001,0.069367655,0.079065421,0.38821137,0.16,0.083959976,0.12,-0.028455285,-0.0300813,-0.019837715,0.038821137,0.349390233,0.194105685,0.388,-7.794715438,10.13594802,-1.513430474,0.078112409,3,NA,2,"Complex Spike",0,0,0,0,0,2,"CS",2,2
"18-08-30_YC002_probe1","18-08-30_YC002",272,1.37,21.66,0,1.842,0.661,6,0.234,7.206,0.599,0.538,0.494,0.656,0.387,1.329,0.034,0.624,0.064488686,0.123592496,0.076078229,0.090227373,0.5961218,0.23,0.361041422,0.13,-0.01662117,0.16578142,-0.009460349,0.059612179,0.536509609,0.298060894,0.596,-8.033785894,8.54001515,-1.083448691,0.287537614,3,NA,2,"Complex Spike",0,0,0,0,0,2,"CS",2,1
"18-08-30_YC002_probe1","18-08-30_YC002",275,1.75,18.19,0,2.703,0.505,2,0.134,7.254,0.722,0.686,0.598,0.825,0.548,2.253,0.051,0.771,0.505229959,0.594366154,0.371392919,0.478662651,0.37362733,1.23,0.691915186,0.47,-0.04372777,0.000997004,0.037609687,0.037362733,0.336264601,0.186813667,0.374,-0.820649637,2.045602622,-0.517919663,0.235013821,3,NA,2,"Complex Spike",0,0,0,0,0,2,"CS",2,1
"18-08-30_YC002_probe1","18-08-30_YC002",39,1.94,24.41,0,2.995,0.458,1,0.123,7.23,0.719,0.679,0.597,0.819,0.545,2.439,0.051,0.719,0.183583747,0.246837376,0.425419378,0.480838799,0.35670888,0.8,0.454055229,0.53,-0.0522864,0.04897342,0.015685043,0.035670888,0.321037996,0.178354442,0.357,-2.771217712,1.835503784,-0.658938828,0.210669908,3,NA,2,"Complex Spike",0,0,0,0,0,2,"CS",2,1
"18-08-30_YC002_probe1","18-08-30_YC002",41,1.6,30.72,0,2.441,0.561,3,0.15,7.237,0.708,0.666,0.583,0.803,0.524,2.041,0.049,0.697,0.10155182,0.321370909,0.41041976,0.487088613,0.12668376,1.33,0.856788998,0.37,0.009413921,0.007047988,0.025641377,0.012668376,0.114015381,0.063341878,0.127,-1.383729642,1.752708572,-0.209293046,0.156142922,3,NA,2,"Complex Spike",0,0,0,0,0,2,"CS",2,1
"18-08-30_YC002_probe1","18-08-30_YC002",51,2.13,24.43,0,3.206,0.419,2,0.116,7.22,0.698,0.649,0.583,0.79,0.515,2.485,0.047,0.765,0.15,0.071124548,0.126164743,0.214317763,0.33025402,0.3,0.13,0.47,0.00405565,0.14706868,-0.003971118,0.033025402,0.297228616,0.165127009,0.33,-5.616417008,1.712755483,-0.041369505,0.315243466,3,NA,2,"Complex Spike",0,0,0,0,0,2,"CS",2,1
"18-08-30_YC002_probe1","18-08-30_YC002",59,2,28.65,0,3.033,0.446,1,0.124,7.223,0.716,0.679,0.592,0.812,0.533,2.434,0.049,0.783,0.343905726,0.641963185,0.482144425,0.559007188,0.18953799,1.36,0.872105918,0.54,-0.061383717,0.069118425,0.001964821,0.018953799,0.170584188,0.094768994,0.19,-1.264222087,1.595262746,-0.189149431,0.339459697,3,NA,2,"Complex Spike",0,0,0,0,0,2,"CS",2,1
"18-08-30_YC002_probe1","18-08-30_YC002",60,1.63,30.31,0,3.622,0.552,3,0.126,7.233,0.754,0.697,0.603,0.889,0.597,2.483,0.061,0.668,0.742172826,0.783165539,0.36444692,0.441355272,0.31716374,1.36,0.577791487,0.53,-0.18906854,0.016218103,0.089258542,0.031716374,0.285447362,0.158581868,0.317,-0.984674209,1.990300754,-0.609189906,0.205800387,3,NA,2,"Complex Spike",0,0,0,0,0,2,"CS",2,1
"18-08-31_YC003_probe1","18-08-31_YC003",122,1.46,22.25,0,2.595,0.583,2,0.125,7.183,0.787,0.752,0.657,0.925,0.647,2.441,0.064,0.791,0.129130747,0.272619193,0.370286674,0.441072673,0.1415747,0.8,0.354098395,0.4,0.000800318,0.003028974,-0.011441051,0.01415747,0.127417226,0.070787348,0.142,-0.92944527,1.972430032,-0.417088591,1.45095892,3,NA,2,"Complex Spike",0,0,0,0,0,2,"CS",2,1
"18-08-31_YC003_probe1","18-08-31_YC003",124,1.77,30.29,0,3.126,0.504,1,0.1,7.286,0.786,0.741,0.641,0.922,0.64,2.834,0.063,0.751,0.23670218,0.300279915,0.564346177,0.653027405,0.3239079,1.04,0.454195003,0.47,-0.010796332,0.037445012,-0.00911669,0.032390791,0.291517121,0.161953956,0.324,-3.263706351,1.366120456,-0.6298715,0.222828684,3,NA,2,"Complex Spike",0,0,0,0,0,2,"CS",2,1
"18-08-31_YC003_probe1","18-08-31_YC003",127,1.7,42.91,0,3.171,0.489,2,0.094,7.2,0.819,0.794,0.684,0.972,0.687,2.957,0.069,0.813,0.238583431,0.307100329,0.437883493,0.555610692,0.310939,0.94,0.562557249,0.46,-0.01615494,0.09472248,-0.015943434,0.031093901,0.279845113,0.155469507,0.311,-2.294722374,1.59558041,-0.394108766,0.302490801,3,NA,2,"Complex Spike",0,0,0,0,0,2,"CS",2,1
"18-08-31_YC003_probe1","18-08-31_YC003",133,1.44,37.55,0,2.412,0.636,2,0.132,7.291,0.771,0.728,0.594,0.899,0.618,2.325,0.06,0.574,0.263748815,0.414869731,0.285884043,0.39572748,0.7764343,0.87,0.479452611,0.47,-0.009747095,-0.004272708,0.013964236,0.07764343,0.698790872,0.388217151,0.776,-1.610401982,2.483113134,-2.190215804,0.15657683,3,NA,2,"Complex Spike",0,0,0,0,0,2,"CS",2,1
"18-08-31_YC003_probe1","18-08-31_YC003",134,1.65,44.26,0,2.751,0.54,4,0.119,7.304,0.757,0.708,0.61,0.881,0.6,2.483,0.058,0.708,0.18207693,0.248875786,0.345966675,0.440414039,0.40356055,0.74,0.342324904,0.37,-0.019602893,-0.008101433,-0.01678503,0.040356055,0.363204494,0.201780275,0.404,-4.724553724,2.206164872,-0.997285156,0.174261587,3,NA,2,"Complex Spike",0,0,0,0,0,2,"CS",2,1
"18-08-31_YC003_probe1","18-08-31_YC003",135,1.84,40.1,0,3.073,0.479,2,0.105,7.269,0.746,0.691,0.617,0.868,0.594,2.658,0.058,0.711,0.181560011,0.23899087,0.347922405,0.440768221,0.32238692,0.74,0.400635878,0.47,-0.037879493,0.023534901,0.005895429,0.032238692,0.290148228,0.16119346,0.322,-2.844090907,2.078496404,-0.620649058,0.25748731,3,NA,2,"Complex Spike",0,0,0,0,0,2,"CS",2,1
"18-08-31_YC003_probe1","18-08-31_YC003",137,1.52,21.75,0,2.704,0.578,2,0.114,7.225,0.806,0.768,0.649,0.955,0.674,2.62,0.067,0.786,0.342250963,0.394438763,0.136690439,0.175974289,0.31236672,0.63,0.727312967,0.2,-0.016102677,0.016848689,0.042193,0.031236672,0.281130052,0.156183362,0.312,-5.712665738,5.007853899,-0.575254086,0.273311779,3,NA,2,"Complex Spike",0,0,0,0,0,2,"CS",2,1
"18-08-31_YC003_probe1","18-08-31_YC003",139,1.03,53.03,0,1.721,0.898,7,0.188,7.342,0.739,0.676,0.582,0.858,0.582,1.752,0.056,0.543,0.191769369,0.352880415,0.360144971,0.448583214,0.29313558,0.87,0.48509517,0.44,-0.007557466,0.038823474,0.004953943,0.029313558,0.263822025,0.146567792,0.293,-2.449980018,1.739967582,-0.83392341,0.197145491,3,NA,2,"Complex Spike",0,0,0,0,0,2,"CS",2,1
"18-08-31_YC003_probe1","18-08-31_YC003",187,1.49,26.69,0,2.597,0.578,1,0.121,7.196,0.77,0.74,0.657,0.899,0.621,2.402,0.061,0.806,0.248371211,0.344446009,0.385951535,0.49460645,0.5129927,0.9,0.459053033,0.6,-0.09637966,-0.06401432,-0.012576172,0.051299268,0.461693412,0.25649634,0.513,-1.744218068,1.951254945,-1.148440421,0.178595517,3,NA,2,"Complex Spike",0,0,0,0,0,2,"CS",2,1
"18-08-31_YC003_probe1","18-08-31_YC003",224,0.87,13.45,0,2.472,0.857,1,0.131,4.882,1.122,1.288,1.019,1.485,1.165,3.226,0.136,1.862,0.135,0.091677023,0.107659708,0.164656502,0.3032222,0.27,0.17,0.2,0.019556716,0.07990315,-0.010375909,0.030322221,0.272899988,0.151611105,0.303,-6.082307532,4.10983293,-0.482617203,0.082452515,3,NA,2,"Complex Spike",0,0,0,0,0,4,"CS",2,2
"18-08-31_YC003_probe1","18-08-31_YC003",232,1.83,24.52,0,3.355,0.438,2,0.1,7.077,0.791,0.754,0.726,0.933,0.652,2.942,0.065,1.077,0.078348956,0.139409427,0.061019421,0.07450924,1.1067257,0.23,0.394525897,0.1,0.041326255,0.35213545,0.012741902,0.110672569,0.996053123,0.553362846,1.107,-10.39656123,11.35202717,-1.985924862,0.28966441,3,NA,2,"Complex Spike",0,0,0,0,0,2,"CS",2,1
"18-08-31_YC003_probe1","18-08-31_YC003",277,1.4,22.22,0,2.452,0.605,1,0.138,7.151,0.771,0.756,0.664,0.9,0.62,2.273,0.06,0.849,0.077762307,0.17222011,0.082241266,0.103566997,0.5926328,0.3,0.464911649,0.14,-0.033670235,0.165466,0.064641485,0.059263277,0.533369493,0.296316385,0.593,-7.878253377,6.544065031,-1.081078941,0.317663334,3,NA,2,"Complex Spike",0,0,0,0,0,2,"CS",2,1
"18-08-31_YC003_probe1","18-08-31_YC003",343,0.38,33.31,0,59.421,1.868,0,0.002,6.013,1.182,1.221,1.043,2.528,1.386,4.614,0.358,1.591,0.048397211,0.087311691,0.047443068,0.057829842,0.8053675,0.16,0.195743205,0.1,-0.039691612,-0.008525492,0.041829269,0.080536753,0.724830776,0.402683765,0.805,-7.546996614,14.32252033,-2.336613312,0.144938575,3,NA,2,"Complex Spike",0,0,0,0,0,2,"CS",2,2
"18-08-31_YC003_probe1","18-08-31_YC003",355,0.94,22.91,0,4.333,0.796,1,0.06,6.655,0.976,0.931,0.925,1.309,0.962,3.658,0.12,1.217,0.0710929,0.076952431,0.338081252,0.385755556,0.43323043,0.5,0.07,0.33,0.005403319,0.044577383,-0.033990286,0.043323043,0.389907387,0.216615215,0.433,-2.228376847,2.862320586,-0.116851528,0.199084876,3,NA,2,"Complex Spike",0,0,0,0,0,2,"CS",2,2
"18-08-31_YC003_probe1","18-08-31_YC003",381,1,21.85,0,2.036,0.841,1,0.133,7.112,0.837,0.779,0.706,1.016,0.726,2.191,0.076,0.879,0.165,0.086124133,0.119902147,0.233394074,0.8839598,0.33,0.17,0.6,-0.02767697,-0.044171866,0.036487653,0.088395977,0.795563793,0.441979885,0.884,-6.502718295,1.369073751,-1.535824046,0.29409768,3,NA,2,"Complex Spike",0,0,0,0,0,2,"CS",2,1
"18-08-31_YC003_probe1","18-08-31_YC003",457,0.74,23.09,0,7.8,0.857,0,0.021,6.408,1.1,1.116,1.039,1.637,1.186,4.8,0.174,1.391,0.087565255,0.376569698,0.325395955,0.419215785,0.11676428,0.9,1.048107352,0.43,0.016474677,0.011532274,0.016151658,0.011676428,0.105087849,0.058382139,0.117,-1.303328533,2.294417531,-0.123006999,0.604171448,3,NA,2,"Complex Spike",0,0,0,0,0,2,"CS",2,2
"18-08-31_YC003_probe1","18-08-31_YC003",560,1.17,33.77,0,2.116,0.76,2,0.151,7.194,0.769,0.725,0.648,0.911,0.635,2.106,0.064,0.798,0.208004966,0.312386296,0.299109375,0.393297542,0.43276602,0.77,0.430550081,0.47,-0.040268563,-0.04500886,-0.014892244,0.043276602,0.389489418,0.21638301,0.433,-1.494138996,2.19887632,-0.998234221,0.186808378,3,NA,2,"Complex Spike",0,0,0,0,0,2,"CS",2,1
"18-08-31_YC004_probe1","18-08-31_YC004",102,0.5,13.74,0,4.477,1.132,0,0.049,5.753,1.012,0.925,0.913,1.457,1.052,3.726,0.148,1.269,0.084155367,0.176174484,0.091504882,0.120719162,0.29984438,0.33,0.410456127,0.16,-0.038452987,0.08290731,0.03031585,0.029984438,0.269859946,0.149922192,0.3,-4.416881964,4.558501152,-0.405549442,0.36734827,3,NA,2,"Complex Spike",0,0,0,0,0,2,"CS",2,2
"18-08-31_YC004_probe1","18-08-31_YC004",28,0.85,14.04,0,17.845,0.848,0,0.009,5.723,1.06,1.074,1.042,1.709,1.13,6.368,0.196,1.883,0.112913353,0.190590174,0.309283483,0.403472667,0.3106329,0.8,0.64274485,0.47,-0.028860759,0.004556962,-0.019640053,0.031063291,0.279569623,0.155316457,0.311,-1.30379796,2.414631732,-0.168430173,0.275224382,3,NA,2,"Complex Spike",0,0,0,0,0,2,"CS",2,2
"18-08-31_YC004_probe1","18-08-31_YC004",63,0.48,12.92,0,1.27,1.736,9,0.169,4.107,0.896,0.945,0.749,1.169,0.863,1.937,0.102,1.194,0.101039873,0.265909751,0.127216587,0.150706522,0.274,0.46,0.60186766,0.24,-0.108571425,0.012571429,0.040932099,0.027399999,0.24659999,0.136999995,0.274,-3.606784344,5.475799107,-0.53805614,0.349423631,3,NA,2,"Complex Spike",0,0,0,0,0,4,"CS",2,2
"18-08-31_YC004_probe1","18-08-31_YC004",90,1.3,16.42,0,2.423,0.629,4,0.135,7.096,0.797,0.751,0.69,0.94,0.652,2.346,0.065,0.948,0.74127165,0.785139415,0.381182838,0.421131099,0.21005394,1.33,0.96637834,0.36,-0.04051322,0.08527672,-0.020814459,0.021005394,0.189048542,0.105026968,0.21,-2.526956951,2.677832876,-0.223201638,0.367921851,3,NA,2,"Complex Spike",0,0,0,0,0,2,"CS",2,1
"18-08-31_YC004_probe1","18-08-31_YC004",92,1.02,17.85,0,1.843,0.878,3,0.171,7.045,0.815,0.791,0.682,0.978,0.696,1.998,0.071,0.87,0.178829315,0.217836582,0.391911734,0.45261687,0.25476882,0.76,0.286257763,0.57,-0.0675964,0.058559127,-0.022271555,0.025476882,0.229291937,0.127384409,0.255,-3.055790581,1.742167201,-0.661699488,34.77268813,3,NA,2,"Complex Spike",0,0,0,0,0,2,"CS",2,1
"18-09-03_YC005_probe1","18-09-03_YC005",115,1.22,34.09,0,2.157,0.721,3,0.151,7.24,0.774,0.738,0.64,0.905,0.621,2.141,0.061,0.795,0.267114119,0.351822505,0.380967795,0.47857043,0.5121845,0.9,0.394643471,0.44,-0.028451124,-0.027684078,-0.003528774,0.05121845,0.460966051,0.25609225,0.512,-2.669356452,1.897899545,-1.516441379,0.151445338,3,NA,2,"Complex Spike",0,0,0,0,0,2,"CS",2,1
"18-09-03_YC005_probe1","18-09-03_YC005",117,1.58,32.08,0,2.861,0.552,3,0.105,7.185,0.783,0.743,0.654,0.927,0.644,2.643,0.065,0.785,0.249973766,0.339411901,0.362837245,0.43974351,0.36868337,0.86,0.403273053,0.37,-0.012799524,-0.021504708,-0.013741762,0.036868337,0.331815031,0.184341684,0.369,-2.990847672,1.774266708,-1.025254593,0.159282889,3,NA,2,"Complex Spike",0,0,0,0,0,2,"CS",2,1
"18-09-03_YC005_probe1","18-09-03_YC005",120,1.28,18.92,0,2.689,0.66,1,0.102,7.167,0.842,0.798,0.698,1.029,0.74,2.704,0.078,0.814,0.157721486,0.317817706,0.30683272,0.390539104,0.3249092,0.77,0.592100584,0.333572904,0.011539282,0.009379612,0.025067339,0.032490921,0.292418289,0.162454605,0.325,-1.342489488,2.220931166,-0.27152297,0.319916016,3,NA,2,"Complex Spike",0,0,0,0,0,2,"CS",2,1
"18-09-03_YC005_probe1","18-09-03_YC005",121,1.32,47.63,0,2.294,0.677,4,0.135,7.212,0.786,0.754,0.624,0.924,0.641,2.26,0.063,0.675,0.208522847,0.266738366,0.318152435,0.404052722,0.48357615,0.73,0.327734051,0.36,-0.01259794,-0.024340944,-0.006695906,0.048357615,0.435218534,0.241788074,0.484,-3.234954227,2.294650623,-1.466059812,0.150686401,3,NA,2,"Complex Spike",0,0,0,0,0,2,"CS",2,1
"18-09-03_YC005_probe1","18-09-03_YC005",123,1.29,55.3,0,2.434,0.681,1,0.13,7.156,0.821,0.783,0.679,0.977,0.691,2.436,0.07,0.823,0.208265517,0.275318755,0.35487014,0.436880044,0.45361727,0.77,0.408352757,0.4,-0.027526477,-0.033542495,-0.012674904,0.045361727,0.408255547,0.226808637,0.454,-2.739917533,2.132933158,-1.050168392,0.190725688,3,NA,2,"Complex Spike",0,0,0,0,0,2,"CS",2,1
"18-09-03_YC005_probe1","18-09-03_YC005",126,1.07,39.27,0,2.073,0.81,3,0.139,7.177,0.827,0.797,0.672,0.999,0.712,2.198,0.074,0.73,0.153110056,0.193821674,0.374560093,0.444305526,0.27336532,0.7,0.307365727,0.43,-0.017107127,-0.026627397,0.018329412,0.027336532,0.246028787,0.136682659,0.273,-2.980245109,2.017967092,-0.75919126,0.16259256,3,NA,2,"Complex Spike",0,0,0,0,0,2,"CS",2,1
"18-09-03_YC005_probe1","18-09-03_YC005",169,1.45,16.01,0,3.418,0.568,5,0.078,7.036,0.854,0.817,0.72,1.056,0.758,3.189,0.083,0.957,0.260607082,0.334092961,0.352771895,0.437621644,0.48180556,0.93,0.47,0.46,0.037758157,0.027040996,0.023889905,0.048180556,0.433625007,0.240902781,0.482,-1.70835362,1.488921832,-0.279840974,0.200993993,3,NA,2,"Complex Spike",0,0,0,0,0,2,"CS",2,1
"18-09-03_YC005_probe1","18-09-03_YC005",36,1.3,40.18,0,2.256,0.699,1,0.136,7.245,0.767,0.701,0.623,0.902,0.622,2.191,0.062,0.692,0.085224285,0.180598,0.106205361,0.121753501,0.34270194,0.33,0.253879327,0.13,-0.02523276,-0.082396924,0.01843616,0.034270194,0.308431748,0.171350971,0.343,-6.658405053,4.652588034,-1.581292745,0.123741137,3,NA,2,"Complex Spike",0,0,0,0,0,2,"CS",2,1
"18-09-03_YC005_probe1","18-09-03_YC005",67,1.44,18.51,0,2.559,0.628,3,0.125,7.272,0.792,0.745,0.631,0.939,0.655,2.466,0.066,0.662,0.26580909,0.307959298,0.363548364,0.465777239,0.31254813,0.87,0.44945819,0.43,-0.002480447,0.007253022,-0.004323215,0.031254813,0.281293318,0.156274065,0.313,-3.054630789,1.711017221,-0.633146325,0.235220167,3,NA,2,"Complex Spike",0,0,0,0,0,2,"CS",2,1
"18-09-03_YC005_probe1","18-09-03_YC005",68,1.45,34.11,0,2.427,0.635,2,0.127,7.357,0.752,0.692,0.592,0.876,0.596,2.249,0.058,0.532,0.197006394,0.313271248,0.326367234,0.433088216,0.41570875,0.8,0.479223721,0.4,-0.008695136,-0.01837394,-4.99e-05,0.041570875,0.374137875,0.207854375,0.416,-3.671083008,2.125574569,-0.799826656,0.193985044,3,NA,2,"Complex Spike",0,0,0,0,0,2,"CS",2,1
"18-09-03_YC005_probe1","18-09-03_YC005",70,1.47,32.71,0,2.519,0.604,2,0.129,7.244,0.767,0.72,0.631,0.895,0.616,2.331,0.06,0.715,0.231224731,0.38904615,0.372162931,0.445868157,0.29986715,0.93,0.555651184,0.46,-0.07186513,0.017357187,0.019990462,0.029986715,0.269880438,0.149933577,0.3,-1.099407101,2.051507593,-0.560891382,0.239285684,3,NA,2,"Complex Spike",0,0,0,0,0,2,"CS",2,1
"18-09-03_YC005_probe1","18-09-03_YC005",71,1.48,41.95,0,2.474,0.611,2,0.128,7.316,0.744,0.688,0.599,0.868,0.589,2.237,0.058,0.583,0.28767907,0.427452511,0.392594134,0.489118436,0.4239585,1,0.592646352,0.5,-0.003216032,0.034097996,0.000455959,0.042395851,0.381562659,0.211979255,0.424,-1.271462702,1.623923973,-0.742838932,0.211725789,3,NA,2,"Complex Spike",0,0,0,0,0,2,"CS",2,1
"18-09-03_YC005_probe1","18-09-03_YC005",73,1.7,33.87,0,2.775,0.517,2,0.122,7.285,0.767,0.735,0.61,0.888,0.608,2.539,0.058,0.68,0.199620058,0.262091895,0.327877639,0.406985537,0.36381137,0.73,0.309220791,0.4,-0.020862987,-0.045264695,0.004028556,0.036381137,0.327430236,0.181905687,0.364,-2.535123969,2.130502945,-1.230158109,0.126796791,3,NA,2,"Complex Spike",0,0,0,0,0,2,"CS",2,1
"18-09-03_YC005_probe1","18-09-03_YC005",77,1.41,36.87,0,2.384,0.63,2,0.138,7.29,0.769,0.728,0.621,0.897,0.616,2.254,0.06,0.699,0.230898767,0.293825205,0.361933803,0.42913754,0.39738867,0.8,0.348154386,0.43,-0.023792818,-0.021439536,-0.003396778,0.039738867,0.3576498,0.198694333,0.397,-2.538483513,1.936427139,-1.233342955,0.145995474,3,NA,2,"Complex Spike",0,0,0,0,0,2,"CS",2,1
"18-09-03_YC005_probe1","18-09-03_YC005",78,1.03,16.97,0,10.114,0.784,1,0.08,5.585,0.921,0.883,0.757,1.315,0.907,4.294,0.13,0.576,0.152422633,0.18797818,0.394707043,0.488328904,0.30616364,0.73,0.467720699,0.5,-0.021425245,0.06629405,-0.001757097,0.030616364,0.275547275,0.153081819,0.306,-1.251483346,1.982225171,-0.353649731,0.305464214,3,NA,2,"Complex Spike",0,0,0,0,0,2,"CS",2,2
"18-09-03_YC005_probe1","18-09-03_YC005",79,1.38,35.89,0,2.187,0.667,5,0.162,7.348,0.697,0.633,0.565,0.8,0.528,1.927,0.05,0.558,0.276314357,0.336414536,0.371198478,0.472675105,0.34561038,0.9,0.547053039,0.43,-0.017532412,0.059936155,-0.004360512,0.034561038,0.311049342,0.17280519,0.346,-2.384776853,1.688444493,-0.555131819,0.248298821,3,NA,2,"Complex Spike",0,0,0,0,0,2,"CS",2,1
"18-09-03_YC005_probe1","18-09-03_YC005",80,1.43,19.18,0,4.277,0.586,3,0.078,7.205,0.856,0.81,0.693,1.08,0.763,3.589,0.087,0.697,0.273621398,0.374344728,0.451486094,0.546077626,0.43591827,1,0.371003392,0.43,-0.019280102,-0.024124762,-0.050230848,0.043591827,0.392326444,0.217959136,0.436,-2.220938586,1.58934281,-1.529220112,0.131535553,3,NA,2,"Complex Spike",0,0,0,0,0,2,"CS",2,1
"18-09-03_YC005_probe1","18-09-03_YC005",81,1.52,36.58,0,2.627,0.569,1,0.126,7.272,0.799,0.777,0.65,0.933,0.652,2.522,0.063,0.798,0.285982079,0.369139903,0.40890651,0.491853825,0.3634795,0.96,0.411642195,0.43,-0.020413376,-0.009276412,0.004996155,0.03634795,0.327131546,0.181739748,0.363,-2.253169335,1.548312477,-1.003363336,0.180785509,3,NA,2,"Complex Spike",0,0,0,0,0,2,"CS",2,1
"18-09-03_YC005_probe1","18-09-03_YC005",84,1.16,29.37,0,1.929,0.811,9,0.164,7.252,0.75,0.703,0.582,0.871,0.593,1.944,0.057,0.53,0.252427109,0.302043009,0.400862471,0.483768361,0.45956817,0.87,0.433083984,0.47,-0.03767409,-0.03332156,-0.00179914,0.045956817,0.413611355,0.229784086,0.46,-1.353165103,1.799413028,-0.926167107,0.205855153,3,NA,2,"Complex Spike",0,0,0,0,0,2,"CS",2,1
"18-09-03_YC005_probe1","18-09-03_YC005",93,1.08,30.38,0,2.163,0.806,2,0.133,7.224,0.822,0.79,0.669,0.991,0.702,2.251,0.073,0.732,0.2,0.12806939,0.16320117,0.251605735,0.32033706,0.4,0.2,0.46,0.012025257,-0.04988095,0.015703522,0.032033706,0.288303351,0.160168529,0.32,-4.121879496,1.762832371,-0.401041177,0.241786824,3,NA,2,"Complex Spike",0,0,0,0,0,2,"CS",2,1
"18-09-03_YC005_probe1","18-09-03_YC005",96,1.57,26.95,0,2.682,0.543,4,0.121,7.17,0.766,0.754,0.658,0.891,0.612,2.415,0.059,0.941,0.165,0.132891988,0.112232442,0.184801829,0.5282599,0.33,0.2,0.36,0.019733371,-0.046611745,0.017276497,0.052825987,0.475433886,0.264129937,0.528,-5.909995214,2.470972263,0,0.213923633,3,NA,2,"Complex Spike",0,0,0,0,0,2,"CS",2,1
"18-09-03_YC006_probe1","18-09-03_YC006",258,0.79,31.77,0,3.946,0.767,0,0.072,5.204,1.007,1.113,1.254,1.344,1.017,3.742,0.124,2.031,0.046425313,0.072363948,0.041162992,0.04743871,0.82961637,0.13,0.196582623,0.1,-0.030776093,-0.014830508,-0.004779133,0.082961637,0.746654731,0.414808184,0.83,-7.352963771,17.19217774,-2.736823137,0.129867339,3,NA,2,"Complex Spike",0,0,0,0,0,2,"CS",2,2
"18-12-13_YC008_probe1","18-12-13_YC008",25,0.74,16.72,0,1.71,1.178,1,0.161,7.031,0.858,0.826,0.701,1.05,0.761,1.998,0.081,0.754,0.153801494,0.284193568,0.178708606,0.207454436,0.46228483,0.53,0.607710591,0.23,-0.17297326,0.021522334,0.016981003,0.046228483,0.41605635,0.231142417,0.462,-4.658518399,4.172821574,-0.558461493,0.357148979,3,NA,2,"Complex Spike",0,0,0,0,0,2,"CS",2,1
"18-12-13_YC008_probe1","18-12-13_YC008",366,0.97,14.18,0,2.641,0.796,1,0.127,5.999,0.824,0.786,0.827,1.024,0.731,2.445,0.081,1.161,0.23780257,0.414098867,0.16096544,0.197375122,0.57489955,0.66,0.595800488,0.23,-0.011044176,0.05100402,0.084266089,0.057489955,0.517409599,0.287449777,0.575,-4.64750923,3.493884848,-2.057418935,0.307124525,3,NA,2,"Complex Spike",0,0,0,0,0,2,"CS",2,1
"18-12-13_YC008_probe1","18-12-13_YC008",445,1.06,39.11,0,1.531,0.837,3,0.268,7.261,0.686,0.655,0.564,0.765,0.489,1.394,0.044,0.664,0.127853528,0.277988787,0.103274701,0.142135962,0.4570451,0.46,0.513666729,0.17,-0.013224985,0.02366984,0.064265798,0.045704511,0.411340597,0.228522554,0.457,-7.327262534,5.750035672,-0.809300528,0.289086204,3,NA,2,"Complex Spike",0,0,0,0,0,2,"CS",2,1
"18-12-13_YC008_probe1","18-12-13_YC008",447,0.23,23.76,0,0.517,2.922,30,0.661,4.591,0.835,0.812,1.678,1.002,0.701,1.06,0.072,7.325,0.075716178,0.110413627,0.120653548,0.163214953,0.3312666,0.3,0.527382603,0.16,-0.0380868,0.16386183,-0.002209239,0.033126661,0.298139951,0.165633306,0.331,-6.593974399,5.217869139,-0.38350556,0.423291222,3,NA,2,"Complex Spike",0,0,0,0,0,2,"CS",2,2
"18-12-13_YC008_probe1","18-12-13_YC008",5,0.72,20.62,0,1.407,1.295,2,0.222,7.192,0.882,0.905,0.669,1.079,0.799,1.84,0.084,0.546,0.15,0.046196176,0.143164433,0.23802501,0.24716267,0.3,0.07,0.43,0.02408293,0.0990068,0.004106331,0.024716267,0.222446403,0.123581335,0.247,-5.084211597,1.867400675,-0.109691247,0.260789967,3,NA,2,"Complex Spike",0,0,0,0,0,2,"CS",2,1
"18-12-13_YC008_probe1","18-12-13_YC008",7,0.54,31.18,0,1.063,1.729,2,0.277,7.133,0.9,0.893,0.64,1.1,0.814,1.671,0.085,0.406,0.074599439,0.16053242,0.112902986,0.152462259,0.40117297,0.34,0.427175186,0.16,-0.032490626,0.19748323,0.017947083,0.040117297,0.361055669,0.200586483,0.401,-7.073826823,5.166606446,-0.58345168,0.351664298,3,NA,2,"Complex Spike",0,0,0,0,0,2,"CS",2,1
"18-12-17_YC009_probe1","18-12-17_YC009",102,0.25,13.18,0,1.223,2.635,8,0.195,4.364,0.936,1.039,0.992,1.208,0.898,1.775,0.104,1.173,0.039851457,0.121040249,0.078809998,0.087139785,0.12962963,0.23,0.181686206,0.07,-0.023627074,-0.021711366,-0.004720655,0.012962963,0.116666664,0.064814813,0.13,-7.918263028,5.59444167,-0.606502888,1.805389813,3,NA,2,"Complex Spike",0,0,0,0,0,2,"CS",2,2
"18-12-17_YC009_probe1","18-12-17_YC009",131,1.35,21.16,0,2.624,0.62,4,0.115,7.163,0.809,0.781,0.689,0.965,0.681,2.563,0.069,0.867,0.074678041,0.139205973,0.061750483,0.074279607,0.91416395,0.23,0.324787712,0.1,0.025728356,0.0289292,0.012906946,0.091416395,0.822747552,0.457081974,0.914,-8.585553192,10.30572299,-2.03977531,0.246226366,3,NA,2,"Complex Spike",0,0,0,0,0,2,"CS",2,1
"18-12-17_YC009_probe1","18-12-17_YC009",354,0.54,13.39,0,3.147,1.067,0,0.08,4.757,0.968,0.945,1.586,1.29,0.956,3.299,0.117,4.561,0.085,0.056122809,0.060418378,0.107206262,0.4509567,0.17,0.1,0.2,0.029258778,0.023499906,-0.005275849,0.04509567,0.405861032,0.225478351,0.451,-11.37589568,3.302041305,-0.301494694,0.140844953,3,NA,2,"Complex Spike",0,0,0,0,0,2,"CS",2,2
"18-12-17_YC009_probe1","18-12-17_YC009",45,1.2,21.89,0,2.177,0.753,3,0.139,7.182,0.772,0.726,0.639,0.913,0.636,2.159,0.064,0.746,0.114096791,0.678009412,0.096518534,0.113520301,0.3423256,0.84,0.921175697,0.17,-0.013067693,0.040291473,0.082880197,0.03423256,0.308093038,0.171162799,0.342,-6.483291559,7.796891319,-0.509754665,-0.337754317,3,NA,2,"Complex Spike",0,0,0,0,0,2,"CS",2,1
"18-12-17_YC009_probe1","18-12-17_YC009",48,1.26,27.36,0,2.365,0.655,1,0.126,7.009,0.81,0.777,0.698,0.975,0.69,2.346,0.071,1.013,0.216784549,0.275344964,0.340256647,0.425315561,0.46153525,0.77,0.347638925,0.44,-0.022512745,-0.015888784,-0.015529463,0.046153525,0.415381721,0.230767623,0.462,-3.026891835,2.12540723,-1.250290324,0.163572481,3,NA,2,"Complex Spike",0,0,0,0,0,2,"CS",2,1
"18-12-17_YC009_probe1","18-12-17_YC009",61,1.44,23.54,0,2.51,0.599,1,0.134,7.229,0.778,0.742,0.644,0.914,0.633,2.353,0.062,0.753,0.17,0.130177992,0.13064853,0.193293438,0.33681017,0.34,0.23,0.37,0.018168261,-0.20434597,0.041291348,0.033681017,0.303129154,0.168405086,0.337,-4.927383904,2.309092385,-0.940307367,0.210527507,3,NA,2,"Complex Spike",0,0,0,0,0,2,"CS",2,1
"18-12-17_YC009_probe1","18-12-17_YC009",85,1.39,39.93,0,2.523,0.617,4,0.12,7.234,0.793,0.764,0.664,0.936,0.65,2.384,0.065,0.829,0.222637284,0.289539823,0.385728684,0.476500115,0.36327356,0.83,0.453075105,0.44,-0.013683938,0.013232136,-0.000952811,0.036327356,0.326946205,0.181636781,0.363,-2.718839453,1.84533546,-0.663734901,0.224087963,3,NA,2,"Complex Spike",0,0,0,0,0,2,"CS",2,1
"18-12-17_YC009_probe1","18-12-17_YC009",86,1.43,39.66,0,2.558,0.616,5,0.117,7.268,0.789,0.739,0.633,0.936,0.652,2.473,0.066,0.712,0.254968347,0.355348386,0.360030851,0.440828854,0.383349,0.87,0.533388284,0.4,-0.021918034,0.054379053,-0.005143381,0.0383349,0.345014101,0.191674501,0.383,-2.926259021,1.786290309,-0.637904564,0.223964002,3,NA,2,"Complex Spike",0,0,0,0,0,2,"CS",2,1
"19-01-16_YC011_probe1","19-01-16_YC011",69,1.6,24.03,0,2.754,0.555,1,0.119,7.237,0.768,0.719,0.642,0.897,0.618,2.482,0.06,0.801,0.203190932,0.408596451,0.430345654,0.514113732,0.1853845,1.03,0.476044911,0.4,-0.023637382,0.00891993,0.016183809,0.01853845,0.166846047,0.092692249,0.185,-3.372805361,1.58103803,-0.652489557,0.135410579,3,NA,2,"Complex Spike",0,0,0,0,0,2,"CS",2,1
"19-01-16_YC011_probe1","19-01-16_YC011",81,1.5,22.42,0,2.562,0.582,4,0.128,7.242,0.769,0.742,0.632,0.895,0.615,2.413,0.06,0.746,0.345929258,0.413135124,0.494444104,0.592894906,0.23263033,1.5,0.569842579,0.44,-0.01879978,0.001816727,-0.049847864,0.023263033,0.209367295,0.116315164,0.233,-3.902180287,1.573206588,-0.430235061,0.318918211,3,NA,2,"Complex Spike",0,0,0,0,0,2,"CS",2,1
"19-01-16_YC011_probe1","19-01-16_YC011",83,1.95,28.27,0,3.392,0.449,1,0.093,7.291,0.787,0.765,0.644,0.92,0.636,2.993,0.062,0.738,0.225995628,0.544056828,0.422289448,0.514494114,0.18498586,1.2,0.928474253,0.47,-0.08184306,0.01251156,0.038424652,0.018498586,0.166487275,0.092492931,0.185,-2.464376339,1.752309055,-0.126461156,0.395890756,3,NA,2,"Complex Spike",0,0,0,0,0,2,"CS",2,1
"19-01-16_YC011_probe1","19-01-16_YC011",93,1.23,34.92,0,2.242,0.697,2,0.142,7.205,0.764,0.749,0.652,0.899,0.621,2.158,0.061,0.756,0.230936403,0.386746584,0.404871435,0.484607812,0.2789156,0.96,0.744584713,0.46,-0.057414267,0.01037515,0.011649273,0.027891561,0.251024053,0.139457807,0.279,-1.738568832,1.738276714,-0.198947766,0.386397688,3,NA,2,"Complex Spike",0,0,0,0,0,2,"CS",2,1
"19-01-24_YC013_probe1","19-01-24_YC013",1324,1.6,14.84,0,2.78,0.572,4,0.125,7.265,0.707,0.639,0.57,0.824,0.543,2.36,0.054,0.641,0.08434834,0.15720392,0.121579702,0.143877614,0.4311381,0.33,0.38535507,0.2,-0.022037474,-0.007600137,-0.003715402,0.04311381,0.388024288,0.215569049,0.431,-7.044067166,5.12862198,-0.580056633,0.237688474,3,NA,2,"Complex Spike",0,0,0,0,0,2,"CS",2,1
"19-01-24_YC013_probe1","19-01-24_YC013",14,1.11,35.33,0,1.829,0.721,3,0.203,6.802,0.684,0.596,0.619,0.78,0.512,1.634,0.048,0.83,0.103922176,0.194326285,0.105814214,0.146352131,0.562881,0.37,0.427377777,0.16,-0.015179631,0.05133642,0.032678667,0.056288099,0.506592894,0.281440496,0.563,-7.574530385,5.066473631,-1.030698015,0.247872214,3,NA,2,"Complex Spike",0,0,0,0,0,2,"CS",2,1
"19-01-24_YC013_probe1","19-01-24_YC013",6,1.34,38.09,0,2.05,0.675,6,0.169,7.275,0.704,0.645,0.567,0.803,0.527,1.841,0.049,0.654,0.072378288,0.101538661,0.238351739,0.294029675,0.16720429,0.43,0.13006736,0.26,-0.039324228,0.007184911,-0.008679691,0.016720429,0.150483862,0.083602145,0.167,-4.904855145,3.261075831,-0.103900222,0.918766381,3,NA,2,"Complex Spike",0,0,0,0,0,2,"CS",2,1
"19-01-24_YC013_probe1","19-01-24_YC013",654,2.24,35.05,0,3.44,0.413,2,0.103,7.332,0.626,0.565,0.551,0.697,0.428,2.284,0.039,0.545,0.099822788,0.177593774,0.110472645,0.145537091,0.41562462,0.36,0.309099298,0.17,-0.020760667,0.00116734,0.031462235,0.041562462,0.374062157,0.207812309,0.416,-6.828378969,4.607646084,-1.209745043,0.171329673,3,NA,2,"Complex Spike",0,0,0,0,0,2,"CS",2,1
"19-01-24_YC013_probe1","19-01-24_YC013",684,1.65,31.73,0,22.366,0.532,3,0.023,7.071,0.827,0.707,0.71,1.268,0.777,4.903,0.134,0.829,0.086921729,0.181836116,0.141549349,0.181795721,0.30650783,0.4,0.446578385,0.17,-0.053277057,0.106791474,-0.004891998,0.030650783,0.275857043,0.153253913,0.307,-5.023338312,3.982703876,-0.58189204,0.314385521,3,NA,2,"Complex Spike",0,0,0,0,0,2,"CS",2,1
"19-01-24_YC013_probe1","19-01-24_YC013",797,2.16,42.45,0,3.603,0.42,3,0.094,7.329,0.656,0.603,0.583,0.74,0.469,2.606,0.043,0.564,0.076941877,0.140830211,0.092574142,0.124940902,0.39400914,0.3,0.394155307,0.1,-0.038406096,0.13456677,0.024092315,0.039400914,0.354608229,0.197004572,0.394,-7.794982947,5.592483895,-0.705182552,0.338718342,3,NA,2,"Complex Spike",0,0,0,0,0,4,"CS",2,1
"19-01-24_YC013_probe1","19-01-24_YC013",814,1.78,28.69,0,3.445,0.507,1,0.082,7.3,0.698,0.648,0.647,0.799,0.525,2.668,0.05,0.633,0.089153861,0.137832342,0.140045569,0.162992631,0.3400657,0.33,0.353528625,0.17,-0.027814234,0.0099451,-0.011168149,0.034006569,0.306059119,0.170032844,0.34,-7.236179447,4.653319011,-0.569325812,0.238216759,3,NA,2,"Complex Spike",0,0,0,0,0,2,"CS",2,1
"19-08-14_YC015_probe1","19-08-14_YC015",425,1.28,25.98,0,2.611,0.674,2,0.104,7.184,0.851,0.828,0.704,1.033,0.743,2.639,0.078,0.807,0.438334686,0.53089317,0.386681301,0.432755783,0.3832734,1.06,0.627582092,0.26,-0.046889495,0.032915544,-0.018649132,0.038327339,0.344946054,0.191636696,0.383,-5.054413605,1.908775055,-0.895007122,-0.320939403,3,NA,2,"Complex Spike",0,0,0,0,0,2,"CS",2,1
"19-08-14_YC015_probe1","19-08-14_YC015",427,0.85,27.77,0,1.875,0.964,2,0.145,7.072,0.868,0.838,0.739,1.068,0.772,2.108,0.083,0.885,0.325772034,0.41188148,0.447619086,0.517908321,0.27565202,1.06,0.505486759,0.5,-0.10323311,0.014565756,-0.007534498,0.027565202,0.248086819,0.137826011,0.276,-1.410186856,1.791293212,-0.671343276,0.243109735,3,NA,2,"Complex Spike",0,0,0,0,0,2,"CS",2,1
"19-08-14_YC015_probe1","19-08-14_YC015",536,0.98,27.74,0,1.769,0.895,4,0.181,7.191,0.776,0.73,0.667,0.912,0.634,1.839,0.063,0.737,0.406843433,0.484668657,0.555143297,0.618003514,0.5013237,1.23,0.537717625,0.53,-0.06164149,-0.05828559,-0.031112712,0.05013237,0.45119133,0.25066185,0.501,-0.868559342,1.24007023,-1.303387933,0.178428668,3,NA,2,"Complex Spike",0,0,0,0,0,2,"CS",2,1
"19-08-14_YC015_probe2","19-08-14_YC015",865,1.32,20.37,0,3.186,0.623,2,0.079,7.106,0.904,0.881,0.753,1.132,0.828,3.19,0.091,0.912,0.189400652,0.251467465,0.738617088,0.770577358,0.31084883,1.44,0.27800779,0.23,-0.09851649,0.015722148,0.016548066,0.031084883,0.279763949,0.155424416,0.311,-2.9781123,2.260784266,-1.165648359,0.105538237,3,NA,2,"Complex Spike",0,0,0,0,0,2,"CS",2,1
"19-08-14_YC015_probe2","19-08-14_YC015",887,0.98,17.87,0,1.95,0.826,5,0.154,6.969,0.822,0.808,0.73,0.991,0.703,2.086,0.073,1.079,0.144180499,0.356857827,0.392008333,0.478669351,0.21453637,0.9,0.473813537,0.4,-0.0865721,0.044693463,-0.007954934,0.021453637,0.193082732,0.107268184,0.215,-3.104110884,1.607840748,-0.52024865,0.43688376,3,NA,2,"Complex Spike",0,0,0,0,0,2,"CS",2,1
"19-08-14_YC015_probe2","19-08-14_YC015",905,0.91,20.28,0,3.438,0.839,2,0.109,6.971,0.94,0.907,0.816,1.236,0.887,2.819,0.109,1.031,0.13,0.058976016,0.124893894,0.187274824,0.34605503,0.26,0.13,0.47,0.014845674,-0.033511948,-0.015957431,0.034605503,0.311449528,0.173027515,0.346,-6.138333118,1.500513325,-0.842776871,0.265949309,3,NA,2,"Complex Spike",0,0,0,0,0,2,"CS",2,1
"19-08-14_YC016_probe1","19-08-14_YC016",104,1.88,33.21,0,2.986,0.477,2,0.116,7.275,0.738,0.706,0.606,0.848,0.573,2.523,0.054,0.712,0.264673682,0.367290015,0.198565755,0.259333647,0.44401702,0.7,0.755786556,0.44,-0.07633313,0.030669816,0.033030847,0.044401702,0.399615321,0.222008511,0.444,-2.912681043,2.45273313,-0.339211166,0.335924941,3,NA,2,"Complex Spike",0,0,0,0,0,2,"CS",2,1
"19-08-14_YC016_probe1","19-08-14_YC016",1047,0.68,19.94,0,1.53,1.192,3,0.182,7.169,0.864,0.862,0.726,1.061,0.767,1.927,0.082,0.775,0.217443695,0.338331729,0.31101943,0.392282787,0.35988876,0.8,0.542043001,0.56,-0.06694143,0.018200474,0.018039961,0.035988876,0.323899886,0.179944381,0.36,-1.121895786,2.085053135,-0.251125835,0.25185084,3,NA,2,"Complex Spike",0,0,0,0,0,2,"CS",2,1
"19-08-14_YC016_probe1","19-08-14_YC016",127,1.82,18.5,0,3.091,0.492,2,0.105,7.26,0.769,0.721,0.626,0.894,0.611,2.738,0.059,0.707,0.076698311,0.183768067,0.089469476,0.129143907,0.46721622,0.34,0.518509709,0.13,-0.049508654,0.02963897,0.022703156,0.046721622,0.420494601,0.233608112,0.467,-7.841486848,6.661566644,-0.682727119,0.36908198,3,NA,2,"Complex Spike",0,0,0,0,0,2,"CS",2,1
"19-08-14_YC016_probe1","19-08-14_YC016",3,1.88,27.57,0,3.122,0.485,1,0.104,7.256,0.757,0.722,0.61,0.878,0.602,2.744,0.058,0.668,0.387266834,0.495929528,0.390458054,0.482421837,0.31309023,1.1,0.611756237,0.4,-0.01497945,0.014231554,0.033713317,0.031309023,0.281781211,0.156545117,0.313,-3.630982387,1.841856527,-0.730238802,0.21356059,3,NA,2,"Complex Spike",0,0,0,0,0,2,"CS",2,1
"19-08-14_YC016_probe1","19-08-14_YC016",85,1.52,19.37,0,2.515,0.581,4,0.132,7.235,0.773,0.736,0.621,0.902,0.623,2.366,0.06,0.733,0.227582546,0.318182873,0.272236529,0.344367225,0.36755738,0.73,0.702003106,0.34,-0.04637869,0.020377202,-0.011450277,0.036755738,0.330801639,0.183778688,0.368,-1.828980138,2.238742199,-0.273945731,0.335868253,3,NA,2,"Complex Spike",0,0,0,0,0,2,"CS",2,1
"19-08-14_YC016_probe1","19-08-14_YC016",9,1.74,30.75,0,2.944,0.512,2,0.109,7.225,0.775,0.754,0.628,0.902,0.621,2.657,0.06,0.722,0.126279698,0.185170687,0.336298791,0.389255151,0.19948135,0.63,0.676627326,0.332715786,-0.07881793,0.007369529,0.006270774,0.019948135,0.179533218,0.099740677,0.199,-2.397913357,2.360777115,-0.141700528,0.603217129,3,NA,2,"Complex Spike",0,0,0,0,0,2,"CS",2,1
"19-08-14_YC016_probe1","19-08-14_YC016",977,1.76,27.12,0,2.892,0.508,1,0.119,7.301,0.768,0.745,0.614,0.888,0.608,2.598,0.058,0.666,0.166383624,0.291745578,0.376473421,0.410488411,0.2511729,0.76,0.539973242,0.3,-0.027752798,0.010318769,0.013912619,0.02511729,0.22605561,0.12558645,0.251,-4.880058847,1.920916215,-0.297712831,0.294130006,3,NA,2,"Complex Spike",0,0,0,0,0,2,"CS",2,1
"19-09-30_YC017_probe1","19-09-30_YC017",141,1.58,23.9,0,2.942,0.56,1,0.102,7.219,0.781,0.725,0.661,0.928,0.647,2.664,0.065,0.76,0.167944975,0.219174708,0.434605193,0.534792127,0.499375,0.8,0.463341485,0.47,-0.023559265,0.007982099,-0.014433838,0.049937499,0.449437487,0.249687493,0.499,-5.388295208,2.097663205,-0.793471821,0.225624123,3,NA,2,"Complex Spike",0,0,0,0,0,2,"CS",2,1
"19-09-30_YC017_probe1","19-09-30_YC017",186,1.4,19.85,0,2.919,0.592,1,0.098,7.079,0.869,0.856,0.73,1.057,0.766,2.944,0.08,0.93,0.168908349,0.331507359,0.280164924,0.341172016,0.206094,0.77,0.364933197,0.4,-0.021195006,0.027625041,0.080903079,0.0206094,0.185484597,0.103046998,0.206,-0.507112129,2.241141368,-0.810173224,-0.818924549,3,NA,2,"Complex Spike",0,0,0,0,0,2,"CS",2,1
"19-09-30_YC017_probe1","19-09-30_YC017",305,1.48,21.74,0,2.522,0.604,2,0.128,7.19,0.77,0.727,0.62,0.898,0.615,2.365,0.06,0.724,0.069149449,0.161221509,0.061588725,0.091421958,0.7423897,0.27,0.32257197,0.1,-0.022669265,-0.010707454,0.059604084,0.074238968,0.668150711,0.371194839,0.742,-8.548663082,8.549550487,-2.374024225,0.197970147,3,NA,2,"Complex Spike",0,0,0,0,0,2,"CS",2,1
"19-09-30_YC017_probe1","19-09-30_YC017",539,1.2,14.24,0,2.446,0.686,2,0.117,7.014,0.836,0.804,0.732,1.016,0.729,2.443,0.076,1.049,0.111932466,0.142858134,0.307472407,0.438060118,0.3247177,0.73,0.465536241,0.4,-0.013907021,0.10670485,-0.025438303,0.03247177,0.29224593,0.16235885,0.325,-2.300634576,2.073926943,-0.491232186,0.296843928,3,NA,2,"Complex Spike",0,0,0,0,0,2,"CS",2,1
"19-09-30_YC018_probe1","19-09-30_YC018",20,1.56,22.21,0,2.587,0.565,4,0.129,7.233,0.78,0.766,0.621,0.904,0.621,2.436,0.06,0.707,0.646603233,0.716718099,0.37950451,0.441438838,0.21910515,1.3,0.626626251,0.46,-0.011751439,0.012728284,0.03196802,0.021910515,0.197194639,0.109552577,0.219,-2.362045463,1.911527481,-0.459683,0.227381567,3,NA,2,"Complex Spike",0,0,0,0,0,2,"CS",2,1
"19-09-30_YC018_probe1","19-09-30_YC018",22,1.39,26.81,0,2.304,0.635,2,0.14,7.045,0.798,0.752,0.659,0.933,0.647,2.245,0.063,0.914,0.165,0.108945892,0.12025271,0.207547824,0.45615536,0.33,0.17,0.43,0.01363522,-0.08443391,-0.006301791,0.045615536,0.410539824,0.22807768,0.456,-5.529494144,2.114590557,-1.314840561,0.204530211,3,NA,2,"Complex Spike",0,0,0,0,0,2,"CS",2,1
"19-09-30_YC018_probe1","19-09-30_YC018",400,1.08,16.39,0,2.819,0.766,1,0.103,7.108,0.908,0.885,0.735,1.145,0.836,2.915,0.094,0.752,0.294330042,0.383345786,0.542604959,0.654611451,0.5047462,1.13,0.431162486,0.57,-0.04571006,-0.044152636,-0.023755367,0.05047462,0.454271579,0.252373099,0.505,-2.847364883,1.460472798,-1.400026883,0.158682515,3,NA,2,"Complex Spike",0,0,0,0,0,2,"CS",2,1
"19-09-30_YC018_probe1","19-09-30_YC018",472,1.15,17.31,0,5.921,0.765,2,0.088,7.133,0.874,0.829,0.712,1.158,0.806,3.309,0.102,0.778,0.25,0.123990249,0.2628401,0.327448632,0.46031144,0.5,0.13,0.47,0.010329003,-0.005333051,-0.067385151,0.046031144,0.414280298,0.230155721,0.46,-2.866740446,1.898300633,-1.169891903,0.250527324,3,NA,2,"Complex Spike",0,0,0,0,0,2,"CS",2,1
"19-09-30_YC018_probe1","19-09-30_YC018",6,1.23,26.27,0,2.154,0.709,1,0.149,7.176,0.779,0.718,0.649,0.913,0.634,2.099,0.062,0.754,0.291871869,0.343785941,0.472514635,0.559089458,0.26501182,1,0.472447825,0.47,-0.015741408,-4.26e-07,0.007550008,0.026501182,0.238510635,0.132505909,0.265,-2.405000694,1.391049579,-0.561790254,0.224126334,3,NA,2,"Complex Spike",0,0,0,0,0,2,"CS",2,1
"19-10-22_YC022_probe1","19-10-22_YC022",203,1.02,16.97,0,2.308,0.799,1,0.117,7.03,0.843,0.796,0.746,1.03,0.736,2.414,0.078,0.979,0.069039305,0.152542224,0.085510367,0.123275179,0.5351969,0.3,0.374697995,0.17,-0.041884366,0.07726707,0.038648147,0.05351969,0.48167721,0.26759845,0.535,-6.778147059,6.696484614,-1.219207262,0.273780072,3,NA,2,"Complex Spike",0,0,0,0,0,2,"CS",2,1
"19-10-22_YC022_probe1","19-10-22_YC022",949,0.46,14.82,0,4.93,1.474,0,0.038,6.308,1.121,1.177,1.031,1.661,1.191,3.55,0.175,1.552,0.111465024,0.14836577,0.165335756,0.195368861,0.6279725,0.37,0.341556027,0.23,-0.027181432,0.06105243,0.004486251,0.062797248,0.565175235,0.313986242,0.628,-6.961099383,5.015467964,-1.488995822,0.232531352,3,NA,2,"Complex Spike",0,0,0,0,0,2,"CS",2,2
"19-10-23_YC022_probe1","19-10-23_YC022",241,0.33,15.2,0,1.333,1.911,2,0.205,6.354,0.974,1.01,0.977,1.292,0.959,1.951,0.117,1.437,0.046637774,0.093050254,0.101692524,0.145351837,0.29814592,0.26,0.340656562,0.17,-0.051801886,0.08811426,0.018655104,0.029814592,0.268331328,0.14907296,0.298,-5.890151653,6.269367257,-0.614211185,0.389266067,3,NA,2,"Complex Spike",0,0,0,0,0,2,"CS",2,2
"19-11-05_YC037_probe1","19-11-05_YC037",30,0.54,12.15,0,2.549,1.055,2,0.088,6.233,0.996,1.013,1.091,1.323,0.983,2.871,0.12,1.773,0.052954667,0.09041565,0.077608101,0.095285876,0.606535,0.2,0.275369883,0.14,-0.053854316,0.03174554,0.001455568,0.060653502,0.545881516,0.303267509,0.607,-7.00980164,9.607739034,-1.547375391,0.208081152,3,NA,2,"Complex Spike",0,0,0,0,0,2,"CS",2,2
"19-11-05_YC037_probe1","19-11-05_YC037",586,0.56,17.69,0,6.157,0.727,0,0.029,5.115,1.048,1.114,1.612,1.484,1.097,5.37,0.148,3.104,0.051797164,0.114905733,0.049050287,0.064982809,0.5865466,0.2,0.185032272,0.029428702,0.004853527,0.029671742,0.041294539,0.05865466,0.52789194,0.2932733,0.587,-22.44003444,13.40056299,-2.21182579,0.093782455,3,NA,2,"Complex Spike",0,0,0,0,0,2,"CS",2,2
"19-11-05_YC037_probe1","19-11-05_YC037",588,0.71,13.61,0,17.506,0.931,0,0.063,5.834,1.033,1.009,1.081,1.569,1.071,4.224,0.169,2.401,0.088017348,0.136848913,0.094804601,0.135560704,0.599251,0.3,0.3,0.13,0.005668591,0.03229072,0.008700727,0.059925097,0.539325875,0.299625486,0.599,-11.74982887,6.948215276,-2.523959902,0.064814299,3,NA,2,"Complex Spike",0,0,0,0,0,2,"CS",2,2
"19-11-04_YC037_probe1","19-11-04_YC037",126,1.16,18.3,0,2.259,0.697,3,0.146,6.979,0.827,0.786,0.715,0.99,0.698,2.276,0.072,0.934,0.087326726,0.162535148,0.085204698,0.112145597,0.6943179,0.3,0.395765913,0.17,-0.036794517,0.023924666,0.027237852,0.069431788,0.62488609,0.347158939,0.694,-7.973485086,6.846742259,-0.819835821,0.429450063,3,NA,2,"Complex Spike",0,0,0,0,0,2,"CS",2,1
"19-11-04_YC036_probe1","19-11-04_YC036",63,13.35,12.73,0,0.273,3.92,18,2.275,2.807,0.731,0.791,0.494,0.782,0.455,0.616,0.037,1.057,0.064235394,0.088954528,0.081892047,0.089070676,0.19257541,0.2,0.277008651,0.1,-0.010968773,0.010412859,0.001317533,0.019257541,0.173317869,0.096287705,0.193,-10.48979308,9.625224239,-0.513976674,0.222794344,3,NA,2,"Complex Spike",0,0,0,0,0,2,"CS",2,2
"19-11-04_YC036_probe1","19-11-04_YC036",64,0.58,10.61,0,3.503,0.996,2,0.071,6.273,1.038,1.056,1.083,1.418,1.05,3.378,0.134,1.758,0.045476766,0.088215229,0.082797193,0.09290183,0.2762463,0.2,0.204199249,0.14,-0.012949785,0.014311972,0.004100919,0.027624631,0.248621678,0.138123155,0.276,-10.41991433,7.665082411,-0.981266024,0.129944008,3,NA,2,"Complex Spike",0,0,0,0,0,2,"CS",2,2
"19-11-04_YC036_probe1","19-11-04_YC036",86,0.05,11.43,0,2.62,1.011,1,0.096,5.024,0.956,0.922,1.517,1.255,0.911,2.561,0.11,2.776,0.2,0.258838646,0.086644726,0.127214701,0.88990825,0.4,0.2,0.23,0.042813454,-0.06727829,0.118980042,0.088990825,0.800917429,0.444954127,0.89,-4.902977311,8.197510998,0,0.062923373,3,NA,2,"Complex Spike",0,0,0,0,0,2,"CS",2,2
"19-11-11_YC040_probe1","19-11-11_YC040",25,0.27,10.16,0,2.733,0.986,0,0.087,3.859,1.095,1.128,2.144,1.599,1.156,2.794,0.166,6.06,0.046267475,0.079534645,0.072029206,0.079611076,0.42146435,0.17,0.112267022,0.06,-0.020053992,0.025067488,-0.000987322,0.042146435,0.379317918,0.210732177,0.421,-13.93663066,11.2091211,-1.938400958,-0.847415652,3,NA,2,"Complex Spike",0,0,0,0,0,2,"CS",2,2
"18-08-31_YC003_probe1","18-08-31_YC003",246,1.44,20.43,0,12.75,0.58,1,0.074,7.16,0.91,0.865,0.739,1.265,0.854,4.457,0.12,0.831,0.455811278,0.478787882,0.375292333,0.472388006,2.605846,1.07,0.4,0.7,0.19694777,-0.43939003,-0.019368346,0.260584593,2.345261335,1.302922964,2.606,-3.42678856,0.273661365,0,0.27219979,3,NA,2,"Complex Spike",0,0,1,0,0,2,"CS",2,1
